transition_id,time_step,stock_flow,filler_flow,machine_speed,steam_pressure,retention_aid_flow,headbox_pressure,target_basis_weight,actual_basis_weight,bw_deviation_pct,at_risk_2_5pct
0,0,1000.0,150.0,900.0,4.5,1.8951900318890957,1.51875,80.10039276386428,70.93319774650465,11.44463179398445,1
0,1,1000.0113597783277,149.98143531063855,899.9972736532013,4.515751886223322,1.9090222938914385,1.51875,80.1090538719454,70.68728537223825,11.761178099504065,1
0,2,1000.0246783859607,149.95747391751925,899.9940771873694,4.531507690105255,1.878308592051745,1.51875,80.11845625261128,70.66673348220738,11.797185333430393,1
0,3,1000.0402069628768,149.9310421086366,899.9903503289096,4.5472679139257535,1.8703303314403659,1.51875,80.12866228120568,70.04936399736619,12.578892492260675,1
0,4,1000.0582247459066,149.90294750705905,899.9860260609825,4.56303311615848,1.907819381843246,1.51875,80.139739390176,71.10963586906252,11.267947200512673,1
0,5,1000.0790418982419,149.8736250804092,899.981029944422,4.578803917129817,1.8583344682429908,1.51875,80.15176044462463,70.69852887014488,11.794165869894782,1
0,6,1000.1030025871618,149.8433630481283,899.9752793790811,4.594581005174324,1.8739638514529247,1.51875,80.1648041394589,70.63054743855687,11.893320021484401,1
0,7,1000.1304883257471,149.81237686803465,899.9686828018207,4.610365143318161,1.8460195750737833,1.51875,80.17895541816755,70.63276667863461,11.906102654674758,1
0,8,1000.1619215941337,149.78084160882622,899.9611388174079,4.626157176521601,1.9007663975335602,1.51875,80.19430591296044,71.63601378894086,10.671944880112063,1
0,9,1000.1977697552957,149.7489087212317,899.9525352587291,4.641958039510591,1.8966966486329,1.51875,80.21095440564868,70.90472589724776,11.602191467934396,1
0,10,1000.2385492793809,149.7167158111052,899.9427481729485,4.657768765225429,1.878503274953459,1.51875,80.22900730820561,70.67701105886458,11.905913546513592,1
0,11,1000.2848302891283,149.6843928799335,899.9316407306092,4.67359049391159,1.9077607846162408,1.51875,80.24857916142108,70.97186849046129,11.55996874698499,1
0,12,1000.3372414367892,149.65206662775424,899.9190620551706,4.689424482873578,1.8761007933898153,1.51875,80.26979314943138,70.55736826580049,12.099725815351363,1
0,13,1000.3964751201125,149.619863627726,899.904845971173,4.705272116906892,1.8855768804673576,1.51875,80.29278162716005,70.71652320438022,11.926674140207567,1
0,14,1000.4632930412046,149.5879128147412,899.8888096701108,4.721134919415743,1.8887014309489054,1.51875,80.31768665682601,70.81615179370282,11.829940899219965,1
0,15,1000.5385321072662,149.55634754451367,899.8707522942561,4.737014564214532,1.8965989664604306,1.51875,80.34466054865038,70.51837865167788,12.230161693224757,1
0,16,1000.6231106661778,149.52530737877294,899.8504534401173,4.752912887999022,1.9106518334824614,1.51875,80.37386639970671,71.75008077041355,10.729589125906024,1
0,17,1000.7180350624399,149.49493969432487,899.8276715850144,4.768831903458214,1.9126847826809543,1.51875,80.40547862349548,70.992144165793,11.707329673119807,1
0,18,1000.8244064898819,149.4654011787258,899.8021424424284,4.784773812979764,1.9064472089742803,1.51875,80.43968346127035,70.62818262791632,12.197338939154353,1
0,19,1000.9434281066021,149.43685925302245,899.7735772544155,4.800741022879871,1.8571461039245702,1.51875,80.47667946438845,71.13403514406326,11.609132462354369,1
0,20,1001.0764123645691,149.40949344702165,899.7416610325034,4.816736158062471,1.8780491549620488,1.51875,80.51667793499317,70.52632929681242,12.407800339510612,1
0,21,1001.2247884909792,149.38349674185605,899.706050762165,4.832762076981958,1.871200162874366,1.51875,80.55990331016194,70.59872656212757,12.364931360062666,1
0,22,1001.3901100406189,149.35907688644596,899.6663735902515,4.8488218867479045,1.8915005658478685,1.51875,80.60659347227005,71.14329844962373,11.7401004247895,1
0,23,1001.5740624179354,149.33645768777245,899.6222250196955,4.864918958169204,1.9065669573871753,1.51875,80.65699996574692,71.26518230735611,11.644144540931704,1
0,24,1001.7784702441587,149.31588026900755,899.5731671414019,4.8810569404883175,1.9039119441402028,1.51875,80.7113880976635,70.95057643985538,12.093475143801527,1
0,25,1002.0053044185671,149.29760428408625,899.5187269395439,4.897239775503801,1.8763424402956088,1.51875,80.77003689672975,70.55816581396097,12.64314277313676,1
0,26,1002.256688693903,149.28190907198453,899.4583947134632,4.913471710721139,1.9108049277110044,1.51875,80.83323890236417,71.00696439284569,12.156230089193036,1
0,27,1002.5349055542159,149.26909472863048,899.3916226669882,4.929757311108432,1.880604322021582,1.51875,80.90129975261011,71.41450332126468,11.72638321059776,1
0,28,1002.842401149379,149.25948306894065,899.317823724149,4.946101468965424,1.8708478294061945,1.51875,80.97453753692996,71.33026556145455,11.91025261623378,1
0,29,1003.1817890048219,149.2534184459235,899.2363706388427,4.962509411342977,1.8947432158818875,1.51875,81.05328187745829,70.81744801692568,12.62852487084708,1
0,30,1003.5558521884958,149.2512683881691,899.146595474761,4.978986704376991,1.8872959132947444,1.51875,81.13787270031865,71.44763836133393,11.942923836289667,1
0,31,1003.9675435809611,149.25342401144866,899.0477895405694,4.995539253828589,1.9047238974732268,1.51875,81.22865865732987,71.65455026364775,11.786613926583879,1
0,32,1004.4199838603529,149.2603001547431,898.9392038735153,5.012173301054039,1.8955756132351744,1.51875,81.32599515810588,72.25011356939076,11.159877688641494,1
0,33,1004.9164567838603,149.2723351860339,898.8200503718735,5.028895413567721,1.8704041720939606,1.51875,81.43024197348664,71.1424061370912,12.633925169650265,1
0,34,1005.460401323729,149.289990418915,898.689503682305,5.045712469314124,1.8875947064458132,1.51875,81.54176037375878,70.89802782585049,13.053106161948374,1
0,35,1006.0554002016139,149.31374907789197,898.5467039516127,5.0626316337365616,1.9096618205420965,1.51875,81.66090976958553,71.66478136240111,12.241020134835011,1
0,36,1006.7051643637441,149.34411474855037,898.3907605527014,5.079660328727488,1.889191994816551,1.51875,81.78804383033176,71.27427922574203,12.854891879307436,1
0,37,1007.4135129545675,149.3816092490971,898.2207568909038,5.0968061925758015,1.4589109107790212,1.51875,81.92350606388779,70.91604542167032,13.43626655044931,1
0,38,1008.184348382293,149.42676986264115,898.0357563882496,5.11407703009792,1.5036862138707325,1.51875,82.06762485447403,71.1929736767883,13.250841847767802,1
0,39,1009.0216261300561,149.48014587554462,897.8348097287866,5.131480752260112,1.4802746123145134,1.51875,82.22070797047535,71.46219746147851,13.084915922713913,1
0,40,1009.9293190550571,149.54229437678754,897.6169634267862,5.149025304776781,1.5119757212539484,1.51875,82.38303657321373,71.49437890281499,13.217111341510218,1
0,41,1010.9113760381214,149.61377528704253,897.3812697508508,5.166718585409576,1.4951022461125714,1.51875,82.55485877965769,71.90203145125884,12.903937437324785,1
0,42,1011.9716749997921,149.6951456044196,897.1267980000499,5.1845683499995845,1.4923230540744046,1.51875,82.73638285709535,71.4891515362483,13.594057333003775,1
0,43,1013.1139704868674,149.78695287681768,896.8526470831519,5.202582107640401,1.5022744982507874,1.51875,82.9277701552076,71.61390359719405,13.643037232085842,1
0,44,1014.3418362536655,149.88972793844587,896.5579592991203,5.220767005840664,1.4814554737126526,1.51875,83.12912790989067,72.1649852892947,13.189291041860498,1
0,45,1015.6586035111545,150.00397697997158,896.2419351573229,5.239129707022309,1.4829729347787954,1.51875,83.34050208237963,71.10409851384148,14.682421227127751,1
0,46,1017.067295787218,150.13017305714283,895.9038490110677,5.257676258241102,1.4957223470730832,1.51875,83.56187042515853,71.91699716558175,13.93563021067894,1
0,47,1018.5705616223102,150.26874718039863,895.5430652106455,5.276411956577954,1.483029251065909,1.51875,83.79313599093996,72.29466231744378,13.722452964094145,1
0,48,1020.1706066027497,150.42007916625542,895.15905441534,5.295341213205499,1.4854907700282867,1.51875,84.03412132054993,72.36721482611401,13.88353482025743,1
0,49,1021.869126492091,150.58448846802978,894.7514096418981,5.314467419650849,1.4483656895313932,1.51875,84.28456355763416,72.14097029500505,14.407849729595226,1
0,50,1023.6672434402025,150.76222523625037,894.3198615743514,5.333792820213739,1.5168911629684938,1.51875,84.54411074051889,72.632992279019,14.088643617125799,1
0,51,1025.5654474094608,150.95346188522493,893.8642926217294,5.353318394818922,1.4553418957555035,1.51875,84.8123195123691,72.43647341469328,14.59203824259389,1
0,52,1027.5635450377774,151.1582854588995,893.3847491909335,5.373043756742222,1.4689602646072442,1.51875,85.08865446851274,72.97782213661782,14.233192906319337,1
0,53,1029.6606181410893,151.37669109382335,892.8814516461385,5.392967069615512,1.4801598025843477,1.51875,85.37248932366903,72.94533528852682,14.556391799737355,1
0,54,1031.8549939298434,151.60857686760363,892.3548014568375,5.413084987859687,1.488890734283936,1.51875,85.66311003197218,73.48931658124108,14.211243843688903,1
0,55,1034.1442287674734,151.8537402963443,891.8053850958064,5.4333926242016135,1.48363141530053,1.51875,85.95971993032262,73.37400146639209,14.641413994987754,1
0,56,1036.5251069345475,152.1118767038256,891.2339743357086,5.4538835472024285,1.4803820237885101,1.51875,86.26144690306528,73.85885184863929,14.377912149286315,1
0,57,1038.9936553898585,152.3825796293906,890.641522706434,5.474549810779717,1.4886643851964165,1.51875,86.56735248671302,74.2149466316947,14.269127448381022,1
0,58,1041.5451749584774,152.6653433727046,890.0291580099654,5.495382016583622,1.4658161366454208,1.51875,86.876442751748,73.96284951343225,14.864320901371075,1
0,59,1044.1742877547003,152.95956769499566,889.3981709388719,5.516369408842734,1.504274805313093,1.51875,87.18768071940886,74.22193327581438,14.871077354748552,1
0,60,1046.875,153.26456461236046,888.75,5.5375,1.5164923025739614,1.51875,87.5,75.13686513846397,14.1292969846126,1
0,61,1049.6407787620897,153.57956713223567,888.0862130970985,5.558760724190845,1.516658503265146,1.51875,87.81231928059114,74.70051548023979,14.93162224591124,1
0,62,1052.4646405616274,153.9037397045071,887.4084862652094,5.580137614456588,1.4903498871669993,1.51875,88.123557248252,75.05052189619327,14.834892916579395,1
0,63,1055.3392493059457,154.2361900891024,886.718580166573,5.601615998611892,1.507275240362147,1.51875,88.43264751328698,75.98394499561152,14.077043792910354,1
0,64,1058.2570206462315,154.5759822867871,886.0183150449044,5.623180707959129,1.5062837765080155,1.51875,88.73855309693472,75.73810109464635,14.650286204336863,1
0,65,1061.2102296384405,154.92215014268837,885.3095448867742,5.644816292610215,1.4815012022586571,1.51875,89.04028006967738,76.17807946046423,14.445373036953601,1
0,66,1064.1911185301913,155.27371121485405,884.5941315527541,5.666507237060383,1.4643545174618018,1.51875,89.33688996802782,76.40130408712379,14.479556973086325,1
0,67,1067.1920015952264,155.6296805034324,883.8739196171456,5.68823816985712,1.4705181695700824,1.51875,89.62751067633097,76.70452474807692,14.418548312607305,1
0,68,1070.2053641813682,155.98908365879464,883.1507125964716,5.70999406169607,1.4855932406580465,1.51875,89.91134553148726,76.68855060412129,14.706480977681844,1
0,69,1073.223953504847,156.35096932672695,882.4262511588367,5.731760407009694,1.471101740718731,1.51875,90.1876804876309,76.96195040901401,14.664674828210911,1
0,70,1076.2408591837166,156.7144203422088,881.7021937959081,5.7535233850341,1.4999344241659873,1.51875,90.45588925948111,77.68103417466027,14.122745560739538,1
0,71,1079.249582021664,157.07856354609933,880.9801003148007,5.775269997376661,1.4993409514220017,1.51875,90.71543644236584,78.05210650404311,13.959399232310496,1
0,72,1082.2440900958754,157.4425780668185,880.2614183769899,5.796988180191751,1.5395952425206945,1.51875,90.96587867945007,77.85248309601879,14.415730132878613,1
0,73,1085.2188617355607,157.80570197749992,879.5474731834654,5.818666890137788,1.4846946538533978,1.51875,91.20686400906004,77.7472179242504,14.75727318447504,1
0,74,1088.1689154727364,158.16723730423416,878.8394602865433,5.840296164278806,1.5126265333175808,1.51875,91.43812957484147,78.86288284132092,13.752738372921106,1
0,75,1091.0898274814092,158.5265534197443,878.1384414044618,5.861867154962818,1.4714690650743167,1.51875,91.65949791762037,78.89466746947811,13.926358684197403,1
0,76,1093.9777373800323,158.8830889068333,877.4453430287923,5.883372141426731,1.5131534041349102,1.51875,91.87087209010933,79.07722750647777,13.925681004838209,1
0,77,1096.8293435467724,159.23635201580876,876.7609575487746,5.904804520426879,1.5057600168468408,1.51875,92.0722298447924,79.31955653547526,13.850727120234327,1
0,78,1099.6418892861004,159.58591986927428,876.085946571336,5.9261587785722005,1.464474890348123,1.51875,92.26361714290465,79.80935479283703,13.498562852546254,1
0,79,1102.4131412924003,159.9314365863889,875.420846089824,5.947430449251467,1.515314101425592,1.51875,92.44514122034231,80.0126129447568,13.448547010115625,1
0,80,1105.1413618898857,160.27261050773137,874.7660731464275,5.968616057113104,1.4697220429560796,1.51875,92.61696342678627,79.78386636822684,13.856097828886387,1
0,81,1107.8252764991144,160.60921070249296,874.1219336402125,5.989713052998229,1.4662034271328972,1.51875,92.77929202952465,80.48708450780941,13.24886971308593,1
0,82,1110.4640377013677,160.94106293334363,873.4886309516718,6.010719742069402,1.514179778643386,1.51875,92.93237514552597,80.66766261827513,13.197459451612106,1
0,83,1113.0571871559703,161.26804524254516,872.8662750825672,6.031635207645274,1.5076226998945481,1.51875,93.07649393611221,80.51672117383428,13.494032951970633,1
0,84,1115.604616484597,161.59008330728705,872.2548920436967,6.052459232969194,1.8917292252438742,1.51875,93.21195616966824,80.91135028315682,13.196382086565537,1
0,85,1118.1065280817947,161.907145694222,871.6544332603693,6.073192222830256,1.873376373205443,1.51875,93.33909023041448,81.80531641465417,12.356852619077745,1
0,86,1120.5633966517444,162.21923912403756,871.0647848035813,6.093835126636822,1.884020098031432,1.51875,93.45823962624122,82.14322868077103,12.107023405021595,1
0,87,1122.9759321152774,162.52640383765055,870.4857762923334,6.114389364230554,1.899571188269148,1.51875,93.56975802651336,82.83951624142736,11.467638702288339,1
0,88,1125.3450443840293,162.82870913706034,869.917189347833,6.1348567554347255,1.890687296798347,1.51875,93.67400484189412,81.81271494487768,12.662306812905335,1
0,89,1127.6718103643377,163.12624915663773,869.358765512559,6.155239454062009,1.888121395073412,1.51875,93.77134134267013,82.16253851192812,12.379904845681764,1
0,90,1129.9574434345127,163.4191389050455,868.810213575717,6.175539886869025,1.9083555882115695,1.51875,93.86212729968135,82.6954888665378,11.896852068450249,1
0,91,1132.2032655365933,163.70751060431212,868.2712162712176,6.195760697739853,1.8860665518533517,1.51875,93.94671812254171,82.83960367067026,11.822780692970685,1
0,92,1134.4106819377546,163.9915103408892,867.741436334939,6.215904697208843,1.9036188045542628,1.51875,94.02546246307004,82.96356103648371,11.764793425962743,1
0,93,1136.5811586465895,164.2712950337961,867.2205219248185,6.2359748172931795,1.9043529840933802,1.51875,94.09870024738989,83.61873351650947,11.137206681206113,1
0,94,1138.7162024143508,164.5470297170897,866.7081114205558,6.255974071495368,1.8819691539432004,1.51875,94.16676109763583,83.21140738195524,11.63399227920948,1
0,95,1140.8173432094452,164.81888512773588,866.2038376297331,6.275905519752224,1.8785526818425957,1.51875,94.22996310327025,83.89861196370903,10.963976636856682,1
0,96,1142.8861190233652,165.08703558532184,865.7073314343924,6.29577223804673,1.89066156562633,1.51875,94.2886119023365,84.08053968708182,10.826410538133837,1
0,97,1144.9240628460989,165.35165714673235,865.2182249169363,6.3155772923588644,1.9240707376413726,1.51875,94.34300003425308,84.18107696961617,10.77125283375282,1
0,98,1146.9326916372434,165.61292601671744,864.7361540070616,6.33532371660782,1.8726332503675007,1.51875,94.39340652772995,84.57884437992475,10.397508161676505,1
0,99,1148.9134971139551,165.87101719401653,864.2607606926508,6.35501449422791,1.8898392053849007,1.51875,94.44009668983806,84.72565595811018,10.286351954543445,1
0,100,1150.8679381771544,166.12610333219004,863.791694837483,6.374652543020976,1.9101359590772629,1.51875,94.48332206500683,84.37869045411915,10.6946193148622,1
0,101,1152.7974348017465,166.37835379439187,863.3286156475808,6.394240702936826,1.9164520802787468,1.51875,94.52332053561155,85.12703765789622,9.940703335929978,1
0,102,1154.7033632240027,166.62793388184843,862.8711928262394,6.413781726448005,1.8767339007456174,1.51875,94.56031653872965,85.09706232384639,10.007638046566122,1
0,103,1156.5870522687462,166.87500421667679,862.4191074555009,6.433278271204159,1.8939561380149101,1.51875,94.59452137650452,85.20675199820775,9.924221024314534,1
0,104,1158.449780669844,167.1197202607727,861.9720526392374,6.452732894673021,1.9062502679715558,1.51875,94.62613360029329,85.81886378772518,9.307439158161705,1
0,105,1160.2927752491364,167.36223195374993,861.5297339402073,6.472148050498273,1.8889581156501207,1.51875,94.65533945134962,85.94963037902949,9.197272042740536,1
0,106,1162.1172098308796,167.60268345424151,861.0918696405889,6.491526086328426,1.9085760404053902,1.51875,94.68231334317399,85.81069273482012,9.369881549259224,1
0,107,1163.924204780612,167.8412129702401,860.6581908526531,6.510869242894557,1.8923356066363544,1.51875,94.70721837283995,85.5556886861579,9.662969564426065,1
0,108,1165.7148270688972,168.0779526655065,860.2284415034648,6.530179654137795,1.8587966203311646,1.51875,94.73020685056862,86.09618166868461,9.11433160438854,1
0,109,1167.490090771365,168.31302863039312,859.8023782148724,6.549459348209396,1.8716934098387208,1.51875,94.75142083857892,86.21584322590212,9.008390098147704,1
0,110,1169.2509579268105,168.54656090668266,859.3797700975654,6.568710249186955,1.8781187333583067,1.51875,94.77099269179439,85.86584979526087,9.396485827149679,1
0,111,1170.9983396846872,168.7786635572262,858.9603984756751,6.587934179369375,1.8959580790340407,1.51875,94.78904559435132,86.46070171843232,8.786188133552963,1
0,112,1172.7330976821283,169.00944477226074,858.5440565562892,6.607132862030923,1.8904159624461243,1.51875,94.80569408703957,86.48002872857164,8.781819951472821,1
0,113,1174.4560455986527,169.23900700529765,858.1305490563233,6.626307924530639,1.8821156432474133,1.51875,94.82104458183245,87.37579734487535,7.851893289924374,1
0,114,1176.1679508439256,169.4674471323955,857.7196917974578,6.645460901687851,1.8913830081967298,1.51875,94.8351958605411,87.2454214879013,8.003119837281584,1
0,115,1177.869536340434,169.69485662946406,857.3113112782959,6.664593239347535,1.8633945520577873,1.51875,94.84823955537536,87.93947976903529,7.28401477847833,1
0,116,1179.5614823687067,169.92132176299629,856.9052442315104,6.683706298070748,1.9256802633617187,1.51875,94.860260609824,87.84546240831587,7.394875532085199,1
0,117,1181.2444284478058,170.14692379029503,856.5013371725266,6.702801356895612,1.9053873077474055,1.51875,94.87133771879432,87.58785721894237,7.67721914224581,1
0,118,1182.9189752283196,170.37173916585562,856.0994459452033,6.721879617123307,1.8976534685326427,1.51875,94.88154374738872,88.0539886041811,7.19587274147352,1
0,119,1184.5856863790102,170.59583975109044,855.6994352690376,6.740942206091354,1.876240593245794,1.51875,94.8909461280546,87.75094963335519,7.524423336515198,1
1,0,1000.0,150.0,900.0,4.5,1.843186509670556,1.51875,79.93307149075716,71.0676090993208,11.09110687991201,1
1,1,999.9924268144482,149.98038879710452,900.0018175645324,4.5157140202955635,1.8090808359498312,1.51875,79.92729741870306,70.67958253869962,11.570158354734348,1
1,2,999.9835477426928,149.95486237113536,900.0039485417537,4.531425428818719,1.8235878578677276,1.51875,79.92102916492581,70.59475998239714,11.669355712728494,1
1,3,999.9731953580822,149.92642786510186,900.0064331140603,4.5471338907161645,1.8683958488965686,1.51875,79.91422514586289,70.94719049934614,11.220824115043014,1
1,4,999.9611835027289,149.89586976725658,900.009315959345,4.562839033672124,1.8078690850042458,1.51875,79.90684040654934,71.05157826968984,11.081982583475666,1
1,5,999.947305401172,149.86357831284204,900.0126467037187,4.578540444135677,1.8755298880311995,1.51875,79.89882637025025,71.13886913018328,10.963812158483313,1
1,6,999.9313316085588,149.82978449875458,900.0164804139459,4.594237663217117,1.8026993647718665,1.51875,79.89013057369407,70.6241921029861,11.598351891740455,1
1,7,999.9130077828352,149.79463635155156,900.0208781321196,4.609930182232337,1.8584249870746792,1.51875,79.88069638788829,70.60013281070452,11.618030383859939,1
1,8,999.8920522705776,149.75823175468074,900.0259074550614,4.625617437874489,1.8419631526538713,1.51875,79.87046272469304,71.02981413489356,11.068733406832107,1
1,9,999.8681534964696,149.7206349740329,900.0316431608474,4.641298806992939,1.8145481546593851,1.51875,79.85936372956755,70.75553560440443,11.399825518259759,1
1,10,999.8409671470795,149.68188584101887,900.0381678847009,4.656973600960826,1.7682614172895652,1.51875,79.84732846119626,70.42666014849674,11.798351296471642,1
1,11,999.8101131405812,149.64200519473914,900.0455728462605,4.672641059614495,1.8280354010630835,1.51875,79.83428055905262,70.40475125801531,11.81137881497207,1
1,12,999.7751723754739,149.600998237017,900.0539586298863,4.688300344750948,1.8657349901695794,1.51875,79.82013790037908,70.3771352341911,11.830351230379337,1
1,13,999.7356832532582,149.5588566371245,900.063436019218,4.703950533173184,1.824285874357007,1.51875,79.80481224855997,70.80877295796778,11.272552415226716,1
1,14,999.6911379725303,149.5155598424774,900.0741268865927,4.719590609278394,1.861912229872269,1.51875,79.78820889544933,70.36498175617872,11.810300381123175,1
1,15,999.6409785951558,149.4710758594245,900.0861651371625,4.735219457190312,1.856350039134046,1.51875,79.77022630089975,70.7899562437162,11.257671531868594,1
1,16,999.5845928892147,149.4253616648737,900.0996977065885,4.750835852445096,1.8134565910699878,1.51875,79.75075573352886,70.88625171372382,11.115260210729538,1
1,17,999.5213099583734,149.37836335099334,900.1148856099904,4.76643845325008,1.837067958002416,1.51875,79.72968091766968,70.58088837907779,11.47476376838771,1
1,18,999.4503956734121,149.33001607080485,900.1319050383811,4.7820257913468245,1.8344828057907472,1.51875,79.70687769248644,70.63706509870345,11.378958574660066,1
1,19,999.3710479289318,149.28024383164734,900.1509484970563,4.7975962625245305,1.8353571109959717,1.51875,79.68221369040769,70.94503151858757,10.965034437631246,1
1,20,999.282391756954,149.2289591706996,900.1722259783311,4.813148116847241,1.8648071004138538,1.51875,79.65554804333789,70.39082447113869,11.630983402635783,1
1,21,999.1834743393472,149.17606273890874,900.1959661585566,4.828679448678694,1.875747431584072,1.51875,79.62673112655871,70.17661145127644,11.868024144131006,1
1,22,999.0732599729208,149.12144281504047,900.222417606499,4.8441881866125085,1.830051062190235,1.51875,79.59560435181997,70.89250108502345,10.934150620087,1
1,23,998.9506250547098,149.06497476908666,900.2518499868696,4.859672083442753,1.8387066014456475,1.51875,79.56200002283539,70.52535610069138,11.357989894108202,1
1,24,998.8143531705608,149.00652049330623,900.2845552390654,4.875128706341122,1.8289243190838012,1.51875,79.52574126822434,70.54447928028549,11.293528164229064,1
1,25,998.663130387622,148.94592781933633,900.3208487069708,4.89055542744191,1.8212994689520625,1.51875,79.48664206884683,70.9278885178818,10.767536944826437,1
1,26,998.4955408707314,148.88302994083017,900.3610701910245,4.905949415074796,1.8402270738102477,1.51875,79.44450739842388,70.46557015565863,11.302149810980376,1
1,27,998.310062963856,148.8176448627732,900.4055848886745,4.921307625927712,1.8510787615996118,1.51875,79.39913349825993,70.7580390255815,10.883109288425429,1
1,28,998.1050659004139,148.74957490086192,900.4547841839006,4.936626798467494,1.849344006467726,1.51875,79.35030830871337,70.83536391831841,10.730827103112771,1
1,29,997.8788073301188,148.67860625697983,900.5090862407715,4.951903447993571,1.8165068638725053,1.51875,79.29781208169447,70.43230197275201,11.18001856067479,1
1,30,997.6294318743361,148.60450869974926,900.5689363501593,4.967133863748672,1.848032636193412,1.51875,79.24141819978756,70.7868134847613,10.669426301419893,1
1,31,997.354970946026,148.52703538224884,900.6348069729538,4.982314108558719,1.8326687322116637,1.51875,79.18089422844675,70.60253793457028,10.833871450260261,1
1,32,997.0533440930981,148.44592283210525,900.7071974176565,4.997440021519529,1.8586400620067152,1.51875,79.11600322792941,70.3841952810623,11.036715191124086,1
1,33,996.722362144093,148.3608911521126,900.7866330854176,5.0125072242881865,1.8440287117143475,1.51875,79.0465053510089,70.46030043811396,10.8622194931548,1
1,34,996.3597324508473,148.2716444720793,900.8736642117966,5.027511131568361,1.8287331400264024,1.51875,78.97215975082749,70.80656655576672,10.339837761591932,1
1,35,995.9630665322575,148.1778716944915,900.9688640322582,5.042446966397848,1.8495950910707073,1.51875,78.89272682027632,70.70291107819841,10.380951542890562,1
1,36,995.5298904241706,148.07924757750988,901.0728262981991,5.057309780848341,1.8591963402340332,1.51875,78.80797077977883,70.4348840051447,10.624669930953946,1
1,37,995.0576580302883,147.97543419844516,901.1861620727308,5.072094482727243,1.846725823516846,1.51875,78.7176626240748,70.28415781370686,10.71361182387124,1
1,38,994.543767745138,147.86608283882128,901.3094957411669,5.086795868823609,1.8395700911407156,1.51875,78.62158343035064,70.28746423776575,10.60029425630677,1
1,39,993.9855825799626,147.75083632805362,901.443460180809,5.1014086651599255,1.835026683390801,1.51875,78.51952801968311,70.45254807790096,10.273851798701513,1
1,40,993.3804539632952,147.6293318762742,901.5886910488091,5.115927574593257,1.8167223504262773,1.51875,78.41130895119085,70.83410853930505,9.663402528584777,1
1,41,992.7257493079192,147.5012044175964,901.7458201660994,5.130347331949172,1.8129664164609527,1.51875,78.29676081356155,69.7818458463131,10.875181653458135,1
1,42,992.0188833334719,147.36609047287396,901.9154679999667,5.1446627666669436,1.856248981560948,1.51875,78.17574476193644,70.35640052232841,10.002263826740345,1
1,43,991.2573530087551,147.22363252564324,902.0982352778988,5.1588688726841765,1.84556916043199,1.51875,78.0481532298616,70.23227948884269,10.014168711974742,1
1,44,990.4387758308897,147.07348388647625,902.2946938005865,5.1729608849951125,1.8328418286340085,1.51875,77.91391472673955,69.69287800496883,10.551435838647842,1
1,45,989.5609309925637,146.91531399967417,902.5053765617847,5.186934361985127,1.8346028552548213,1.51875,77.77299861174691,69.68362987539123,10.401256066695948,1
1,46,988.6218028085214,146.74881412260746,902.7307673259548,5.200785272283709,1.8525891587593017,1.51875,77.62541971656097,69.77505164827969,10.113140897589828,1
1,47,987.6196255851265,146.57370328287158,902.9712898595697,5.214510084503586,1.8165768201550965,1.51875,77.4712426727067,69.60648478805157,10.151841655466168,1
1,48,986.5529289315002,146.3897343928889,903.22729705644,5.228105857863,1.8413453931764592,1.51875,77.31058578630005,69.460560244906,10.153881854023053,1
1,49,985.420582338606,146.1967003770544,903.4990602387345,5.241570331343879,1.8166423561796181,1.51875,77.14362429491057,69.58431522946788,9.799006897244526,1
1,50,984.2218377065317,145.99444014464396,903.7867589504324,5.254902008746397,1.837986095513121,1.51875,76.97059283965407,69.27177178803615,10.002288884088745,1
1,51,982.9563683936927,145.78284422428155,904.0904715855138,5.268100236787386,1.8236659979785803,1.51875,76.79178699175392,69.37184368359404,9.662417816838483,1
1,52,981.6243033081485,145.56185986463547,904.4101672060444,5.281165273282964,1.8041250772610002,1.51875,76.60756368765817,68.74846907623952,10.258901645092768,1
1,53,980.2262545726071,145.3314954028857,904.7456989025743,5.294098342478548,1.818717879665898,1.51875,76.41834045088731,68.99680814910664,9.711716137764542,1
1,54,978.7633373801043,145.09182370878037,905.096799028775,5.3069016747602085,1.8393049154029069,1.51875,76.22459331201854,69.39283573848266,8.962668446876055,1
1,55,977.2371808216843,144.84298452868632,905.4630766027957,5.319578528310036,1.8502399565549872,1.51875,76.02685337978491,68.77852375573167,9.53390716809612,1
1,56,975.6499287103017,144.58518558118865,905.8440171095276,5.332133190753937,1.832706439932893,1.51875,75.82570206462314,68.37405860675779,9.827331966560134,1
1,57,974.0042297400943,144.31870229298187,906.2389848623774,5.344570959480189,1.8327165013710989,1.51875,75.62176500885798,68.44561994320294,9.489523373085056,1
1,58,972.3032166943483,144.04387610965725,906.6472279933564,5.356898100055363,1.8395411352977085,1.51875,75.415704832168,68.14223737580696,9.644499739871957,1
1,59,970.5504748301998,143.76111136835706,907.067886040752,5.369121782993733,1.8434736943757701,1.51875,75.20821285372743,68.70176388302755,8.651247947287727,1
1,60,968.75,143.47087077527908,907.5,5.38125,1.8309115611218096,1.51875,75.0,68.19681301346101,9.070915982051986,1
1,61,966.9061474919403,143.17366958733265,907.9425246019343,5.393291461650547,1.846889643925169,1.51875,74.79178714627257,67.80952771081317,9.33559646302338,1
1,62,965.023572958915,142.8700686503304,908.3943424898604,5.405255479251164,1.837568613727155,1.51875,74.584295167832,67.76384360752368,9.14462159220076,1
1,63,963.1071671293696,142.56066649251395,908.8542798889513,5.417151834258739,1.8350402860619233,1.51875,74.37823499114202,67.36101703280961,9.43450454177639,1
1,64,961.1619862358457,142.24609070895943,909.321123303397,5.428990639138358,1.8335769675761255,1.51875,74.17429793537686,67.57371701850401,8.898744040184232,1
1,65,959.1931802410397,141.92698889720506,909.7936367421505,5.440782193815412,1.8621096362468477,1.51875,73.97314662021509,67.56563456915775,8.661943345406263,1
1,66,957.2059209798725,141.60401941591584,910.2705789648306,5.452536841959745,1.876150413241178,1.51875,73.77540668798146,66.88818283415505,9.335392596281535,1
1,67,955.2053322698489,141.27784223621603,910.7507202552363,5.464264831206364,1.8505331768253603,1.51875,73.58165954911269,66.98123270722887,8.97020654648093,1
1,68,953.196423879088,140.94911014015918,911.2328582690188,5.475976181091509,1.8768828227553003,1.51875,73.39243631234183,66.5326252803533,9.346754756572876,1
1,69,951.1840309967687,140.61846049426734,911.7158325607755,5.487680561993537,1.8162923272473313,1.51875,73.20821300824608,66.37451344005362,9.334607808857074,1
1,70,949.172760544189,140.28650779047757,912.1985374693946,5.499387187755045,1.7906088496047505,1.51875,73.02940716034593,66.20402522895039,9.346073310453544,1
1,71,947.1669453188907,139.953837104961,912.6799331234662,5.511104723971115,1.8179041108598728,1.51875,72.85637570508945,66.25732120580415,9.057621155898808,1
1,72,945.1706066027496,139.62099858010308,913.15905441534,5.522841213205499,1.83992188360649,1.51875,72.68941421369995,66.6222727975322,8.346664341427935,1
1,73,943.1874255096262,139.28850298933898,913.6350178776897,5.534604017685919,1.8520952408546678,1.51875,72.5287573272933,65.7269934022,9.378023525757746,1
1,74,941.2207230181758,138.95681840110862,914.1070264756378,5.546399779369685,1.8151184706639796,1.51875,72.37458028343903,65.85054205095733,9.014267449886063,1
1,75,939.2734483457273,138.6263679190473,914.5743723970255,5.5582343966914545,1.806682099950534,1.51875,72.22700138825309,66.07996319854259,8.510720466806264,1
1,76,937.3481750799785,138.2975284421942,915.0364379808051,5.570113016826624,1.8566755665053725,1.51875,72.08608527326045,65.2661144828481,9.460869964792149,1
1,77,935.4471043021517,137.97063036242383,915.4926949674835,5.582040041937637,1.7988240735091292,1.51875,71.9518467701384,65.60531390170289,8.82052810779204,1
1,78,933.5720738092664,137.6459580968489,915.942702285776,5.594019147618533,1.8307959671858944,1.51875,71.82425523806356,65.43700961408952,8.892881106533343,1
1,79,931.724572471733,137.32375134046703,916.3861026067841,5.6060533116101325,1.8011982109150595,1.51875,71.70323918643845,64.70559721278562,9.759171347138146,1
1,80,929.9057587400763,137.00420691830092,916.8226179023817,5.618144850813486,1.8331916380853104,1.51875,71.58869104880915,64.7711010750722,9.523277872323055,1
1,81,928.1164823339237,136.68748111588818,917.2520442398583,5.630295464667848,1.8240854546613618,1.51875,71.48047198031689,64.78522329020043,9.366542364130002,1
1,82,926.3573081990883,136.37369237123121,917.6742460322188,5.642506283064844,1.8117343555032948,1.51875,71.37841656964936,64.397104373501,9.78070477276022,1
1,83,924.6285418960199,136.06292421916208,918.0891499449552,5.654777917125373,1.8354926767251847,1.51875,71.2823373759252,64.46719031638918,9.560779444695589,1
1,84,922.9302556769353,135.7552283894781,918.4967386375355,5.6671105113538705,1.8473190616527244,1.51875,71.19202922022117,63.841662889143485,10.324704059692557,1
1,85,921.2623146121367,135.45062797220072,918.8970444930872,5.67950379589094,1.8024044806762343,1.51875,71.10727317972368,64.38584620901996,9.45251683848895,1
1,86,919.6244022321705,135.14912057607137,919.2901434642791,5.691957137797674,1.8397330443305386,1.51875,71.02784024917251,63.669929445182845,10.359192646400915,1
1,87,918.0160452564819,134.85068141923057,919.6761491384443,5.704469590512963,1.8641098036013972,1.51875,70.9534946489911,63.813352233008274,10.063130013969438,1
1,88,916.4366370773137,134.55526630339318,920.0552071014447,5.717039940821294,1.8566727077722232,1.51875,70.88399677207059,63.6601749925433,10.19104749800676,1
1,89,914.8854597571083,134.26281443433905,920.427489658294,5.72966675284755,1.8743017225885865,1.51875,70.81910577155325,64.05032401169252,9.55784697662707,1
1,90,913.3617043769916,133.9732510619246,920.793190949522,5.742348408753983,1.8281074811213653,1.51875,70.75858180021244,63.65034281399078,10.04576237309538,1
1,91,911.8644896422711,133.6864899219379,921.1525224858549,5.755083145951209,1.8459942830826497,1.51875,70.70218791830553,63.65820217393521,9.962896413487874,1
1,92,910.3928787081636,133.40243546991292,921.5057091100407,5.767869090749661,1.8137882948793447,1.51875,70.64969169128665,63.30433785803224,10.396866083083449,1
1,93,908.9458942356069,133.12098490350294,921.8529853834543,5.780704288471214,1.8542552538279384,1.51875,70.60086650174007,62.4821045577511,11.499521672002242,1
1,94,907.5225317237662,132.84202997525784,922.1945923862961,5.793586730114199,1.8094215938376312,1.51875,70.55549260157612,62.242987363756825,11.781513998859962,1
1,95,906.1217711937032,132.5654586017556,922.5307749135112,5.80651437572074,1.8276986274020555,1.51875,70.51335793115317,62.96751624004232,10.701293928560808,1
1,96,904.7425873177566,132.2911562781318,922.8617790437384,5.819485174635513,1.8631339051328673,1.51875,70.47425873177566,62.6875926501872,11.048950668959058,1
1,97,903.3839581026007,132.01900730925982,923.1878500553759,5.832497082871868,1.8656590750023725,1.51875,70.43799997716461,62.13991458515308,11.780694220025692,1
1,98,902.0448722418378,131.7488958702989,923.5092306619589,5.845548077817009,1.7990191153038437,1.51875,70.40439564818003,62.372239582377794,11.408600261182508,1
1,99,900.7243352573634,131.48070691016872,923.8261595382328,5.8586361705147265,1.840768073069733,1.51875,70.37326887344129,62.3023892605441,11.468672327005002,1
1,100,899.4213745485637,131.21432691185143,924.1388701083447,5.871759415763794,1.7917379220901493,1.51875,70.34445195666211,62.137671694723565,11.666563650242935,1
1,101,898.1350434655025,130.94964452336697,924.4475895682795,5.884915920264338,1.8069973740808496,1.51875,70.31778630959231,62.27040884455197,11.44429864388743,1
1,102,896.8644245173316,130.6865510729133,924.7525381158405,5.898103849034663,1.8404187290128837,1.51875,70.29312230751356,61.70855054202038,12.212534432512436,1
1,103,895.6086318208356,130.42494098108423,925.0539283629994,5.9113214303083375,1.822809425744213,1.51875,70.27031908233032,61.55423549578166,12.403648795641148,1
1,104,894.3668128867707,130.16471208234557,925.351964907175,5.924566959106874,1.8318331821454832,1.51875,70.24924426647114,62.06256267515722,11.653764644442296,1
1,105,893.1381498339091,129.90576586711734,925.6468440398618,5.937838799667818,1.8133722431642358,1.51875,70.22977369910026,61.81042529675296,11.988289238151378,1
1,106,891.9218601127469,129.64800765492168,925.9387535729408,5.951135386892161,1.8224816117234979,1.51875,70.21179110455067,61.32768871469764,12.653291206634973,1
1,107,890.7171968129254,129.39134670814775,926.2278727648979,5.964455226959184,1.8309461568918555,1.51875,70.19518775144003,61.161828908289195,12.868914711273097,1
1,108,889.5234486207354,129.1356962950802,926.5143723310235,5.97779689724147,1.822013777984003,1.51875,70.17986209962092,61.006938605928795,13.070592074790744,1
1,109,888.3399394857568,128.8809737099629,926.7984145234184,5.99115904563818,1.8723812667492745,1.51875,70.16571944094738,61.31913044529474,12.608135519935884,1
1,110,887.1660280487929,128.62710025703024,927.0801532682897,6.004540389430919,1.819092253931095,1.51875,70.15267153880374,61.232924002435574,12.71476529790368,1
1,111,886.0011068768752,128.37400120465256,927.35973434955,6.0179397137537505,1.83084020309713,1.51875,70.14063627043245,61.01545006541854,13.009842354196897,1
1,112,884.8446015452478,128.12160571500857,927.6372956291406,6.031355869757162,1.8453700980918153,1.51875,70.12953727530696,61.224983543549,12.697294289567921,1
1,113,883.6959696008983,127.86984675402518,927.9129672957845,6.0447877725351296,1.8224767411387361,1.51875,70.11930361211171,60.71174513719952,13.416503003157635,1
1,114,882.554699437383,127.61866098570994,928.1868721350281,6.058234398874766,1.827585730147914,1.51875,70.10986942630593,60.10373975745854,14.272070039104925,1
1,115,881.4203091063773,127.36798865444558,928.4591258144694,6.071694784879421,1.8027829428469757,1.51875,70.10117362974975,61.090897808598065,12.853245323310647,1
1,116,880.2923450875288,127.11777345831597,928.7298371789931,6.085168023508391,1.8659861183609725,1.51875,70.09315959345066,60.56363380256898,13.595514663847599,1
1,117,879.1703810347962,126.86796241608646,928.999108551649,6.098653262069592,1.844617903352062,1.51875,70.08577485413711,60.62212041244217,13.502960424409588,1
1,118,878.0540165144536,126.61850573006552,929.2670360365312,6.112149699695573,1.8946643802600516,1.51875,70.07897083507419,60.81266522887168,13.222662227746024,1
1,119,876.9428757473265,126.36935664672347,929.5337098206417,6.125656584827986,1.8305284122613315,1.51875,70.07270258129694,60.04731515869151,14.307122536017753,1
2,0,1000.0,150.0,900.0,4.5,1.9008585776263367,1.51875,80.06692850924284,70.79794865866627,11.576539806327864,1
2,1,1000.0075731855518,149.98122600793175,899.9981824354676,4.515744313037771,1.9179935977546074,1.51875,80.07270258129694,70.55001451698067,11.892552339728997,1
2,2,1000.0164522573072,149.95695160824246,899.9960514582463,4.5314912378479475,1.9058619483798178,1.51875,80.07897083507419,70.62750028103771,11.802687341602022,1
2,3,1000.0268046419178,149.93011925992965,899.9935668859397,4.547241109283836,1.9119336303986207,1.51875,80.08577485413711,70.93070111745723,11.431585388733918,1
2,4,1000.0388164972711,149.90153195909855,899.990684040655,4.5629942996612085,1.9371606977494997,1.51875,80.09315959345066,71.20307017683274,11.099686242550083,1
2,5,1000.052694598828,149.87161572689575,899.9873532962813,4.57875122253099,1.9320221005287845,1.51875,80.10117362974975,70.62138659970867,11.834766708736796,1
2,6,1000.0686683914412,149.84064733825358,899.9835195860541,4.594512336782882,1.918883496895531,1.51875,80.10986942630593,71.58676967306222,10.639263069932,1
2,7,1000.0869922171648,149.80882876473802,899.9791218678804,4.610278151100996,1.939240069155824,1.51875,80.11930361211171,70.76021404805616,11.68144147803193,1
2,8,1000.1079477294224,149.77631963799712,899.9740925449386,4.626049228792178,1.9505901789613538,1.51875,80.12953727530696,70.78686520195066,11.659460906727803,1
2,9,1000.1318465035304,149.74325397179192,899.9683568391526,4.641826193007061,1.9055813759360127,1.51875,80.14063627043245,71.28809747491601,11.046254693616083,1
2,10,1000.1590328529205,149.70974981708792,899.9618321152991,4.657609732372507,1.8927564295018402,1.51875,80.15267153880374,70.28737241373624,12.30813513220391,1
2,11,1000.1898868594188,149.67591534289465,899.9544271537395,4.673400607052171,1.9377751068632876,1.51875,80.16571944094738,70.90853782874524,11.547556333005007,1
2,12,1000.2248276245261,149.64185294960677,899.9460413701137,4.689199655249053,1.9214967248728212,1.51875,80.17986209962092,70.78184990686138,11.721162828994153,1
2,13,1000.2643167467418,149.6076622296057,899.936563980782,4.70500780016015,1.9141795479543968,1.51875,80.19518775144003,70.75045852117991,11.777177029042528,1
2,14,1000.3088620274697,149.57344222028846,899.9258731134073,4.7208260573882725,1.90642955669699,1.51875,80.21179110455067,70.7710310958746,11.76979079842597,1
2,15,1000.3590214048442,149.53929320749583,899.9138348628375,4.736655542809689,1.9106803905257241,1.51875,80.22977369910025,70.64483559099357,11.94685920971777,1
2,16,1000.4154071107853,149.5053182359931,899.9003022934115,4.752497480888237,1.9080460313154413,1.51875,80.24924426647114,70.14542831923006,12.590543424547288,1
2,17,1000.4786900416266,149.47162442565858,899.8851143900096,4.768353213416587,1.9326422593331813,1.51875,80.27031908233032,71.03856811177762,11.500827548827889,1
2,18,1000.5496043265879,149.43832415714164,899.8680949616189,4.784224208653176,1.9172512386521614,1.51875,80.29312230751356,70.98660618816041,11.590676575896808,1
2,19,1000.6289520710682,149.40553616874743,899.8490515029437,4.800112070808803,1.9244209633648506,1.51875,80.31778630959231,70.71091479935762,11.961076060044922,1
2,20,1000.717608243046,149.37338659175725,899.8277740216689,4.816018549819425,1.90829780925767,1.51875,80.34445195666211,71.08150057654514,11.529049180786522,1
2,21,1000.8165256606528,149.34200994126658,899.8040338414434,4.831945551321305,1.9230994850052607,1.51875,80.37326887344129,71.55653378361438,10.969735601658883,1
2,22,1000.9267400270792,149.31155007216486,899.777582393501,4.847895146720825,1.9513416584108243,1.51875,80.40439564818003,71.25571878931316,11.378329238239782,1
2,23,1001.0493749452902,149.2821611040353,899.7481500131304,4.863869583223914,1.9037147169875217,1.51875,80.43799997716461,70.77912224180284,12.007854171043302,1
2,24,1001.1856468294392,149.2540083138673,899.7154447609346,4.879871293658878,1.8989084808295034,1.51875,80.47425873177566,71.04054639449782,11.722645832278902,1
2,25,1001.336869612378,149.22726899113627,899.6791512930292,4.895902905891423,1.8641303184128841,1.51875,80.51335793115317,70.80450053546483,12.058691433526308,1
2,26,1001.5044591292686,149.20213324575366,899.6389298089755,4.911967251591871,1.9128150873156418,1.51875,80.55549260157612,70.53847621557165,12.434926610837312,1
2,27,1001.689937036144,149.17880475545903,899.5944151113255,4.928067374072288,1.9349041415936508,1.51875,80.60086650174007,70.68799506687782,12.298715714983347,1
2,28,1001.8949340995861,149.1575014353249,899.5452158160994,4.944206534865839,1.9243042686161433,1.51875,80.64969169128663,71.87441143467476,10.88073627138237,1
2,29,1002.1211926698812,149.13845600813477,899.4909137592285,4.960388218673096,1.8867293031029737,1.51875,80.70218791830553,70.98454464196418,12.041362851498496,1
2,30,1002.3705681256639,149.12191645048514,899.4310636498407,4.9766161362513275,1.9108002125493728,1.51875,80.75858180021244,70.88970315038787,12.220222829369455,1
2,31,1002.645029053974,149.10814628560868,899.3651930270462,4.992894224774615,1.9341544371947852,1.51875,80.81910577155325,71.44501190487117,11.598858682227075,1
2,32,1002.9466559069019,149.09742469021555,899.2928025823435,5.0092266451471374,1.9343821782881048,1.51875,80.88399677207059,70.92282272530544,12.315383072421028,1
2,33,1003.277637855907,149.09004637924966,899.2133669145824,5.0256177757118135,1.9676263768701263,1.51875,80.9534946489911,70.66446272955692,12.70980575211327,1
2,34,1003.6402675491527,149.08632122954785,899.1263357882034,5.042072201764972,1.8982968339213921,1.51875,81.02784024917251,71.22289661442474,12.10070958894638,1
2,35,1004.0369334677425,149.08657360121188,899.0311359677418,5.058594700268818,1.9207372936849911,1.51875,81.10727317972368,71.37125093123035,12.003883088165852,1
2,36,1004.4701095758294,149.09114131434228,898.9271737018009,5.075190219151659,1.9505520972035821,1.51875,81.19202922022117,71.2508632111207,12.244017183185004,1
2,37,1004.9423419697117,149.1003742389667,898.8138379272692,5.0918638506060905,1.9212240045063378,1.51875,81.2823373759252,71.12657798707839,12.494423409451327,1
2,38,1005.456232254862,149.11463245787718,898.6905042588331,5.108620797843058,1.930715985671291,1.51875,81.37841656964936,71.26223922852711,12.43103241320027,1
2,39,1006.0144174200374,149.1342839660464,898.556539819191,5.125466334840075,1.9125682748807513,1.51875,81.48047198031689,71.55548091315121,12.180821767408565,1
2,40,1006.6195460367048,149.1597018766849,898.4113089511909,5.142405758740076,1.93964783384369,1.51875,81.58869104880915,70.80499088683518,13.217150592013773,1
2,41,1007.2742506920808,149.1912611131533,898.2541798339006,5.159444334717495,1.9261649837955466,1.51875,81.70323918643845,71.43328681768448,12.569822776939105,1
2,42,1007.9811166665281,149.22933457811044,898.0845320000333,5.176587233333056,1.9379017540553063,1.51875,81.82425523806356,71.51103230462122,12.604114639890737,1
2,43,1008.7426469912449,149.2742888065828,897.9017647221012,5.193839460649157,1.944970463965324,1.51875,81.9518467701384,71.45597869297049,12.807360042302788,1
2,44,1009.5612241691103,149.32647912805194,897.7053061994135,5.211205781671554,1.8743428171495602,1.51875,82.08608527326045,71.99011984411979,12.29924096822464,1
2,45,1010.4390690074363,149.3862443839121,897.4946234382153,5.228690638014872,1.9020785160571687,1.51875,82.22700138825309,71.30026202169519,13.288505213713028,1
2,46,1011.3781971914786,149.45390127023578,897.2692326740452,5.246298061049624,1.9192704836749568,1.51875,82.37458028343903,71.79929584641637,12.838043484573317,1
2,47,1012.3803744148735,149.52973840089322,897.0287101404303,5.2640315821630805,1.9354115148169782,1.51875,82.5287573272933,72.24025922995197,12.466561269714886,1
2,48,1013.4470710684998,149.61401021158213,896.77270294356,5.281894142136999,1.9208618242198658,1.51875,82.68941421369995,71.7897796713413,13.181414629676755,1
2,49,1014.579417661394,149.7069308498347,896.5009397612655,5.299888001989455,1.924688240526564,1.51875,82.85637570508943,72.20803651083688,12.851562844304432,1
2,50,1015.7781622934683,149.8086682179291,896.2132410495676,5.31801465792027,1.930328148791471,1.51875,83.02940716034593,72.00668198194161,13.275688163251957,1
2,51,1017.0436316063073,149.91933835303624,895.9095284144862,5.336274763212614,1.910941957838727,1.51875,83.20821300824608,72.51854394966637,12.84689175757247,1
2,52,1018.3756966918515,150.03900034004673,895.5898327939556,5.35466806005037,1.9438959564067126,1.51875,83.39243631234183,72.79996805312709,12.70195323175501,1
2,53,1019.7737454273929,150.16765195563582,895.2543010974257,5.373193324188119,1.920590512725134,1.51875,83.58165954911269,72.46936699597106,13.295132703858354,1
2,54,1021.2366626198957,150.30522623583897,894.903200971225,5.391848325239791,1.9270258264756641,1.51875,83.77540668798146,72.42320991003619,13.550751021986827,1
2,55,1022.7628191783156,150.45158914281274,894.5369233972043,5.410629805023298,1.9026093865168603,1.51875,83.97314662021509,73.31964230245805,12.686798990562528,1
2,56,1024.3500712896982,150.60653847929822,894.1559828904724,5.42953347591273,1.9269901049030165,1.51875,84.17429793537686,72.9231214113733,13.366522560890761,1
2,57,1025.9957702599058,150.76980416210887,893.7610151376226,5.448554040519811,1.9355321889937835,1.51875,84.37823499114202,73.56679463177419,12.813067683274976,1
2,58,1027.6967833056515,150.9410499200951,893.3527720066436,5.46768523327797,1.9100566641371652,1.51875,84.584295167832,73.1836482052292,13.478444124859882,1
2,59,1029.4495251698002,151.11987642966795,892.932113959248,5.486919883672933,1.907896499835138,1.51875,84.79178714627257,73.75560006820525,13.015632114262452,1
2,60,1031.25,151.3058258449442,892.5,5.50625,1.9384205642524805,1.51875,85.0,74.06734778392376,12.8619437836191,1
2,61,1033.0938525080599,151.49838762325507,892.0574753980657,5.525666871682786,1.9391214742990548,1.51875,85.20821285372743,73.32721796992551,13.943485593574662,1
2,62,1034.9764270410851,151.69700549367178,891.6056575101396,5.545161187415504,1.924568701720442,1.51875,85.415704832168,73.65609991869327,13.767497366650543,1
2,63,1036.8928328706306,151.90108536978468,891.1457201110487,5.5647231657412615,1.9086911278026497,1.51875,85.62176500885798,74.18366728491117,13.358867015604602,1
2,64,1038.8380137641543,152.11000397122157,890.678876696603,5.584342694194976,1.9356607232690761,1.51875,85.82570206462314,74.06114467898928,13.7074991554111,1
2,65,1040.8068197589603,152.3231178935917,890.2063632578495,5.604009472851254,1.87245502207303,1.51875,86.02685337978491,74.50862890028542,13.389103549620371,1
2,66,1042.7940790201274,152.53977285506642,889.7294210351694,5.623713158040255,1.9718208469700491,1.51875,86.22459331201854,74.65159081190188,13.421927614361435,1
2,67,1044.794667730151,152.75931284998913,889.2492797447637,5.643443502126969,1.9198877240010832,1.51875,86.41834045088731,75.3854201832592,12.766873571123794,1
2,68,1046.803576120912,152.98108895506755,888.7671417309812,5.663190485575157,1.930754907683314,1.51875,86.60756368765817,75.10533965700448,13.280853935731704,1
2,69,1048.8159690032314,153.20446756023503,888.2841674392245,5.682944438006462,1.9277917486083476,1.51875,86.79178699175392,75.29431092567073,13.24719361657523,1
2,70,1050.827239455811,153.42883783186255,887.8014625306054,5.7026961455782885,1.896154326738944,1.51875,86.97059283965407,74.9729171745066,13.795094725026585,1
2,71,1052.8330546811094,153.65361825787167,887.3200668765338,5.722436942695552,1.9566859775445629,1.51875,87.14362429491055,75.66006846978776,13.177734938198418,1
2,72,1054.8293933972504,153.87826216947542,886.84094558466,5.7421587867945005,1.920951324153672,1.51875,87.31058578630005,75.72971437243133,13.26399463429769,1
2,73,1056.8125744903737,154.10226217986772,886.3649821223103,5.7618543156474145,1.934570880654407,1.51875,87.4712426727067,76.70875631902526,12.304028186671246,1
2,74,1058.779276981824,154.32515352360906,885.8929735243622,5.7815168872969815,1.929428468644234,1.51875,87.62541971656097,75.94477888052826,13.330196732655534,1
2,75,1060.7265516542727,154.5465163196049,885.4256276029745,5.8011406033085455,1.9162813981442472,1.51875,87.77299861174691,76.60858320793437,12.719646793881296,1
2,76,1062.6518249200215,154.76597681390547,884.9635620191949,5.820720316506709,1.907293403273818,1.51875,87.91391472673955,76.71055289315244,12.743559274331279,1
2,77,1064.5528956978483,154.9832076851318,884.5073050325165,5.84025162472903,1.8725346678225154,1.51875,88.0481532298616,76.5308751351501,13.080658335495226,1
2,78,1066.4279261907336,155.19792751478923,884.057297714224,5.8597308523814675,1.9315122155716915,1.51875,88.17574476193644,77.19863392807218,12.449127436917141,1
2,79,1068.2754275282668,155.40989953720455,883.6138973932159,5.8791550217232,1.9025799309612303,1.51875,88.29676081356155,76.51186170261055,13.346921226062635,1
2,80,1070.0942412599236,155.61892978984528,883.1773820976183,5.898521815853181,1.9137347120042416,1.51875,88.41130895119085,76.79978271182281,13.133530514493794,1
2,81,1071.8835176660762,155.82486478517202,882.7479557601417,5.917829535332153,1.9159686819674875,1.51875,88.51952801968311,77.30046046541938,12.674115876181661,1
2,82,1073.6426918009117,156.02758882092112,882.3257539677812,5.93707705026849,1.8925665143980392,1.51875,88.62158343035064,77.68573568757589,12.339937202058053,1
2,83,1075.37145810398,156.22702103786852,881.9108500550448,5.956263749541294,1.915805137434789,1.51875,88.7176626240748,77.94517465761,12.14243888740768,1
2,84,1077.0697443230647,156.42311232372526,881.5032613624645,5.97538948864613,1.8820513104961563,1.51875,88.80797077977883,77.44427623570765,12.795804750736004,1
2,85,1078.7376853878634,156.61584214981775,881.1029555069128,5.994454537442394,1.9292828014750405,1.51875,88.89272682027632,77.70024939458611,12.590993465999992,1
2,86,1080.3755977678295,156.80521541444432,880.7098565357209,6.013459528868992,1.9156587021410842,1.51875,88.97215975082749,78.07944138118977,12.24283910848462,1
2,87,1081.9839547435183,156.99125935396654,880.3238508615557,6.032405409487036,1.9221145349211455,1.51875,89.0465053510089,78.0286959336956,12.37309580413362,1
2,88,1083.5633629226863,157.17402057032692,879.9447928985553,6.051293392512039,1.9219351465715275,1.51875,89.11600322792941,78.14209855358871,12.314179582620042,1
2,89,1085.1145402428917,157.353562212178,879.572510341706,6.070124913819117,1.9324350246770137,1.51875,89.18089422844675,78.49337693848842,11.984088500594153,1
2,90,1086.6382956230084,157.52996133642128,879.206809050478,6.088901591246017,1.9220501477739884,1.51875,89.24141819978756,79.43066607613012,10.993496429756192,1
2,91,1088.135510357729,157.70330646783728,878.8474775141451,6.107625187382125,1.8968073262100777,1.51875,89.29781208169447,79.19390645314589,11.31484119600264,1
2,92,1089.6071212918364,157.8736953666939,878.4942908899593,6.126297575917006,1.8657623881610905,1.51875,89.35030830871335,78.26457355367,12.40704700955383,1
2,93,1091.054105764393,158.04123300773747,878.1470146165457,6.144920711528786,1.8941366137483266,1.51875,89.39913349825993,78.69095547105623,11.977943866102601,1
2,94,1092.4774682762338,158.20602976872334,877.8054076137039,6.1634966032191345,1.923023451264855,1.51875,89.44450739842388,79.28562897473964,11.357744280967726,1
2,95,1093.8782288062966,158.36819982253982,877.4692250864888,6.182027290945927,1.9138529899346308,1.51875,89.48664206884683,79.27574344234876,11.41052830951271,1
2,96,1095.2574126822433,158.52785972388386,877.1382209562616,6.200514825364487,1.9295047105207113,1.51875,89.52574126822434,79.71066645726644,10.963410826782612,1
2,97,1096.6160418973993,158.68512717923784,876.8121499446241,6.218961250461465,1.8924186349798828,1.51875,89.56200002283539,79.44812856457693,11.292592232955663,1
2,98,1097.9551277581622,158.84011998743375,876.4907693380411,6.237368588849658,1.917557618843818,1.51875,89.59560435181997,79.8463511080623,10.881396821070318,1
2,99,1099.2756647426368,158.99295513724698,876.1738404617672,6.255738829485273,1.9034960724566086,1.51875,89.62673112655871,79.78506210179003,10.980729633965572,1
2,100,1100.5786254514364,159.1437480481223,875.8611298916553,6.27407391756954,1.9195490879926211,1.51875,89.65554804333789,79.73410989142135,11.066173113035555,1
2,101,1101.8649565344977,159.29261194018687,875.5524104317205,6.292375746402328,1.9043831123031203,1.51875,89.68221369040769,80.08226505111048,10.704406419356717,1
2,102,1103.1355754826686,159.43965732006143,875.2474618841595,6.310646150965337,1.9163425123823339,1.51875,89.70687769248644,80.33030041400521,10.452461973566813,1
2,103,1104.3913681791644,159.58499156955827,874.9460716370006,6.328886903024996,1.897884240889178,1.51875,89.72968091766968,80.17683890431849,10.64624538464177,1
2,104,1105.6331871132293,159.72871862508728,874.648035092825,6.347099707559792,1.9143650942710062,1.51875,89.75075573352886,80.65482104847379,10.13466082899738,1
2,105,1106.8618501660908,159.8709387364234,874.3531559601382,6.365286200332182,1.90014113981072,1.51875,89.77022630089974,80.58396668250231,10.233080606933212,1
2,106,1108.078139887253,160.01174829437755,874.0612464270592,6.383447946441173,1.9240045254528357,1.51875,89.78820889544933,81.13979433547298,9.632015903164614,1
2,107,1109.2828031870747,160.15123971782162,873.7721272351021,6.401586439707483,1.898807628015953,1.51875,89.80481224855997,80.54075338783743,10.315771091510847,1
2,108,1110.4765513792647,160.28950139142125,873.4856276689765,6.419703102758529,1.9002023016576117,1.51875,89.82013790037908,80.34936771774562,10.54415012492815,1
2,109,1111.6600605142432,160.42661764630705,873.2015854765816,6.437799287695153,1.9542431539873324,1.51875,89.83428055905262,80.6314638802051,10.244214815966647,1
2,110,1112.833971951207,160.56266877675216,872.9198467317103,6.455876277235747,1.9026233071209813,1.51875,89.84732846119626,81.46690425489611,9.327404998936089,1
2,111,1113.9988931231246,160.69773108671146,872.64026565045,6.47393528624625,1.8838872743633137,1.51875,89.85936372956755,81.39287778737797,9.421929547230642,1
2,112,1115.1553984547522,160.8318769608103,872.3627043708594,6.491977463576171,1.8906889283952426,1.51875,89.87046272469304,81.65349195879752,9.143127248679235,1
2,113,1116.3040303991017,160.96517495504315,872.0870327042155,6.510003894131537,1.875551861561261,1.51875,89.88069638788829,80.84873531754087,10.048832990088522,1
2,114,1117.445300562617,161.0976899030584,871.8131278649719,6.528015601125235,1.9080509706028999,1.51875,89.89013057369407,81.79910340576227,9.001018372421411,1
2,115,1118.5796908936227,161.2294830344604,871.5408741855306,6.546013548453912,1.9183302502893467,1.51875,89.89882637025025,81.52126948076804,9.318872367675924,1
2,116,1119.707654912471,161.36061210206023,871.2701628210069,6.563998643158276,1.9458702994513724,1.51875,89.90684040654934,82.39625604906941,8.353740742659681,1
2,117,1120.829618965204,161.49113151545333,871.000891448351,6.581971737930408,1.9323945609903534,1.51875,89.91422514586289,81.65721847325472,9.183203947109908,1
2,118,1121.9459834855465,161.6210924786976,870.7329639634688,6.599933633637759,1.9105865546218925,1.51875,89.92102916492581,81.54480510238574,9.31508918473018,1
2,119,1123.0571242526732,161.75054313021707,870.4662901793583,6.617885081838681,1.920965763747159,1.51875,89.92729741870306,81.55504972396133,9.310018131380508,1
3,0,750.0,112.5,1000.0,4.0,2.0757694782774627,1.875,59.89960723613573,48.60239482734588,18.86024454927404,1
3,1,749.9886402216723,112.48497764376818,1000.0027263467987,4.011643947110011,2.0603069602172273,1.875,59.8909461280546,48.74221642244004,18.615050231093587,1
3,2,749.9753216140393,112.46536331443635,1000.0059228126306,4.023283976561412,2.0884958544202012,1.875,59.88154374738872,48.773290594888934,18.55037872664094,1
3,3,749.9597930371232,112.44343662576597,1000.0096496710904,4.034919586074246,2.018368880904317,1.875,59.87133771879432,48.027861524179954,19.78154597153182,1
3,4,749.9417752540934,112.4197790035017,1000.0139739390175,4.046550217174853,2.0426899939770364,1.875,59.860260609824,48.43769216566259,19.082055988053604,1
3,5,749.9209581017581,112.39466970436138,1000.018970055578,4.058175249536849,2.0655395459403323,1.875,59.848239555375365,48.22888859015875,19.414691311789806,1
3,6,749.8969974128382,112.36826480925383,1000.0247206209189,4.069793994825677,2.0589217008204916,1.875,59.835195860541106,48.21293838193614,19.423781123225794,1
3,7,749.8695116742529,112.34065510871874,1000.0313171981793,4.081405690015172,2.042956009471111,1.875,59.821044581832446,48.00275866301087,19.756067453243315,1
3,8,749.8380784058663,112.3118908597669,1000.0388611825921,4.093009490145066,2.036721700608732,1.875,59.80569408703956,48.01194983129159,19.720102635350546,1
3,9,749.8022302447043,112.28199410636502,1000.0474647412709,4.1046044604894085,2.0356689004714035,1.875,59.789045594351315,48.730066167894975,18.496664926695463,1
3,10,749.7614507206191,112.25096538973825,1000.0572518270515,4.116189568107905,2.036198387754311,1.875,59.77099269179438,49.20110947467808,17.683967993670922,1
3,11,749.7151697108717,112.21878759049604,1000.0683592693908,4.127763672755076,2.065052723548568,1.875,59.75142083857892,48.486521825673464,18.852939151586163,1
3,12,749.6627585632108,112.18542816054156,1000.0809379448294,4.139325517126421,2.0380192099273255,1.875,59.73020685056863,48.615678579959976,18.607885116511767,1
3,13,749.6035248798875,112.15084038066294,1000.095154028827,4.1508737164264415,2.0436736090061944,1.875,59.70721837283995,48.442351353146066,18.86684278163949,1
3,14,749.5367069587954,112.1149639901789,1000.1111903298892,4.162406747250924,2.1063880562963258,1.875,59.68231334317399,48.42218307454519,18.86677918109997,1
3,15,749.4614678927338,112.07772538904163,1000.1292477057439,4.173922935785468,2.0781718320566633,1.875,59.65533945134962,48.21193646640764,19.18252932627154,1
3,16,749.3768893338222,112.03903753448549,1000.1495465598827,4.185420445334311,2.0544865957210106,1.875,59.62613360029329,48.928955442997975,17.940418926044025,1
3,17,749.2819649375601,111.99879961024554,1000.1723284149856,4.196897263208453,2.0426470243751944,1.875,59.594521376504524,48.92499093867678,17.90354245891178,1
3,18,749.1755935101181,111.95689652072733,1000.1978575575716,4.208351187020236,2.0693414042400593,1.875,59.56031653872966,48.226042400072586,19.029909169953545,1
3,19,749.0565718933979,111.91319824732297,1000.2264227455845,4.2197798104534625,2.0678345203120605,1.875,59.523320535611546,48.676583178027066,18.22266845999478,1
3,20,748.9235876354309,111.86755909512807,1000.2583389674966,4.231180508604195,2.0676225647752937,1.875,59.48332206500683,47.90379271086888,19.46685045849183,1
3,21,748.7752115090208,111.81981685329735,1000.293949237835,4.2425504230180415,2.0406436220144526,1.875,59.44009668983806,48.268102182396376,18.795384142353956,1
3,22,748.6098899593811,111.7697918898587,1000.3336264097485,4.253886446585429,2.053697696948949,1.875,59.39340652772995,48.5268373417835,18.29591838762945,1
3,23,748.4259375820646,111.71728620120926,1000.3777749803045,4.265185208497463,2.058740385549615,1.875,59.34300003425308,47.930531404970246,19.23136447886945,1
3,24,748.2215297558413,111.66208243726928,1000.4268328585981,4.276443059511682,2.062790322551069,1.875,59.2886119023365,48.50251153151408,18.192533143784647,1
3,25,747.994695581433,111.60394292507728,1000.481273060456,4.287656057829532,2.0663821744895707,1.875,59.22996310327026,48.629756410295435,17.896696431319494,1
3,26,747.743311306097,111.54260871627633,1000.5416052865368,4.298819955945527,2.071864808621928,1.875,59.16676109763582,48.42917131561358,18.148010103685213,1
3,27,747.4650944457841,111.4777986873227,1000.6083773330118,4.309930188891568,2.053783051301777,1.875,59.098700247389885,47.75820147990714,19.189083211662677,1
3,28,747.157598850621,111.40920872522283,1000.682176275851,4.3209818643679085,2.0637787299136017,1.875,59.02546246307004,48.30418028513802,18.163825797451256,1
3,29,746.8182109951781,111.33651103605177,1000.7636293611573,4.33196975532369,2.0606179422748574,1.875,58.94671812254171,47.83136706078148,18.85660714588558,1
3,30,746.4441478115042,111.259353618286,1000.853404525239,4.342888295623008,2.0335652347227846,1.875,58.86212729968135,48.48119678713101,17.63600975496265,1
3,31,746.0324564190389,111.17735994792667,1000.9522104594306,4.353731579504744,2.054395262453817,1.875,58.77134134267012,48.35610616261051,17.721622379405815,1
3,32,745.5800161396471,111.09012892728758,1001.0607961264847,4.364493365612628,2.055752733053559,1.875,58.674004841894124,48.12842164933436,17.973177765820502,1
3,33,745.0835432161397,110.99723515390806,1001.1799496281265,4.375167086432279,2.07395204165047,1.875,58.569758026513355,47.94276631737144,18.144161880148612,1
3,34,744.539598676271,110.89822957000875,1001.310496317695,4.385745864019208,2.0571087810697697,1.875,58.45823962624122,47.905470376884324,18.051808122904685,1
3,35,743.9445997983861,110.79264055584848,1001.4532960483873,4.396222532930105,2.0464964409823034,1.875,58.33909023041448,47.899221330648864,17.895152047336687,1
3,36,743.2948356362559,110.67997553182026,1001.6092394472986,4.406589671272512,2.059629040963624,1.875,58.211956169668234,47.811157212456365,17.867118100097933,1
3,37,742.5864870454325,110.5597231336383,1001.7792431090962,4.416839640757532,1.6803014880424205,1.875,58.076493936112215,47.330956727510404,18.502386215708157,1
3,38,741.815651617707,110.43135602197002,1001.9642436117504,4.426964636568747,1.6514489326477229,1.875,57.93237514552597,47.38779128002034,18.201539016858302,1
3,39,740.9783738699439,110.29433438179292,1002.1651902712134,4.436956747739888,1.6841259232180246,1.875,57.779292029524655,47.543421982274694,17.71546463743365,1
3,40,740.0706809449428,110.14811015705165,1002.3830365732138,4.4468080285565526,1.6758232563203226,1.875,57.61696342678627,46.96561300571142,18.486483472197378,1
3,41,739.0886239618786,109.99213205236344,1002.6187302491492,4.45651058125709,1.6605273708483352,1.875,57.445141220342315,47.593983156743846,17.148809898146798,1
3,42,738.0283250002079,109.82585131519178,1002.8732019999501,4.466056650000415,1.6568320453164584,1.875,57.26361714290466,47.566136841902,16.934802209231798,1
3,43,736.8860295131326,109.6487282888801,1003.1473529168481,4.475438725692932,1.6448405965289425,1.875,57.072229844792396,47.57609840801399,16.638795194445848,1
3,44,735.6581637463345,109.4602396992663,1003.4420407008797,4.484649660826002,1.701164328003335,1.875,56.87087209010933,46.99968419606752,17.357194520248186,1
3,45,734.3413964888455,109.2598866056664,1003.7580648426771,4.493682792977691,1.6462763151029345,1.875,56.65949791762037,47.404378831092345,16.334629544343006,1
3,46,732.932704212782,109.04720291159497,1004.0961509889323,4.502532075092231,1.6867778084455642,1.875,56.43812957484146,46.740991745113,17.18189086487936,1
3,47,731.4294383776898,108.82176429289557,1004.4569347893545,4.511192210088713,1.6467826291890328,1.875,56.20686400906004,46.67157044302412,16.96464254703645,1
3,48,729.8293933972503,108.5831973626567,1004.84094558466,4.5196587867945,1.6282973553102644,1.875,55.96587867945007,46.34899533983648,17.183476015261395,1
3,49,728.130873507909,108.33118885549821,1005.2485903581019,4.527928413682485,1.6351035501959086,1.875,55.71543644236584,46.275883555788745,16.942437301629553,1
3,50,726.3327565597974,108.06549458100105,1005.6801384256486,4.535998846452928,1.6544926677832144,1.875,55.45588925948111,46.46103476399296,16.219836370129666,1
3,51,724.4345525905392,107.78594786992815,1006.1357073782706,4.543869105181078,1.6861963753872315,1.875,55.18768048763089,45.97849549921863,16.68703034271625,1
3,52,722.4364549622227,107.49246722019738,1006.6152508090665,4.551539576591112,1.6748728135004818,1.875,54.91134553148726,46.05948045783675,16.120284411123514,1
3,53,720.3393818589105,107.18506284488298,1007.1185483538615,4.559012097051154,1.6541970913379014,1.875,54.627510676330964,46.15726969862517,15.505449310864869,1
3,54,718.1450060701565,106.86384183393828,1007.6451985431625,4.566290012140313,1.632731925099704,1.875,54.33688996802782,45.89315766788753,15.539594380739564,1
3,55,715.8557712325266,106.52901166621733,1008.1946149041936,4.57337820913172,1.658515409695211,1.875,54.04028006967738,45.78087454560622,15.283794816425477,1
3,56,713.4748930654525,106.1808818491004,1008.7660256642914,4.580283119464238,1.6609697384091064,1.875,53.73855309693472,46.19931978695514,14.029468371394668,1
3,57,711.0063446101415,105.81986351881379,1009.358477293566,4.587012689220282,1.6424315658459236,1.875,53.43264751328697,45.11008608345447,15.575798350180856,1
3,58,708.4548250415226,105.44646690332873,1009.9708419900346,4.5935763167497115,1.6427235550024548,1.875,53.123557248252,44.918681611322654,15.444891234574321,1
3,59,705.8257122452998,105.06129662827621,1010.601829061128,4.599984757823933,1.6424386229848196,1.875,52.81231928059115,45.25213688969504,14.315187240175842,1
3,60,703.125,104.66504493033489,1011.25,4.60625,1.683596450490747,1.875,52.5,44.562550676470465,15.118951092437207,1
3,61,700.3592212379104,104.25848292702858,1011.9137869029015,4.612385109142488,1.6385392540688655,1.875,52.18768071940886,44.64014022678751,14.46230295843437,1
3,62,697.5353594383726,103.84245017149482,1012.5915137347906,4.618404052210078,1.6441419046453305,1.875,51.876442751748,44.490153774880376,14.23823335808572,1
3,63,694.6607506940543,103.41784279040894,1013.281419833427,4.624321501388108,1.659244825947976,1.875,51.56735248671303,43.6513420016779,15.35081811127455,1
3,64,691.7429793537685,102.98560055837126,1013.9816849550956,4.630152625374204,1.6861364695575511,1.875,51.26144690306528,44.45724010599465,13.273536367276742,1
3,65,688.7897703615595,102.5466932992588,1014.6904551132258,4.635912874056452,1.6429305917212622,1.875,50.95971993032263,43.55625414433038,14.528073929988286,1
3,66,685.8088814698087,102.10210702225542,1015.4058684472459,4.641617762939617,1.660903673345448,1.875,50.66311003197218,43.574250912137295,13.992151518849298,1
3,67,682.8079984047735,101.65283019699713,1016.1260803828544,4.647282663476213,1.6683572509844067,1.875,50.37248932366903,43.86878300828843,12.911226748376393,1
3,68,679.794635818632,101.19984054952873,1016.8492874035284,4.652922604970597,1.651647420981069,1.875,50.08865446851274,42.798124187495276,14.5552527980174,1
3,69,676.776046495153,100.74409272096261,1017.5737488411633,4.6585520929903055,1.6275999809706594,1.875,49.81231951236911,42.584289537520576,14.510526804626533,1
3,70,673.7591408162835,100.28650707733881,1018.2978062040919,4.6641849482992335,1.654523826073474,1.875,49.54411074051889,43.14909332595584,12.907724690137556,1
3,71,670.7504179783359,99.82795989637923,1019.0198996851993,4.669834169290005,1.6448341395502266,1.875,49.28456355763416,42.45661383445906,13.854134500329666,1
3,72,667.7559099041245,99.36927508906268,1019.7385816230101,4.675511819808249,1.654857907609495,1.875,49.03412132054993,42.541826567637656,13.240361156816299,1
3,73,664.7811382644393,98.91121754555594,1020.4525268165346,4.681228943195545,1.7057250140484224,1.875,48.79313599093996,41.85624819533788,14.216933703318713,1
3,74,661.8310845272638,98.45448812989378,1021.1605397134567,4.686995502387861,1.6453975766805855,1.875,48.56187042515854,42.072041399040415,13.364042548814028,1
3,75,658.9101725185909,97.9997202890764,1021.8615585955382,4.692820345037182,1.6688241953234761,1.875,48.340502082379636,42.12543666558092,12.856849120448294,1
3,76,656.0222626199678,97.54747819225392,1022.5546569712077,4.698711191906602,1.6668649292374693,1.875,48.12912790989067,41.258566039885295,14.275267739878277,1
3,77,653.1706564532276,97.09825627580241,1023.2390424512254,4.704674646239789,1.666999462144796,1.875,47.927770155207604,41.498397720181046,13.414712210073418,1
3,78,650.3581107138997,96.65248004090907,1023.914053428664,4.710716221427799,1.6715960091548974,1.875,47.73638285709534,41.123983001021664,13.85190804227606,1
3,79,647.5868587075997,96.2105079315737,1024.579153910176,4.716840384081866,1.676519859322733,1.875,47.554858779657685,41.13202228224387,13.506162487357201,1
3,80,644.8586381101144,95.77263411189654,1025.2339268535725,4.723050609553562,1.6828295453517006,1.875,47.38303657321373,40.7896548219492,13.915067982350159,1
3,81,642.1747235008856,95.3390919609347,1025.8780663597875,4.729349447001772,1.651844003924613,1.875,47.220707970475345,40.42637194266101,14.38846709384892,1
3,82,639.5359622986324,94.91005810978969,1026.5113690483283,4.735738591263932,1.6793165448611171,1.875,47.06762485447403,39.97475057649616,15.069539412511176,1
3,83,636.9428128440298,94.48565685735664,1027.1337249174328,4.742218959021393,1.662559831708408,1.875,46.923506063887785,39.907330542765486,14.952368460211737,1
3,84,634.395383515403,94.06596481676591,1027.7451079563034,4.748790767030806,2.0557612619896464,1.875,46.788043830331766,40.54574161155461,13.341661047881626,1
3,85,631.8934719182051,93.65101566254417,1028.3455667396308,4.755453610503077,2.059008346891348,1.875,46.66090976958552,40.00442799396608,14.265649359366462,1
3,86,629.4366033482557,93.24080486766366,1028.9352151964185,4.762206540029845,2.0279892427113517,1.875,46.54176037375878,40.01858722604642,14.015742196529073,1
3,87,627.0240678847227,92.83529433889693,1029.5142237076666,4.769048135769445,2.0680960491537714,1.875,46.430241973486645,40.30807809296647,13.185724692143872,1
3,88,624.6549556159706,92.43441687744473,1030.0828106521672,4.775976577898607,2.04903080083189,1.875,46.325995158105876,39.54510145202423,14.637340618240696,1
3,89,622.3281896356624,92.03808040906469,1030.6412344874411,4.7829897126046585,2.060174039205165,1.875,46.22865865732988,39.80013066755093,13.905936655939854,1
3,90,620.0425565654873,91.64617194350717,1031.189786424283,4.790085113130974,2.0532804548832106,1.875,46.13787270031865,39.246733020197794,14.935971853061321,1
3,91,617.7967344634067,91.25856123674116,1031.7287837287824,4.79726013559348,2.0673442957252806,1.875,46.05328187745829,39.0748293156433,15.152997305129592,1
3,92,615.5893180622454,90.8751041411418,1032.258563665061,4.804511969457824,2.0462576932399394,1.875,45.97453753692996,38.90758943526965,15.371439236302578,1
3,93,613.4188413534105,90.49564563853929,1032.7794780751815,4.811837682706821,2.0766590005281453,1.875,45.901299752610115,38.41582060946078,16.307771639350328,1
3,94,611.2837975856493,90.12002255889382,1033.2918885794443,4.819234261837965,2.057845759013887,1.875,45.83323890236418,38.351374789831574,16.32410078735822,1
3,95,609.1826567905548,89.74806599352263,1033.7961623702668,4.826698646914442,2.079087298109447,1.875,45.77003689672975,37.97661643153049,17.027341452189432,1
3,96,607.1138809766351,89.37960341644185,1034.2926685656075,4.8342277619532705,2.044007928585518,1.875,45.7113880976635,38.376209707714445,16.046719855186346,1
3,97,605.0759371539011,89.01446053070312,1034.7817750830636,4.841818540974469,2.0864968461156366,1.875,45.65699996574692,38.13710620461888,16.470407093697922,1
3,98,603.0673083627568,88.6524628587986,1035.2638459929383,4.8494679500588465,2.044082374997086,1.875,45.60659347227005,38.54918727428321,15.474530458579231,1
3,99,601.0865028860451,88.29343709747221,1035.7392393073492,4.85717300577209,2.026226087522625,1.875,45.55990331016194,37.17489202824304,18.40436584080427,1
3,100,599.1320618228455,87.937212257787,1036.208305162517,4.864930790312358,2.0639866545320165,1.875,45.51667793499317,37.5800374569473,17.436774470625824,1
3,101,597.2025651982535,87.58362061121775,1036.6713843524192,4.87273846372984,2.0347617091883357,1.875,45.476679464388454,37.78752255306611,16.907911927350614,1
3,102,595.2966367759975,87.23249846200441,1037.1288071737606,4.880593273551995,2.0600623798063737,1.875,45.43968346127035,37.295505860965825,17.92305091043616,1
3,103,593.4129477312537,86.88368676513542,1037.5808925444992,4.888492562129174,2.0295802775575322,1.875,45.40547862349548,37.573190396310714,17.249654589329403,1
3,104,591.5502193301561,86.53703160823106,1038.0279473607625,4.896433771993646,2.068190389090123,1.875,45.37386639970671,37.18524258265032,18.047004733785098,1
3,105,589.7072247508636,86.19238457434821,1038.4702660597927,4.9044144495017274,2.092119105451903,1.875,45.34466054865038,36.787223954961306,18.871982919593773,1
3,106,587.8827901691205,85.84960300139532,1038.908130359411,4.912432247004908,2.024675862112455,1.875,45.31768665682601,36.72220679336617,18.967163810788083,1
3,107,586.075795219388,85.50855015248311,1039.3418091473468,4.9204849237721096,2.05427464520384,1.875,45.29278162716005,36.9032381495262,18.52291507881913,1
3,108,584.2851729311029,85.16909531018226,1039.7715584965354,4.928570345862206,2.0503616443738233,1.875,45.26979314943137,36.810718481951305,18.68591411398203,1
3,109,582.5099092286351,84.8311138063431,1040.1976217851275,4.936686485123937,2.030155577047141,1.875,45.24857916142108,37.0012083132491,18.226806235727466,1
3,110,580.7490420731895,84.49448699787696,1040.6202299024346,4.944831417479712,2.0535433419630986,1.875,45.22900730820562,36.80219768378049,18.631427320529102,1
3,111,579.0016603153128,84.15910219771735,1041.039601524325,4.953003320630626,2.062040872458504,1.875,45.210954405648685,36.49206617248897,19.284901961880223,1
3,112,577.2669023178718,83.82485256908079,1041.4559434437108,4.96120047130241,2.066581711135594,1.875,45.19430591296044,36.3751713261506,19.513817965906103,1
3,113,575.5439544013473,83.49163699013714,1041.8694509436766,4.969421242136027,2.0680408207283008,1.875,45.178955418167554,36.52385295369899,19.157376226073914,1
3,114,573.8320491560744,83.15935989527678,1042.280308202542,4.9776640983121485,2.0591167889249795,1.875,45.164804139458894,36.2145914797476,19.81678616843998,1
3,115,572.130463659566,82.82793109832865,1042.6886887217042,4.9859275939857985,2.0533916516452053,1.875,45.151760444624635,36.31405818453887,19.57332820040221,1
3,116,570.4385176312933,82.4972656023329,1043.0947557684897,4.99421036859592,2.0416585194897645,1.875,45.139739390176004,36.29837402873707,19.586655751413407,1
3,117,568.7555715521942,82.16728339980229,1043.4986628274735,5.002511143104388,2.054383206518063,1.875,45.12866228120568,35.225192236133736,21.944966999822526,1
3,118,567.0810247716804,81.83790926681212,1043.9005540547967,5.010828716210027,2.0577484538291655,1.875,45.11845625261128,35.339610217209554,21.67371591938225,1
3,119,565.4143136209899,81.50907255373252,1044.3005647309624,5.019161960575313,2.0719992365107243,1.875,45.109053871945406,35.246964058319755,21.86277247494912,1
4,0,1000.0,150.0,900.0,4.5,1.9718023350926726,1.51875,80.10039276386428,70.85886473779838,11.537431599505249,1
4,1,1000.0113597783277,149.98143531063855,899.9972736532013,4.515751886223322,1.9585469222183567,1.51875,80.1090538719454,71.64285235378864,10.568345410357757,1
4,2,1000.0246783859607,149.95747391751925,899.9940771873694,4.531507690105255,1.9623927924602165,1.51875,80.11845625261128,71.2124713490001,11.116021601228637,1
4,3,1000.0402069628768,149.9310421086366,899.9903503289096,4.5472679139257535,1.9504375370990943,1.51875,80.12866228120568,71.00885388302919,11.381455946651384,1
4,4,1000.0582247459066,149.90294750705905,899.9860260609825,4.56303311615848,1.9818875592989988,1.51875,80.139739390176,70.91670379361229,11.508691776073247,1
4,5,1000.0790418982419,149.8736250804092,899.981029944422,4.578803917129817,1.9608900216275706,1.51875,80.15176044462463,70.82999056132124,11.630149895140017,1
4,6,1000.1030025871618,149.8433630481283,899.9752793790811,4.594581005174324,1.9642443259808997,1.51875,80.1648041394589,71.6343828432421,10.641105392557105,1
4,7,1000.1304883257471,149.81237686803465,899.9686828018207,4.610365143318161,1.9718580542314659,1.51875,80.17895541816755,71.0797465838372,11.34862481916118,1
4,8,1000.1619215941337,149.78084160882622,899.9611388174079,4.626157176521601,2.0079426178288697,1.51875,80.19430591296044,70.69101275547352,11.850334072099084,1
4,9,1000.1977697552957,149.7489087212317,899.9525352587291,4.641958039510591,1.973063320683721,1.51875,80.21095440564868,70.84839764581719,11.672416603451055,1
4,10,1000.2385492793809,149.7167158111052,899.9427481729485,4.657768765225429,1.970587347110695,1.51875,80.22900730820561,70.8770508814869,11.65657751540224,1
4,11,1000.2848302891283,149.6843928799335,899.9316407306092,4.67359049391159,1.9576725743077579,1.51875,80.24857916142108,70.98311080733484,11.545959381347583,1
4,12,1000.3372414367892,149.65206662775424,899.9190620551706,4.689424482873578,1.95105746047204,1.51875,80.26979314943138,71.22046407906167,11.273641945885359,1
4,13,1000.3964751201125,149.619863627726,899.904845971173,4.705272116906892,1.9847763121534543,1.51875,80.29278162716005,70.80793854597265,11.81282163723051,1
4,14,1000.4632930412046,149.5879128147412,899.8888096701108,4.721134919415743,1.963410449592885,1.51875,80.31768665682601,71.02740731347207,11.56691599329621,1
4,15,1000.5385321072662,149.55634754451367,899.8707522942561,4.737014564214532,1.9563392097082386,1.51875,80.34466054865038,71.48930061769339,11.02171553216643,1
4,16,1000.6231106661778,149.52530737877294,899.8504534401173,4.752912887999022,1.9794686305941975,1.51875,80.37386639970671,71.0896192410523,11.5513257910015,1
4,17,1000.7180350624399,149.49493969432487,899.8276715850144,4.768831903458214,1.985939017627508,1.51875,80.40547862349548,70.81131707671304,11.932223663150873,1
4,18,1000.8244064898819,149.4654011787258,899.8021424424284,4.784773812979764,1.9940903156560577,1.51875,80.43968346127035,71.03538272598593,11.691121012195868,1
4,19,1000.9434281066021,149.43685925302245,899.7735772544155,4.800741022879871,1.9913130254403388,1.51875,80.47667946438845,70.94987261825527,11.837972080283045,1
4,20,1001.0764123645691,149.40949344702165,899.7416610325034,4.816736158062471,1.998655680554986,1.51875,80.51667793499317,71.14722103460261,11.636666018380922,1
4,21,1001.2247884909792,149.38349674185605,899.706050762165,4.832762076981958,2.015960256503904,1.51875,80.55990331016194,70.942843843389,11.937774341345111,1
4,22,1001.3901100406189,149.35907688644596,899.6663735902515,4.8488218867479045,1.9764011039421772,1.51875,80.60659347227005,70.72710916762422,12.256422060615337,1
4,23,1001.5740624179354,149.33645768777245,899.6222250196955,4.864918958169204,1.9617241512694379,1.51875,80.65699996574692,71.22661432778366,11.691961816045863,1
4,24,1001.7784702441587,149.31588026900755,899.5731671414019,4.8810569404883175,1.9948966047711523,1.51875,80.7113880976635,71.97501704090772,10.824211133854472,1
4,25,1002.0053044185671,149.29760428408625,899.5187269395439,4.897239775503801,1.9703775378878978,1.51875,80.77003689672975,70.80587585660537,12.33645720982432,1
4,26,1002.256688693903,149.28190907198453,899.4583947134632,4.913471710721139,1.987376631227907,1.51875,80.83323890236417,70.78319322589,12.433060722227513,1
4,27,1002.5349055542159,149.26909472863048,899.3916226669882,4.929757311108432,1.983595663780897,1.51875,80.90129975261011,70.99230477640367,12.248251890275409,1
4,28,1002.842401149379,149.25948306894065,899.317823724149,4.946101468965424,1.97654201542797,1.51875,80.97453753692996,71.49169611515224,11.710892967376187,1
4,29,1003.1817890048219,149.2534184459235,899.2363706388427,4.962509411342977,1.9700954474387482,1.51875,81.05328187745829,71.46894249042438,11.824739436860984,1
4,30,1003.5558521884958,149.2512683881691,899.146595474761,4.978986704376991,1.9897732869927451,1.51875,81.13787270031865,70.67843174167287,12.890947976017998,1
4,31,1003.9675435809611,149.25342401144866,899.0477895405694,4.995539253828589,1.9542781010996508,1.51875,81.22865865732987,70.77702129226522,12.866933343262248,1
4,32,1004.4199838603529,149.2603001547431,898.9392038735153,5.012173301054039,2.012344858070965,1.51875,81.32599515810588,71.3002225115402,12.32788191165024,1
4,33,1004.9164567838603,149.2723351860339,898.8200503718735,5.028895413567721,2.007926700279695,1.51875,81.43024197348664,70.88212999248175,12.953555982848874,1
4,34,1005.460401323729,149.289990418915,898.689503682305,5.045712469314124,1.9608547475293916,1.51875,81.54176037375878,71.62241046882457,12.164748295189352,1
4,35,1006.0554002016139,149.31374907789197,898.5467039516127,5.0626316337365616,1.9758956081088959,1.51875,81.66090976958553,71.60656661311084,12.312308526618216,1
4,36,1006.7051643637441,149.34411474855037,898.3907605527014,5.079660328727488,1.9472339513444972,1.51875,81.78804383033176,71.89407877493012,12.097079954530445,1
4,37,1007.4135129545675,149.3816092490971,898.2207568909038,5.0968061925758015,1.987850437935508,1.51875,81.92350606388779,71.69646219365232,12.483650128767602,1
4,38,1008.184348382293,149.42676986264115,898.0357563882496,5.11407703009792,1.958597910398726,1.51875,82.06762485447403,71.71769149880595,12.611469351063892,1
4,39,1009.0216261300561,149.48014587554462,897.8348097287866,5.131480752260112,1.9664803164404925,1.51875,82.22070797047535,71.20558016231051,13.397023791281704,1
4,40,1009.9293190550571,149.54229437678754,897.6169634267862,5.149025304776781,1.9713016589859325,1.51875,82.38303657321373,71.73768547251694,12.921775578442379,1
4,41,1010.9113760381214,149.61377528704253,897.3812697508508,5.166718585409576,1.9935581462178646,1.51875,82.55485877965769,71.21890959858386,13.731413691022043,1
4,42,1011.9716749997921,149.6951456044196,897.1267980000499,5.1845683499995845,1.9770141125974563,1.51875,82.73638285709535,71.62302053256839,13.432255485137992,1
4,43,1013.1139704868674,149.78695287681768,896.8526470831519,5.202582107640401,1.9786945828642732,1.51875,82.9277701552076,72.1843127363658,12.95519872141063,1
4,44,1014.3418362536655,149.88972793844587,896.5579592991203,5.220767005840664,1.9705732204777584,1.51875,83.12912790989067,72.41634733810824,12.886915622878595,1
4,45,1015.6586035111545,150.00397697997158,896.2419351573229,5.239129707022309,1.9473947948383683,1.51875,83.34050208237963,72.60450495124269,12.882088375859224,1
4,46,1017.067295787218,150.13017305714283,895.9038490110677,5.257676258241102,1.9581485386964794,1.51875,83.56187042515853,71.93882345920757,13.90951029077436,1
4,47,1018.5705616223102,150.26874718039863,895.5430652106455,5.276411956577954,1.966862196610366,1.51875,83.79313599093996,71.9173005191153,14.172802260448542,1
4,48,1020.1706066027497,150.42007916625542,895.15905441534,5.295341213205499,1.9773935938652862,1.51875,84.03412132054993,72.61848030338112,13.58453070940506,1
4,49,1021.869126492091,150.58448846802978,894.7514096418981,5.314467419650849,1.9969838544478828,1.51875,84.28456355763416,73.05745913263053,13.320475246130318,1
4,50,1023.6672434402025,150.76222523625037,894.3198615743514,5.333792820213739,1.944470189276602,1.51875,84.54411074051889,72.72910449408363,13.974960695603794,1
4,51,1025.5654474094608,150.95346188522493,893.8642926217294,5.353318394818922,1.9827234044310464,1.51875,84.8123195123691,73.43426187495993,13.415571821201972,1
4,52,1027.5635450377774,151.1582854588995,893.3847491909335,5.373043756742222,1.9967601343180998,1.51875,85.08865446851274,73.73371051321321,13.344839010824241,1
4,53,1029.6606181410893,151.37669109382335,892.8814516461385,5.392967069615512,1.970519663815404,1.51875,85.37248932366903,73.64417455491795,13.737815145914304,1
4,54,1031.8549939298434,151.60857686760363,892.3548014568375,5.413084987859687,1.9982848860992382,1.51875,85.66311003197218,73.6625131342825,14.009060484975006,1
4,55,1034.1442287674734,151.8537402963443,891.8053850958064,5.4333926242016135,1.9799046397591646,1.51875,85.95971993032262,73.84536857433912,14.09305587059052,1
4,56,1036.5251069345475,152.1118767038256,891.2339743357086,5.4538835472024285,1.9612911537310538,1.51875,86.26144690306528,74.15614839882308,14.033266237517793,1
4,57,1038.9936553898585,152.3825796293906,890.641522706434,5.474549810779717,1.9585592469935704,1.51875,86.56735248671302,74.32139867768959,14.146157248950209,1
4,58,1041.5451749584774,152.6653433727046,890.0291580099654,5.495382016583622,1.9516110187297195,1.51875,86.876442751748,74.52708793473205,14.214848612419129,1
4,59,1044.1742877547003,152.95956769499566,889.3981709388719,5.516369408842734,1.9812779218926795,1.51875,87.18768071940886,74.66745506122092,14.36008568513374,1
4,60,1046.875,153.26456461236046,888.75,5.5375,1.9724959510709805,1.51875,87.5,75.12190924358453,14.1463894359034,1
4,61,1049.6407787620897,153.57956713223567,888.0862130970985,5.558760724190845,1.9813608138567889,1.51875,87.81231928059114,75.29639562188046,14.253038481671249,1
4,62,1052.4646405616274,153.9037397045071,887.4084862652094,5.580137614456588,1.9940274428577183,1.51875,88.123557248252,74.97121802697127,14.924884596101135,1
4,63,1055.3392493059457,154.2361900891024,886.718580166573,5.601615998611892,2.0310651729637175,1.51875,88.43264751328698,75.62965532637799,14.477676001937349,1
4,64,1058.2570206462315,154.5759822867871,886.0183150449044,5.623180707959129,1.9803779164874438,1.51875,88.73855309693472,75.83309272984609,14.543239569154556,1
4,65,1061.2102296384405,154.92215014268837,885.3095448867742,5.644816292610215,1.9851954792105482,1.51875,89.04028006967738,76.4692796080155,14.11832987477645,1
4,66,1064.1911185301913,155.27371121485405,884.5941315527541,5.666507237060383,1.9592958452734603,1.51875,89.33688996802782,76.95828254328158,13.856098448441994,1
4,67,1067.1920015952264,155.6296805034324,883.8739196171456,5.68823816985712,1.9690308984283238,1.51875,89.62751067633097,77.0813352477921,13.998129964633833,1
4,68,1070.2053641813682,155.98908365879464,883.1507125964716,5.70999406169607,1.9539669199164416,1.51875,89.91134553148726,77.17046257654953,14.170495257993698,1
4,69,1073.223953504847,156.35096932672695,882.4262511588367,5.731760407009694,2.012378261364004,1.51875,90.1876804876309,77.79088479199493,13.7455533046292,1
4,70,1076.2408591837166,156.7144203422088,881.7021937959081,5.7535233850341,1.9784625311293833,1.51875,90.45588925948111,77.61602222867245,14.194616996109907,1
4,71,1079.249582021664,157.07856354609933,880.9801003148007,5.775269997376661,1.9736600867378624,1.51875,90.71543644236584,78.08166565202238,13.926814758114583,1
4,72,1082.2440900958754,157.4425780668185,880.2614183769899,5.796988180191751,1.9812946847187571,1.51875,90.96587867945007,77.98019178467261,14.2753382733069,1
4,73,1085.2188617355607,157.80570197749992,879.5474731834654,5.818666890137788,1.9856782752392095,1.51875,91.20686400906004,78.2531393261758,14.202576553446114,1
4,74,1088.1689154727364,158.16723730423416,878.8394602865433,5.840296164278806,2.004932633066,1.51875,91.43812957484147,78.63542018011525,14.00149965255719,1
4,75,1091.0898274814092,158.5265534197443,878.1384414044618,5.861867154962818,1.9782426824138857,1.51875,91.65949791762037,79.41633688167983,13.357220270772347,1
4,76,1093.9777373800323,158.8830889068333,877.4453430287923,5.883372141426731,1.9672625151510732,1.51875,91.87087209010933,79.474808320171,13.492920539363071,1
4,77,1096.8293435467724,159.23635201580876,876.7609575487746,5.904804520426879,2.0010137470041633,1.51875,92.0722298447924,79.83263051237167,13.293475517051364,1
4,78,1099.6418892861004,159.58591986927428,876.085946571336,5.9261587785722005,1.9794211286138492,1.51875,92.26361714290465,79.4010719473072,13.941080562314173,1
4,79,1102.4131412924003,159.9314365863889,875.420846089824,5.947430449251467,1.9536356709655578,1.51875,92.44514122034231,80.45699591921975,12.967847896460997,1
4,80,1105.1413618898857,160.27261050773137,874.7660731464275,5.968616057113104,1.9837091221271899,1.51875,92.61696342678627,80.63684974109842,12.9351181926388,1
4,81,1107.8252764991144,160.60921070249296,874.1219336402125,5.989713052998229,1.98501805466466,1.51875,92.77929202952465,81.0580699603682,12.633446335661272,1
4,82,1110.4640377013677,160.94106293334363,873.4886309516718,6.010719742069402,1.9670821175212598,1.51875,92.93237514552597,80.93878860379728,12.90571399143466,1
4,83,1113.0571871559703,161.26804524254516,872.8662750825672,6.031635207645274,1.9517366293577805,1.51875,93.07649393611221,80.74889786936777,13.24458576534492,1
4,84,1115.604616484597,161.59008330728705,872.2548920436967,6.052459232969194,1.939435301708601,1.51875,93.21195616966824,81.09492741164355,12.999436183882649,1
4,85,1118.1065280817947,161.907145694222,871.6544332603693,6.073192222830256,2.003361352330155,1.51875,93.33909023041448,81.17988421315187,13.026917218977296,1
4,86,1120.5633966517444,162.21923912403756,871.0647848035813,6.093835126636822,1.9662393963088183,1.51875,93.45823962624122,81.4582459310931,12.839952628188344,1
4,87,1122.9759321152774,162.52640383765055,870.4857762923334,6.114389364230554,1.960290636760295,1.51875,93.56975802651336,82.11867329020737,12.238018968758343,1
4,88,1125.3450443840293,162.82870913706034,869.917189347833,6.1348567554347255,1.958307798556262,1.51875,93.67400484189412,82.61563238594341,11.80516673181142,1
4,89,1127.6718103643377,163.12624915663773,869.358765512559,6.155239454062009,2.0029896784373538,1.51875,93.77134134267013,81.86860910802233,12.69335818835251,1
4,90,1129.9574434345127,163.4191389050455,868.810213575717,6.175539886869025,1.9586502694133399,1.51875,93.86212729968135,82.74087322883994,11.84849991235939,1
4,91,1132.2032655365933,163.70751060431212,868.2712162712176,6.195760697739853,1.9948324565406699,1.51875,93.94671812254171,82.82758282853862,11.835576075685337,1
4,92,1134.4106819377546,163.9915103408892,867.741436334939,6.215904697208843,1.971911408115446,1.51875,94.02546246307004,82.80691052152046,11.931397780633983,1
4,93,1136.5811586465895,164.2712950337961,867.2205219248185,6.2359748172931795,1.9416541989751153,1.51875,94.09870024738989,83.76851854478585,10.978028044431545,1
4,94,1138.7162024143508,164.5470297170897,866.7081114205558,6.255974071495368,1.9358287185425034,1.51875,94.16676109763583,84.2308947219246,10.551351941912209,1
4,95,1140.8173432094452,164.81888512773588,866.2038376297331,6.275905519752224,1.986813144007997,1.51875,94.22996310327025,83.97617948398718,10.881659380515254,1
4,96,1142.8861190233652,165.08703558532184,865.7073314343924,6.29577223804673,1.9838194893702508,1.51875,94.2886119023365,83.89023783809637,11.028239629840659,1
4,97,1144.9240628460989,165.35165714673235,865.2182249169363,6.3155772923588644,1.9801518066143795,1.51875,94.34300003425308,84.09998670157569,10.857205440741195,1
4,98,1146.9326916372434,165.61292601671744,864.7361540070616,6.33532371660782,1.9833715815491717,1.51875,94.39340652772995,84.34010203413877,10.650430854657019,1
4,99,1148.9134971139551,165.87101719401653,864.2607606926508,6.35501449422791,1.9533031523583275,1.51875,94.44009668983806,84.25352118351225,10.78628237726265,1
4,100,1150.8679381771544,166.12610333219004,863.791694837483,6.374652543020976,1.952624668514512,1.51875,94.48332206500683,84.99165407017728,10.045866071791016,1
4,101,1152.7974348017465,166.37835379439187,863.3286156475808,6.394240702936826,1.9599611837711803,1.51875,94.52332053561155,84.31667740437774,10.798015847727719,1
4,102,1154.7033632240027,166.62793388184843,862.8711928262394,6.413781726448005,1.9802468893373384,1.51875,94.56031653872965,85.54289324753539,9.53616022160939,1
4,103,1156.5870522687462,166.87500421667679,862.4191074555009,6.433278271204159,1.9877717798039127,1.51875,94.59452137650452,85.09362789773269,10.043809451666268,1
4,104,1158.449780669844,167.1197202607727,861.9720526392374,6.452732894673021,1.9405738817084603,1.51875,94.62613360029329,85.37483534920739,9.77668419821945,1
4,105,1160.2927752491364,167.36223195374993,861.5297339402073,6.472148050498273,1.969125638458428,1.51875,94.65533945134962,85.32374011579039,9.858502847961823,1
4,106,1162.1172098308796,167.60268345424151,861.0918696405889,6.491526086328426,1.983330862065213,1.51875,94.68231334317399,86.35479569494419,8.79521988235215,1
4,107,1163.924204780612,167.8412129702401,860.6581908526531,6.510869242894557,1.976755770369528,1.51875,94.70721837283995,86.01713729074208,9.175732569704524,1
4,108,1165.7148270688972,168.0779526655065,860.2284415034648,6.530179654137795,1.9535655550436857,1.51875,94.73020685056862,86.54171438793992,8.64401412692529,1
4,109,1167.490090771365,168.31302863039312,859.8023782148724,6.549459348209396,1.970807232684162,1.51875,94.75142083857892,86.13333615023211,9.095467500195923,1
4,110,1169.2509579268105,168.54656090668266,859.3797700975654,6.568710249186955,1.9735838838933946,1.51875,94.77099269179439,86.62035926715708,8.600346153536721,1
4,111,1170.9983396846872,168.7786635572262,858.9603984756751,6.587934179369375,1.9750944241932602,1.51875,94.78904559435132,87.01021635487784,8.206464355346393,1
4,112,1172.7330976821283,169.00944477226074,858.5440565562892,6.607132862030923,1.9799895470712994,1.51875,94.80569408703957,86.73444113509578,8.51346855235689,1
4,113,1174.4560455986527,169.23900700529765,858.1305490563233,6.626307924530639,1.9803339603469001,1.51875,94.82104458183245,87.13614908655288,8.104630706369575,1
4,114,1176.1679508439256,169.4674471323955,857.7196917974578,6.645460901687851,1.9463825976350855,1.51875,94.8351958605411,87.4693741744123,7.766970500024635,1
4,115,1177.869536340434,169.69485662946406,857.3113112782959,6.664593239347535,1.966292035633135,1.51875,94.84823955537536,87.2224900016262,8.03994843709989,1
4,116,1179.5614823687067,169.92132176299629,856.9052442315104,6.683706298070748,1.987337635761881,1.51875,94.860260609824,87.70990722622837,7.537775394700021,1
4,117,1181.2444284478058,170.14692379029503,856.5013371725266,6.702801356895612,1.9582934824430405,1.51875,94.87133771879432,87.86650966066463,7.383502991064087,1
4,118,1182.9189752283196,170.37173916585562,856.0994459452033,6.721879617123307,1.9611011529905717,1.51875,94.88154374738872,88.33621274255854,6.898423809646658,1
4,119,1184.5856863790102,170.59583975109044,855.6994352690376,6.740942206091354,1.9557462363950469,1.51875,94.8909461280546,88.01974700965214,7.241153554449577,1
5,0,750.0,112.5,1000.0,4.0,1.898046267928649,1.875,60.06692850924285,48.41138322741103,19.404263828869347,1
5,1,750.0075731855518,112.48602415730221,999.9981824354676,4.01168181303777,1.9344737739278812,1.875,60.07270258129694,48.47227637818984,19.310644776482523,1
5,2,750.0164522573072,112.46797486082025,999.9960514582463,4.023366237847948,1.918092483131685,1.875,60.07897083507419,48.296739193978695,19.61124080077785,1
5,3,750.0268046419178,112.4480508693007,999.9935668859397,4.035053609283835,1.9226744657488213,1.875,60.08577485413712,48.29601266420119,19.621553052376356,1
5,4,750.0388164972711,112.42685674330417,999.990684040655,4.046744299661209,1.9410758186451373,1.875,60.093159593450665,49.01887571834711,18.42852655780559,1
5,5,750.052694598828,112.40471647192854,999.9873532962813,4.0584387225309895,1.9106484006090825,1.875,60.10117362974976,47.92145788438439,20.26535425147917,1
5,6,750.0686683914412,112.38184335862755,999.9835195860541,4.070137336782882,1.9200325953422142,1.875,60.109869426305934,49.114995151898164,18.291296220310993,1
5,7,750.0869922171648,112.35839562520184,999.9791218678805,4.081840651100996,1.9057247449498447,1.875,60.1193036121117,48.82272038226318,18.790276252589027,1
5,8,750.1079477294224,112.33450071391238,999.9740925449386,4.093549228792178,1.955352252590768,1.875,60.12953727530696,48.206153942701384,19.82949457604105,1
5,9,750.1318465035304,112.31026785356383,999.9683568391526,4.1052636930070605,1.9331778978929446,1.875,60.14063627043245,48.844769734206245,18.78241940346698,1
5,10,750.1590328529205,112.28579535982458,999.9618321152991,4.116984732372508,1.9142156814894895,1.875,60.152671538803745,48.28200879114657,19.73422367450389,1
5,11,750.1898868594188,112.26117527569042,999.9544271537395,4.128713107052171,1.9101646180302663,1.875,60.165719440947385,48.037687061666226,20.157711886392075,1
5,12,750.2248276245261,112.23649655127882,999.9460413701137,4.140449655249053,1.908812685407919,1.875,60.17986209962091,47.976423469253525,20.27827616182633,1
5,13,750.2643167467418,112.21184737126443,999.936563980782,4.15219530016015,1.9224799056744237,1.875,60.19518775144004,48.126455360598996,20.049330921062413,1
5,14,750.3088620274698,112.18731696244272,999.9258731134073,4.163951057388273,1.9264739545450542,1.875,60.21179110455068,47.89715428450978,20.452201461102497,1
5,15,750.3590214048442,112.16299707413079,999.9138348628373,4.175718042809688,1.9284158409535284,1.875,60.22977369910026,48.61922910333866,19.277084874610846,1
5,16,750.4154071107853,112.13898324838473,999.9003022934115,4.187497480888237,1.88192352345781,1.875,60.24924426647114,48.44834609588523,19.58679866322098,1
5,17,750.4786900416266,112.11537595357709,999.8851143900096,4.199290713416587,1.9463516161587051,1.875,60.27031908233032,48.02943994229212,20.309962393457614,1
5,18,750.549604326588,112.09228162864832,999.8680949616189,4.2110992086531756,1.9552496840459932,1.875,60.29312230751356,48.53037925452066,19.5092617579154,1
5,19,750.628952071068,112.06981366869807,999.8490515029437,4.222924570808803,1.907697999194071,1.875,60.3177863095923,48.35574566658589,19.831697041414955,1
5,20,750.717608243046,112.04809337145014,999.8277740216689,4.234768549819425,1.9329647745596736,1.875,60.34445195666211,48.422021469027435,19.757293505949928,1
5,21,750.8165256606528,112.02725085624466,999.8040338414434,4.2466330513213055,1.9325733561581666,1.875,60.3732688734413,48.129990808716414,20.27930289875492,1
5,22,750.9267400270793,112.00742596126419,999.777582393501,4.258520146720825,1.9251854527899608,1.875,60.404395648180035,47.98428691548155,20.56159754505002,1
5,23,751.0493749452902,111.98876911989505,999.7481500131304,4.2704320832239135,1.9195737150822652,1.875,60.43799997716461,48.141773720338165,20.345190544810134,1
5,24,751.1856468294392,111.9714422129706,999.7154447609346,4.282371293658878,1.907087637457444,1.875,60.47425873177567,48.783824459058,19.331256832049483,1
5,25,751.336869612378,111.95561938982719,999.6791512930292,4.294340405891423,1.9436244387211246,1.875,60.513357931153166,48.63610896387065,19.62748287873137,1
5,26,751.5044591292686,111.94148784743068,999.6389298089755,4.306342251591871,1.8999519810157877,1.875,60.55549260157612,48.33585539699011,20.179238380546106,1
5,27,751.689937036144,111.92924855318,999.5944151113255,4.318379874072288,1.9460601903088228,1.875,60.60086650174008,48.52384715898634,19.928789867067266,1
5,28,751.8949340995861,111.91911689330155,999.5452158160994,4.330456534865839,1.968184827108873,1.875,60.64969169128664,48.63213448502862,19.81470452880232,1
5,29,752.1211926698812,111.91132322499544,999.4909137592285,4.342575718673096,1.9256392186390399,1.875,60.702187918305526,48.404043647806766,20.259803958054857,1
5,30,752.3705681256638,111.90611330670583,999.4310636498407,4.354741136251327,1.9244690544048848,1.875,60.75858180021243,48.468483329023954,20.227757309413548,1
5,31,752.645029053974,111.90374857712649,999.3651930270462,4.366956724774615,1.935960409843011,1.875,60.819105771553254,48.830661514979866,19.71164176863105,1
5,32,752.9466559069019,111.90450624992543,999.2928025823435,4.3792266451471376,1.9060784470990801,1.875,60.88399677207058,48.14261458726556,20.92730908009294,1
5,33,753.277637855907,111.90867918782936,999.2133669145824,4.391555275711814,1.8850741288471733,1.875,60.9534946489911,48.70198572648005,20.09976457143763,1
5,34,753.6402675491527,111.91657551684446,999.1263357882034,4.403947201764972,1.8997309041857617,1.875,61.02784024917252,47.942192107525884,21.442096079787234,1
5,35,754.0369334677426,111.92851793924896,999.0311359677418,4.416407200268819,1.9295698083998585,1.875,61.107273179723684,49.38909145873962,19.17641077931838,1
5,36,754.4701095758294,111.94484270286075,998.9271737018009,4.4289402191516585,1.9216768180784414,1.875,61.19202922022117,48.91838528770433,20.057586076032532,1
5,37,754.9423419697117,111.96589818429024,998.8138379272692,4.44155135060609,1.9234348234801906,1.875,61.282337375925195,48.67342766097529,20.575112267018916,1
5,38,755.456232254862,111.99204304578988,998.6905042588331,4.454245797843058,1.9401797659689946,1.875,61.37841656964936,48.66734152695676,20.709356404247842,1
5,39,756.0144174200374,112.0236439292839,998.556539819191,4.467028834840074,1.9271460825906772,1.875,61.48047198031689,48.88171995697071,20.49228253709519,1
5,40,756.6195460367048,112.06107265756499,998.4113089511909,4.479905758740077,1.9084364272363783,1.875,61.58869104880915,49.11254783713795,20.25719819533725,1
5,41,757.274250692081,112.10470292180959,998.2541798339006,4.492881834717495,1.918299041175331,1.875,61.70323918643846,48.644470039463776,21.163830812053742,1
5,42,757.9811166665281,112.1549064467374,998.0845320000333,4.505962233333056,1.9325284331806472,1.875,61.824255238063564,48.66527574930813,21.284493340170147,1
5,43,758.7426469912449,112.21204864005455,997.9017647221012,4.519151960649157,1.9223618594566219,1.875,61.9518467701384,48.98024592691355,20.93819881004312,1
5,44,759.5612241691103,112.27648375123593,997.7053061994135,4.532455781671554,1.9435161476258707,1.875,62.08608527326045,49.20285365367555,20.750594215888693,1
5,45,760.4390690074363,112.34854958596381,997.4946234382153,4.5458781380148725,1.9212976971343363,1.875,62.227001388253086,49.35294817000108,20.688853602195767,1
5,46,761.3781971914786,112.42856184613035,997.2692326740452,4.559423061049624,1.9496023872895853,1.875,62.37458028343902,49.36711851726312,20.853786441637173,1
5,47,762.3803744148735,112.51680819042261,997.0287101404303,4.57309408216308,1.9220052887061068,1.875,62.528757327293306,48.85836176546575,21.86257355199435,1
5,48,763.4470710684998,112.61354213602326,996.77270294356,4.586894142137,1.9004959630477318,1.875,62.689414213699955,49.22216990105455,21.48248549067207,1
5,49,764.579417661394,112.71897694647356,996.5009397612654,4.600825501989455,1.9096079922660536,1.875,62.85637570508944,49.348876155809,21.489466100710523,1
5,50,765.7781622934683,112.83327967260746,996.2132410495676,4.61488965792027,1.9229312348071814,1.875,63.029407160345926,49.6634465547305,21.205911982660112,1
5,51,767.0436316063073,112.95656553087153,995.9095284144863,4.6290872632126145,1.9203882607480574,1.875,63.20821300824607,49.74237223295873,21.303941583557506,1
5,52,768.3756966918515,113.08889281446145,995.5898327939556,4.64341806005037,1.9230877246054416,1.875,63.39243631234183,49.104863070747996,22.538293324454852,1
5,53,769.7737454273929,113.23025853582064,995.2543010974257,4.657880824188119,1.9030115284328641,1.875,63.581659549112686,49.74210597148861,21.76658123705299,1
5,54,771.2366626198957,113.38059499276156,994.903200971225,4.672473325239792,1.897604341452417,1.875,63.77540668798145,50.069770717182486,21.4904720840954,1
5,55,772.7628191783156,113.53976743387534,994.5369233972043,4.687192305023298,1.9524132529561131,1.875,63.97314662021508,50.41283786629297,21.19687629940208,1
5,56,774.3500712896983,113.70757297173736,994.1559828904724,4.70203347591273,1.9175293788906351,1.875,64.17429793537686,50.58472538496172,21.17603618211726,1
5,57,775.9957702599057,113.88374085522251,993.7610151376226,4.716991540519811,1.9247715854532814,1.875,64.37823499114202,50.16482917675606,22.077967524803416,1
5,58,777.6967833056517,114.06793416637608,993.3527720066436,4.73206023327797,1.9095301830384204,1.875,64.584295167832,50.289899657041,22.132927941142448,1
5,59,779.4495251698002,114.25975295491482,992.932113959248,4.747232383672934,1.9140346999384146,1.875,64.79178714627257,50.566215356871865,21.955825600682,1
5,60,781.25,114.45873876741628,992.5,4.7625,1.9250097159302364,1.875,65.0,50.659309488110104,22.062600787522918,1
5,61,783.0938525080597,114.66438047193161,992.0574753980657,4.777854371682786,1.9305369997041661,1.875,65.20821285372743,51.15789905927273,21.54684690710943,1
5,62,784.976427041085,114.8761212256715,991.6056575101396,4.793286187415504,1.9407893190180656,1.875,65.415704832168,50.50434800889423,22.794765968708404,1
5,63,786.8928328706304,115.09336638699735,991.1457201110487,4.808785665741261,1.8707198136112,1.875,65.62176500885798,51.31763235503911,21.797848094893546,1
5,64,788.8380137641543,115.31549213619894,990.678876696603,4.824342694194975,1.8944606623409308,1.875,65.82570206462314,51.134766147202534,22.317932747603756,1
5,65,790.8068197589603,115.54185454474211,990.2063632578495,4.839946972851254,1.898395975788052,1.875,66.02685337978491,50.81252826820757,23.04263240300866,1
5,66,792.7940790201275,115.77179882119363,989.7294210351694,4.855588158040255,1.932627490873335,1.875,66.22459331201854,51.75756073468822,21.845407957688163,1
5,67,794.7946677301511,116.0046684642135,989.2492797447637,4.871256002126969,1.9102680282947049,1.875,66.41834045088731,50.885067391557115,23.387023755608883,1
5,68,796.803576120912,116.23981406816422,988.7671417309812,4.886940485575157,1.9108733473441895,1.875,66.60756368765817,51.93163170886238,22.033431589864797,1
5,69,798.8159690032313,116.47660155342224,988.2841674392245,4.902631938006462,1.8922200049337565,1.875,66.79178699175392,52.00581222344712,22.137414544893474,1
5,70,800.827239455811,116.71441962907004,987.8014625306054,4.918321145578289,1.9214920393257793,1.875,66.97059283965407,52.29970932033596,21.90645609849121,1
5,71,802.8330546811093,116.95268633751758,987.3200668765338,4.933999442695552,1.9241898436775222,1.875,67.14362429491055,51.987595697371965,22.57255064303612,1
5,72,804.8293933972504,117.1908545757781,986.84094558466,4.949658786794501,1.945729666342529,1.875,67.31058578630005,52.400056868592905,22.151833539297375,1
5,73,806.8125744903738,117.42841653371687,986.3649821223103,4.965291815647414,1.9212521455190406,1.875,67.4712426727067,52.298071609973924,22.488352758427236,1
5,74,808.7792769818242,117.66490703301935,985.8929735243622,4.980891887296981,1.912932591285409,1.875,67.62541971656097,52.4548703351042,22.433205509172783,1
5,75,810.7265516542727,117.89990578977337,985.4256276029745,4.9964531033085455,1.9183393151107708,1.875,67.77299861174691,53.38573338205914,21.228609511744494,1
5,76,812.6518249200215,118.13303865689302,984.9635620191949,5.0119703165067095,1.8943602134506121,1.875,67.91391472673955,52.51502364335659,22.67413260646569,1
5,77,814.5528956978483,118.36397792918733,984.5073050325165,5.02743912472903,1.9512216428591114,1.875,68.0481532298616,53.1261370904124,21.928612947134273,1
5,78,816.4279261907336,118.59244181333445,984.057297714224,5.042855852381467,1.9084167815360409,1.875,68.17574476193644,53.60916851546023,21.366215062763715,1
5,79,818.275427528267,118.81819317749562,983.6138973932159,5.058217521723201,1.909685925514502,1.875,68.29676081356155,53.98655739878719,20.952975286542152,1
5,80,820.0942412599237,119.041037701327,983.1773820976183,5.07352181585318,1.9353567537360246,1.875,68.41130895119085,53.45140130610229,21.867594516809994,1
5,81,821.8835176660763,119.26082154753949,982.7479557601417,5.088767035332152,1.9649444005745493,1.875,68.51952801968311,53.57608503515924,21.80902790257279,1
5,82,823.6426918009117,119.47742867190209,982.3257539677812,5.10395205026849,1.9366401437494254,1.875,68.62158343035064,53.95912077911902,21.367129579738844,1
5,83,825.3714581039801,119.69077788073972,981.9108500550448,5.119076249541293,1.947833062097215,1.875,68.7176626240748,54.47871072294345,20.720949108858118,1
5,84,827.0697443230647,119.90081973457484,981.5032613624645,5.134139488646129,1.9224383192905545,1.875,68.80797077977883,53.89366809375493,21.675254359349434,1
5,85,828.7376853878633,120.10753338456543,981.1029555069128,5.1491420374423935,1.9309976791680215,1.875,68.89272682027632,54.05076473265108,21.543583441462786,1
5,86,830.3755977678295,120.31092341562987,980.7098565357209,5.164084528868992,1.9620659812597716,1.875,68.97215975082749,54.4452381771806,21.06200766530673,1
5,87,831.9839547435181,120.5110167573169,980.3238508615557,5.178967909487036,1.9144918052829971,1.875,69.0465053510089,54.54480197007102,21.002805728133765,1
5,88,833.5633629226863,120.7078597111119,979.9447928985553,5.193793392512039,1.8948557105186452,1.875,69.11600322792941,54.30326176141454,21.431710131828225,1
5,89,835.1145402428917,120.90151513136335,979.572510341706,5.208562413819116,1.9458065144681278,1.875,69.18089422844675,54.557422683046646,21.13802041516113,1
5,90,836.6382956230084,121.09205978662806,979.206809050478,5.223276591246017,1.9008600166556004,1.875,69.24141819978756,54.99649860992696,20.572830482412485,1
5,91,838.1355103577289,121.27958191911537,978.8474775141451,5.237937687382124,1.945512319402499,1.875,69.29781208169447,55.20192740852806,20.341024124324335,1
5,92,839.6071212918364,121.46417901211805,978.4942908899593,5.252547575917006,1.9417191900253554,1.875,69.35030830871335,54.86930059783848,20.88095650045645,1
5,93,841.0541057643931,121.64595576883242,978.1470146165457,5.267108211528786,1.8933620229744024,1.875,69.39913349825993,55.61937216380024,19.855811794545232,1
5,94,842.4774682762338,121.82502230072569,977.8054076137039,5.2816216032191345,1.9153446395323965,1.875,69.44450739842388,55.220886807144986,20.48199508374901,1
5,95,843.8782288062968,122.0014925195029,977.4692250864888,5.296089790945927,1.9483621191462204,1.875,69.48664206884683,55.59733299655932,19.98845916100838,1
5,96,845.2574126822434,122.17548272363189,977.1382209562616,5.3105148253644865,1.9309159917508714,1.875,69.52574126822434,56.17233139560514,19.206425748274857,1
5,97,846.6160418973993,122.34711036817563,976.8121499446241,5.3248987504614655,1.9089278717016362,1.875,69.56200002283539,55.88840169662534,19.656706710159813,1
5,98,847.9551277581622,122.51649300521717,976.4907693380411,5.339243588849658,1.922938498807181,1.875,69.59560435181997,55.80520615533281,19.81504194830163,1
5,99,849.2756647426366,122.68374738132002,976.1738404617672,5.353551329485273,1.9523676048374898,1.875,69.62673112655871,56.00252757694121,19.56748985508617,1
5,100,850.5786254514363,122.8489886781256,975.8611298916553,5.367823917569539,1.932564157890232,1.875,69.65554804333789,56.256798644118064,19.235724612895826,1
5,101,851.8649565344975,123.01232988224264,975.5524104317205,5.382063246402328,1.9144991817183814,1.875,69.68221369040769,55.768321860558174,19.96763749737887,1
5,102,853.1355754826684,123.17388127093959,975.2474618841595,5.396271150965337,1.9009020524288185,1.875,69.70687769248644,55.517636975098874,20.355582099063085,1
5,103,854.3913681791644,123.33375000072796,974.9460716370006,5.4104494030249946,1.9629223789080457,1.875,69.72968091766968,55.923447595333876,19.79965079524302,1
5,104,855.6331871132293,123.49203978665818,974.648035092825,5.424599707559792,1.9173731638375238,1.875,69.75075573352886,56.23115363725914,19.382732063748684,1
5,105,856.8618501660909,123.64885066098081,974.3531559601382,5.438723700332182,1.9279463702654211,1.875,69.77022630089974,56.66264275452943,18.78678662993139,1
5,106,858.0781398872531,123.80427880071515,974.0612464270592,5.452822946441173,1.9390077060764341,1.875,69.78820889544933,56.34621026113447,19.26113142472606,1
5,107,859.2828031870746,123.95841641457545,973.7721272351021,5.466898939707483,1.918455802033511,1.875,69.80481224855997,56.68298254677772,18.797886963807343,1
5,108,860.4765513792646,124.11135168060858,973.4856276689765,5.480953102758529,1.9168244137855683,1.875,69.82013790037908,57.17183118408131,18.11555676722474,1
5,109,861.6600605142432,124.26316872677333,973.2015854765816,5.494986787695153,1.9316177353420043,1.875,69.83428055905262,57.01390814209081,18.358279507327005,1
5,110,862.8339719512071,124.41394764752935,972.9198467317103,5.509001277235747,1.9350558616825875,1.875,69.84732846119626,57.23952722353602,18.050513191301953,1
5,111,863.9988931231248,124.56376455029098,972.64026565045,5.52299778624625,1.9254186674833134,1.875,69.85936372956755,56.5813686341208,19.006750686775746,1
5,112,865.1553984547522,124.71269162633294,972.3627043708594,5.5369774635761715,1.929791995344292,1.875,69.87046272469304,56.868549442052505,18.608597647150702,1
5,113,866.3040303991017,124.8607972414096,972.0870327042155,5.550941394131537,1.911225902674244,1.875,69.88069638788829,57.314490383523065,17.982370889113234,1
5,114,867.445300562617,125.00814604196236,971.8131278649719,5.564890601125234,1.9465638977379118,1.875,69.89013057369407,57.262187388495356,18.068278141050918,1
5,115,868.5796908936227,125.15479907334714,971.5408741855306,5.578826048453912,1.9279748965612185,1.875,69.89882637025025,57.84006700758737,17.251733668299792,1
5,116,869.7076549124712,125.3008139070132,971.2701628210069,5.592748643158275,1.9266132998990106,1.875,69.90684040654934,58.196833996968415,16.75087350748561,1
5,117,870.8296189652038,125.44624477401085,971.000891448351,5.606659237930407,1.93310842922187,1.875,69.91422514586289,56.98089265881332,18.498856935146748,1
5,118,871.9459834855464,125.59114270260221,970.7329639634688,5.620558633637759,1.9368650687313298,1.875,69.92102916492581,57.7136816890757,17.458764010833,1
5,119,873.0571242526735,125.73555565809949,970.4662901793583,5.63444758183868,1.947593291390894,1.875,69.92729741870306,57.896718282278,17.204410266837094,1
6,0,1000.0,150.0,900.0,4.5,1.9745607263845995,1.51875,80.10039276386428,71.16151826914954,11.1595888437982,1
6,1,1000.0113597783277,149.98143531063855,899.9972736532013,4.515751886223322,1.9564189340509652,1.51875,80.1090538719454,71.2858608667135,11.01397729566973,1
6,2,1000.0246783859607,149.95747391751925,899.9940771873694,4.531507690105255,1.966496956879098,1.51875,80.11845625261128,70.98689707374062,11.397572551921252,1
6,3,1000.0402069628768,149.9310421086366,899.9903503289096,4.5472679139257535,1.94694303689531,1.51875,80.12866228120568,71.11037005279962,11.254764489586782,1
6,4,1000.0582247459066,149.90294750705905,899.9860260609825,4.56303311615848,2.0038832748197404,1.51875,80.139739390176,70.78716099439286,11.6703379209262,1
6,5,1000.0790418982419,149.8736250804092,899.981029944422,4.578803917129817,1.9527487283706169,1.51875,80.15176044462463,70.98586901692268,11.435670753650502,1
6,6,1000.1030025871618,149.8433630481283,899.9752793790811,4.594581005174324,2.0040494090006438,1.51875,80.1648041394589,70.51066205546299,12.042868672392757,1
6,7,1000.1304883257471,149.81237686803465,899.9686828018207,4.610365143318161,1.952827032476242,1.51875,80.17895541816755,70.77079826534039,11.733948270789504,1
6,8,1000.1619215941337,149.78084160882622,899.9611388174079,4.626157176521601,1.9585463196101949,1.51875,80.19430591296044,70.66923567730814,11.877489464140286,1
6,9,1000.1977697552957,149.7489087212317,899.9525352587291,4.641958039510591,1.9330707835475334,1.51875,80.21095440564868,71.07387653983442,11.391309246372467,1
6,10,1000.2385492793809,149.7167158111052,899.9427481729485,4.657768765225429,1.9817276061582016,1.51875,80.22900730820561,70.43001191891905,12.213781172242355,1
6,11,1000.2848302891283,149.6843928799335,899.9316407306092,4.67359049391159,2.004097111299934,1.51875,80.24857916142108,71.46595504590873,10.944273664766056,1
6,12,1000.3372414367892,149.65206662775424,899.9190620551706,4.689424482873578,1.9599350851052066,1.51875,80.26979314943138,71.2808659348686,11.198393395419451,1
6,13,1000.3964751201125,149.619863627726,899.904845971173,4.705272116906892,1.96349324000099,1.51875,80.29278162716005,70.9932858862232,11.58198228094663,1
6,14,1000.4632930412046,149.5879128147412,899.8888096701108,4.721134919415743,1.9582379534003906,1.51875,80.31768665682601,71.60489160485228,10.847915838513817,1
6,15,1000.5385321072662,149.55634754451367,899.8707522942561,4.737014564214532,1.9690328515542108,1.51875,80.34466054865038,70.99379620077674,11.638439049987017,1
6,16,1000.6231106661778,149.52530737877294,899.8504534401173,4.752912887999022,1.9611944483515324,1.51875,80.37386639970671,71.51541562901399,11.021556094662447,1
6,17,1000.7180350624399,149.49493969432487,899.8276715850144,4.768831903458214,2.012685489022597,1.51875,80.40547862349548,71.49583199042902,11.080894965859887,1
6,18,1000.8244064898819,149.4654011787258,899.8021424424284,4.784773812979764,1.9940820030677613,1.51875,80.43968346127035,70.81357920197043,11.966859944115326,1
6,19,1000.9434281066021,149.43685925302245,899.7735772544155,4.800741022879871,1.9915101980200571,1.51875,80.47667946438845,71.00730345461213,11.766608752746311,1
6,20,1001.0764123645691,149.40949344702165,899.7416610325034,4.816736158062471,2.0012013685356616,1.51875,80.51667793499317,71.36362511288932,11.367896759841178,1
6,21,1001.2247884909792,149.38349674185605,899.706050762165,4.832762076981958,1.9619678845392905,1.51875,80.55990331016194,71.29485417171513,11.500819586110534,1
6,22,1001.3901100406189,149.35907688644596,899.6663735902515,4.8488218867479045,1.9885938851016873,1.51875,80.60659347227005,70.21426740773883,12.89265011317758,1
6,23,1001.5740624179354,149.33645768777245,899.6222250196955,4.864918958169204,1.990971928893398,1.51875,80.65699996574692,70.9348678489364,12.053674350570029,1
6,24,1001.7784702441587,149.31588026900755,899.5731671414019,4.8810569404883175,1.9572323470141755,1.51875,80.7113880976635,70.8024043478978,12.277057777491686,1
6,25,1002.0053044185671,149.29760428408625,899.5187269395439,4.897239775503801,1.9722483381881684,1.51875,80.77003689672975,71.23135439316528,11.809679517368995,1
6,26,1002.256688693903,149.28190907198453,899.4583947134632,4.913471710721139,1.9476439556569654,1.51875,80.83323890236417,71.14670960244739,11.983349215558253,1
6,27,1002.5349055542159,149.26909472863048,899.3916226669882,4.929757311108432,1.9864883574246703,1.51875,80.90129975261011,71.70383738127782,11.368744877347357,1
6,28,1002.842401149379,149.25948306894065,899.317823724149,4.946101468965424,1.9534193927163064,1.51875,80.97453753692996,71.04100053030017,12.2674822342757,1
6,29,1003.1817890048219,149.2534184459235,899.2363706388427,4.962509411342977,1.9801864555547384,1.51875,81.05328187745829,71.54137437067607,11.735376145734547,1
6,30,1003.5558521884958,149.2512683881691,899.146595474761,4.978986704376991,1.9688687184773725,1.51875,81.13787270031865,71.58059995695062,11.77905264865355,1
6,31,1003.9675435809611,149.25342401144866,899.0477895405694,4.995539253828589,1.9362059497712796,1.51875,81.22865865732987,70.8551011716846,12.770809782058606,1
6,32,1004.4199838603529,149.2603001547431,898.9392038735153,5.012173301054039,1.9819260829874934,1.51875,81.32599515810588,70.88425771967825,12.839360180134104,1
6,33,1004.9164567838603,149.2723351860339,898.8200503718735,5.028895413567721,1.9514637855654746,1.51875,81.43024197348664,71.16851228559919,12.60186564498805,1
6,34,1005.460401323729,149.289990418915,898.689503682305,5.045712469314124,1.9903819759391255,1.51875,81.54176037375878,70.83709332663038,13.127834128257673,1
6,35,1006.0554002016139,149.31374907789197,898.5467039516127,5.0626316337365616,1.9783591633440567,1.51875,81.66090976958553,71.75856867360078,12.126170433228339,1
6,36,1006.7051643637441,149.34411474855037,898.3907605527014,5.079660328727488,1.9710542919322298,1.51875,81.78804383033176,71.38944493065888,12.714081927726056,1
6,37,1007.4135129545675,149.3816092490971,898.2207568909038,5.0968061925758015,1.5829886217519802,1.51875,81.92350606388779,71.19445177324162,13.09642959162312,1
6,38,1008.184348382293,149.42676986264115,898.0357563882496,5.11407703009792,1.6027631917256238,1.51875,82.06762485447403,71.00245978194535,13.482984419434496,1
6,39,1009.0216261300561,149.48014587554462,897.8348097287866,5.131480752260112,1.573920312997507,1.51875,82.22070797047535,71.44838543505566,13.101714642603085,1
6,40,1009.9293190550571,149.54229437678754,897.6169634267862,5.149025304776781,1.5673841150638796,1.51875,82.38303657321373,70.60018575795881,14.302520646691033,1
6,41,1010.9113760381214,149.61377528704253,897.3812697508508,5.166718585409576,1.5717350979398248,1.51875,82.55485877965769,71.82183218872945,13.001084066505566,1
6,42,1011.9716749997921,149.6951456044196,897.1267980000499,5.1845683499995845,1.5905153798233291,1.51875,82.73638285709535,71.76692550543186,13.258323572847333,1
6,43,1013.1139704868674,149.78695287681768,896.8526470831519,5.202582107640401,1.5529959489338243,1.51875,82.9277701552076,71.85006265128578,13.358260427343915,1
6,44,1014.3418362536655,149.88972793844587,896.5579592991203,5.220767005840664,1.563484439669964,1.51875,83.12912790989067,71.95453324780328,13.442453858291756,1
6,45,1015.6586035111545,150.00397697997158,896.2419351573229,5.239129707022309,1.577383296328843,1.51875,83.34050208237963,71.68326703596554,13.987478782994675,1
6,46,1017.067295787218,150.13017305714283,895.9038490110677,5.257676258241102,1.5571040793136708,1.51875,83.56187042515853,72.19126422317476,13.607409867838898,1
6,47,1018.5705616223102,150.26874718039863,895.5430652106455,5.276411956577954,1.5705309341950386,1.51875,83.79313599093996,71.9766983367899,14.101916003510961,1
6,48,1020.1706066027497,150.42007916625542,895.15905441534,5.295341213205499,1.5564965923062721,1.51875,84.03412132054993,72.26838858051212,14.001137341767599,1
6,49,1021.869126492091,150.58448846802978,894.7514096418981,5.314467419650849,1.6063152919951729,1.51875,84.28456355763416,72.39242360985266,14.10951121512257,1
6,50,1023.6672434402025,150.76222523625037,894.3198615743514,5.333792820213739,1.574672805335657,1.51875,84.54411074051889,72.71527612057308,13.991317096291468,1
6,51,1025.5654474094608,150.95346188522493,893.8642926217294,5.353318394818922,1.55233266827097,1.51875,84.8123195123691,72.30697583788354,14.74472546722622,1
6,52,1027.5635450377774,151.1582854588995,893.3847491909335,5.373043756742222,1.5544203814060942,1.51875,85.08865446851274,73.08960913863389,14.101815811788548,1
6,53,1029.6606181410893,151.37669109382335,892.8814516461385,5.392967069615512,1.576699817259117,1.51875,85.37248932366903,73.4310439617429,13.987463006558286,1
6,54,1031.8549939298434,151.60857686760363,892.3548014568375,5.413084987859687,1.576888193999991,1.51875,85.66311003197218,73.38352353174312,14.334742803110847,1
6,55,1034.1442287674734,151.8537402963443,891.8053850958064,5.4333926242016135,1.5628729506023062,1.51875,85.95971993032262,73.87518949387635,14.05836413408719,1
6,56,1036.5251069345475,152.1118767038256,891.2339743357086,5.4538835472024285,1.5565695933263943,1.51875,86.26144690306528,73.48473575982479,14.811612373715555,1
6,57,1038.9936553898585,152.3825796293906,890.641522706434,5.474549810779717,1.5862943064485708,1.51875,86.56735248671302,73.66291432388842,14.906818554726243,1
6,58,1041.5451749584774,152.6653433727046,890.0291580099654,5.495382016583622,1.6232490160739814,1.51875,86.876442751748,74.34539466292992,14.42398847363712,1
6,59,1044.1742877547003,152.95956769499566,889.3981709388719,5.516369408842734,1.5819113184273064,1.51875,87.18768071940886,74.28206489195365,14.802109335823044,1
6,60,1046.875,153.26456461236046,888.75,5.5375,1.5686478992159778,1.51875,87.5,74.62900088894942,14.70971326977209,1
6,61,1049.6407787620897,153.57956713223567,888.0862130970985,5.558760724190845,1.5641164963474359,1.51875,87.81231928059114,75.19256264571749,14.371282683639306,1
6,62,1052.4646405616274,153.9037397045071,887.4084862652094,5.580137614456588,1.565961675336303,1.51875,88.123557248252,75.56429144011497,14.251882470831772,1
6,63,1055.3392493059457,154.2361900891024,886.718580166573,5.601615998611892,1.6282168431032051,1.51875,88.43264751328698,75.48005441965687,14.646845319975284,1
6,64,1058.2570206462315,154.5759822867871,886.0183150449044,5.623180707959129,1.5779995063723413,1.51875,88.73855309693472,75.90657499196541,14.460431973633971,1
6,65,1061.2102296384405,154.92215014268837,885.3095448867742,5.644816292610215,1.611183292352679,1.51875,89.04028006967738,76.06230477723926,14.575398103288043,1
6,66,1064.1911185301913,155.27371121485405,884.5941315527541,5.666507237060383,1.5583728577076414,1.51875,89.33688996802782,75.93571579791812,15.000717144849965,1
6,67,1067.1920015952264,155.6296805034324,883.8739196171456,5.68823816985712,1.573793517152164,1.51875,89.62751067633097,76.4664664956379,14.684156774387203,1
6,68,1070.2053641813682,155.98908365879464,883.1507125964716,5.70999406169607,1.6151533818868087,1.51875,89.91134553148726,77.43963676300038,13.871117927068774,1
6,69,1073.223953504847,156.35096932672695,882.4262511588367,5.731760407009694,1.5542657395423367,1.51875,90.1876804876309,76.9222770847386,14.7086645661229,1
6,70,1076.2408591837166,156.7144203422088,881.7021937959081,5.7535233850341,1.5764285982585464,1.51875,90.45588925948111,77.84823925742634,13.937898466609017,1
6,71,1079.249582021664,157.07856354609933,880.9801003148007,5.775269997376661,1.5760934588282298,1.51875,90.71543644236584,77.51017036124655,14.556801575340467,1
6,72,1082.2440900958754,157.4425780668185,880.2614183769899,5.796988180191751,1.5737755599027543,1.51875,90.96587867945007,77.78862917810429,14.485925593903632,1
6,73,1085.2188617355607,157.80570197749992,879.5474731834654,5.818666890137788,1.5870027402895983,1.51875,91.20686400906004,78.04836671420509,14.427091028530322,1
6,74,1088.1689154727364,158.16723730423416,878.8394602865433,5.840296164278806,1.5647444750522694,1.51875,91.43812957484147,78.86333829446616,13.752240273115964,1
6,75,1091.0898274814092,158.5265534197443,878.1384414044618,5.861867154962818,1.5595858971545273,1.51875,91.65949791762037,78.34603027172089,14.52491880095727,1
6,76,1093.9777373800323,158.8830889068333,877.4453430287923,5.883372141426731,1.576853071127935,1.51875,91.87087209010933,78.95215873796114,14.061816393205866,1
6,77,1096.8293435467724,159.23635201580876,876.7609575487746,5.904804520426879,1.585181506119408,1.51875,92.0722298447924,79.42588540371521,13.735242930898197,1
6,78,1099.6418892861004,159.58591986927428,876.085946571336,5.9261587785722005,1.5743148262079416,1.51875,92.26361714290465,79.56410949618761,13.764372176138629,1
6,79,1102.4131412924003,159.9314365863889,875.420846089824,5.947430449251467,1.560236027114352,1.51875,92.44514122034231,79.85320428714176,13.62098296024856,1
6,80,1105.1413618898857,160.27261050773137,874.7660731464275,5.968616057113104,1.592578891729464,1.51875,92.61696342678627,79.81547165222489,13.821973103967036,1
6,81,1107.8252764991144,160.60921070249296,874.1219336402125,5.989713052998229,1.574845248573578,1.51875,92.77929202952465,80.65452138370311,13.068401774356223,1
6,82,1110.4640377013677,160.94106293334363,873.4886309516718,6.010719742069402,1.5850616779651427,1.51875,92.93237514552597,80.9898641334208,12.850754103081933,1
6,83,1113.0571871559703,161.26804524254516,872.8662750825672,6.031635207645274,1.5635903495041221,1.51875,93.07649393611221,80.27255708599729,13.756359214501094,1
6,84,1115.604616484597,161.59008330728705,872.2548920436967,6.052459232969194,1.9789662321799226,1.51875,93.21195616966824,81.50087245022851,12.563928706873966,1
6,85,1118.1065280817947,161.907145694222,871.6544332603693,6.073192222830256,2.0023216351902624,1.51875,93.33909023041448,82.00131428019685,12.14686785807478,1
6,86,1120.5633966517444,162.21923912403756,871.0647848035813,6.093835126636822,1.985688068561058,1.51875,93.45823962624122,82.09136553023987,12.162516800508792,1
6,87,1122.9759321152774,162.52640383765055,870.4857762923334,6.114389364230554,1.971116766936676,1.51875,93.56975802651336,81.71069167324711,12.674037641420352,1
6,88,1125.3450443840293,162.82870913706034,869.917189347833,6.1348567554347255,1.977307620448427,1.51875,93.67400484189412,82.59870482304053,11.823237447301219,1
6,89,1127.6718103643377,163.12624915663773,869.358765512559,6.155239454062009,1.98808041349738,1.51875,93.77134134267013,82.78155261623493,11.719773407394303,1
6,90,1129.9574434345127,163.4191389050455,868.810213575717,6.175539886869025,1.966398082359874,1.51875,93.86212729968135,82.64966479110991,11.945672691577169,1
6,91,1132.2032655365933,163.70751060431212,868.2712162712176,6.195760697739853,1.984621705863101,1.51875,93.94671812254171,82.79173529218994,11.8737333812997,1
6,92,1134.4106819377546,163.9915103408892,867.741436334939,6.215904697208843,1.964638854702149,1.51875,94.02546246307004,83.23751041721864,11.473436836419213,1
6,93,1136.5811586465895,164.2712950337961,867.2205219248185,6.2359748172931795,1.990171290963947,1.51875,94.09870024738989,83.31385820950321,11.46120191833981,1
6,94,1138.7162024143508,164.5470297170897,866.7081114205558,6.255974071495368,1.9516894068797361,1.51875,94.16676109763583,83.32425639555507,11.514152738925384,1
6,95,1140.8173432094452,164.81888512773588,866.2038376297331,6.275905519752224,1.979026637798671,1.51875,94.22996310327025,83.8234146455245,11.043778555172327,1
6,96,1142.8861190233652,165.08703558532184,865.7073314343924,6.29577223804673,1.979777958853916,1.51875,94.2886119023365,84.11919890726232,10.785409594965287,1
6,97,1144.9240628460989,165.35165714673235,865.2182249169363,6.3155772923588644,1.975069407271658,1.51875,94.34300003425308,84.23210660188894,10.717163359966483,1
6,98,1146.9326916372434,165.61292601671744,864.7361540070616,6.33532371660782,1.9740526596442316,1.51875,94.39340652772995,84.68737289956627,10.282533478980165,1
6,99,1148.9134971139551,165.87101719401653,864.2607606926508,6.35501449422791,2.003600036725159,1.51875,94.44009668983806,84.19822709117024,10.844831758595461,1
6,100,1150.8679381771544,166.12610333219004,863.791694837483,6.374652543020976,1.9698481572587638,1.51875,94.48332206500683,84.7239799890546,10.329169066724356,1
6,101,1152.7974348017465,166.37835379439187,863.3286156475808,6.394240702936826,1.9696149018605225,1.51875,94.52332053561155,85.43590810457393,9.61393694121648,1
6,102,1154.7033632240027,166.62793388184843,862.8711928262394,6.413781726448005,1.9794323016626036,1.51875,94.56031653872965,84.84627476050362,10.27285243302606,1
6,103,1156.5870522687462,166.87500421667679,862.4191074555009,6.433278271204159,1.9868820428920224,1.51875,94.59452137650452,85.35520553942355,9.767284302128555,1
6,104,1158.449780669844,167.1197202607727,861.9720526392374,6.452732894673021,1.9810370544918774,1.51875,94.62613360029329,85.98984916608113,9.126743432942492,1
6,105,1160.2927752491364,167.36223195374993,861.5297339402073,6.472148050498273,1.981968899615905,1.51875,94.65533945134962,85.53367615064829,9.63671289287344,1
6,106,1162.1172098308796,167.60268345424151,861.0918696405889,6.491526086328426,1.9358476675746068,1.51875,94.68231334317399,85.71320148365952,9.472848246753456,1
6,107,1163.924204780612,167.8412129702401,860.6581908526531,6.510869242894557,2.001072594447353,1.51875,94.70721837283995,85.96109715203782,9.234904552228226,1
6,108,1165.7148270688972,168.0779526655065,860.2284415034648,6.530179654137795,1.9301521981304188,1.51875,94.73020685056862,85.95425057383346,9.26415825374341,1
6,109,1167.490090771365,168.31302863039312,859.8023782148724,6.549459348209396,1.9948069668790647,1.51875,94.75142083857892,86.4899700665149,8.719078509797182,1
6,110,1169.2509579268105,168.54656090668266,859.3797700975654,6.568710249186955,1.9581555781705942,1.51875,94.77099269179439,86.29684278968514,8.94171271337012,1
6,111,1170.9983396846872,168.7786635572262,858.9603984756751,6.587934179369375,1.9667390229187605,1.51875,94.78904559435132,86.44287188359819,8.804998149755082,1
6,112,1172.7330976821283,169.00944477226074,858.5440565562892,6.607132862030923,1.9343597187460173,1.51875,94.80569408703957,87.01219714588628,8.220494577043242,1
6,113,1174.4560455986527,169.23900700529765,858.1305490563233,6.626307924530639,2.0000943952345906,1.51875,94.82104458183245,86.54653162093581,8.726452020633008,1
6,114,1176.1679508439256,169.4674471323955,857.7196917974578,6.645460901687851,1.9998302547525353,1.51875,94.8351958605411,87.13639942120798,8.118079336973699,1
6,115,1177.869536340434,169.69485662946406,857.3113112782959,6.664593239347535,1.9994558430641665,1.51875,94.84823955537536,87.34300314550978,7.912889522302397,1
6,116,1179.5614823687067,169.92132176299629,856.9052442315104,6.683706298070748,1.9776640879439815,1.51875,94.860260609824,87.58974921479084,7.664443833796719,1
6,117,1181.2444284478058,170.14692379029503,856.5013371725266,6.702801356895612,1.9591518695981034,1.51875,94.87133771879432,87.98472812824338,7.258893735601545,1
6,118,1182.9189752283196,170.37173916585562,856.0994459452033,6.721879617123307,1.9525255833393131,1.51875,94.88154374738872,87.66286034947295,7.608100704110263,1
6,119,1184.5856863790102,170.59583975109044,855.6994352690376,6.740942206091354,1.9854384896536723,1.51875,94.8909461280546,87.81889900160161,7.452815484534544,1
7,0,1000.0,150.0,900.0,4.5,2.080280715672423,1.51875,80.06692850924284,71.57923660558875,10.60074622779402,1
7,1,1000.0075731855518,149.98122600793175,899.9981824354676,4.515744313037771,2.057746497589383,1.51875,80.07270258129694,70.776872135575,11.609237787726695,1
7,2,1000.0164522573072,149.95695160824246,899.9960514582463,4.5314912378479475,2.088031281074673,1.51875,80.07897083507419,71.05907777291132,11.263747483393228,1
7,3,1000.0268046419178,149.93011925992965,899.9935668859397,4.547241109283836,2.0847657260669656,1.51875,80.08577485413711,71.1502561132769,11.157435583453834,1
7,4,1000.0388164972711,149.90153195909855,899.990684040655,4.5629942996612085,2.0904475534527296,1.51875,80.09315959345066,71.34201031501826,10.926213078436229,1
7,5,1000.052694598828,149.87161572689575,899.9873532962813,4.57875122253099,2.0859494972200645,1.51875,80.10117362974975,70.93434345652166,11.444064746915906,1
7,6,1000.0686683914412,149.84064733825358,899.9835195860541,4.594512336782882,2.091204598105549,1.51875,80.10986942630593,71.58229231345109,10.644852093660528,1
7,7,1000.0869922171648,149.80882876473802,899.9791218678804,4.610278151100996,2.075100449153843,1.51875,80.11930361211171,70.70869492831544,11.745744482948375,1
7,8,1000.1079477294224,149.77631963799712,899.9740925449386,4.626049228792178,2.099894737467234,1.51875,80.12953727530696,70.98661525650851,11.41017698303365,1
7,9,1000.1318465035304,149.74325397179192,899.9683568391526,4.641826193007061,2.034299733161214,1.51875,80.14063627043245,71.22657908306272,11.123017737580078,1
7,10,1000.1590328529205,149.70974981708792,899.9618321152991,4.657609732372507,2.067046560362416,1.51875,80.15267153880374,70.97377780781396,11.451762685846438,1
7,11,1000.1898868594188,149.67591534289465,899.9544271537395,4.673400607052171,2.0843927306928745,1.51875,80.16571944094738,71.07467455225776,11.340314728150574,1
7,12,1000.2248276245261,149.64185294960677,899.9460413701137,4.689199655249053,2.091942160424275,1.51875,80.17986209962092,70.89598719595968,11.578811263264988,1
7,13,1000.2643167467418,149.6076622296057,899.936563980782,4.70500780016015,2.088015240045016,1.51875,80.19518775144003,70.94909604242663,11.529484459430511,1
7,14,1000.3088620274697,149.57344222028846,899.9258731134073,4.7208260573882725,2.0925293336992445,1.51875,80.21179110455067,71.21909422939096,11.211190713143825,1
7,15,1000.3590214048442,149.53929320749583,899.9138348628375,4.736655542809689,2.0590443500406024,1.51875,80.22977369910025,71.3378965247636,11.083014153430643,1
7,16,1000.4154071107853,149.5053182359931,899.9003022934115,4.752497480888237,2.0670338551792136,1.51875,80.24924426647114,71.26586377430408,11.194349023820521,1
7,17,1000.4786900416266,149.47162442565858,899.8851143900096,4.768353213416587,2.0850988703495212,1.51875,80.27031908233032,71.59491252293428,10.807738973228687,1
7,18,1000.5496043265879,149.43832415714164,899.8680949616189,4.784224208653176,2.073283804434057,1.51875,80.29312230751356,70.93543988652253,11.654400964944623,1
7,19,1000.6289520710682,149.40553616874743,899.8490515029437,4.800112070808803,2.0773647319637396,1.51875,80.31778630959231,70.95951641836774,11.651553561439371,1
7,20,1000.717608243046,149.37338659175725,899.8277740216689,4.816018549819425,2.0937519621203355,1.51875,80.34445195666211,70.58647573341517,12.145177402554697,1
7,21,1000.8165256606528,149.34200994126658,899.8040338414434,4.831945551321305,2.056679475698567,1.51875,80.37326887344129,70.73006075279058,11.998029016133788,1
7,22,1000.9267400270792,149.31155007216486,899.777582393501,4.847895146720825,2.0967592759209657,1.51875,80.40439564818003,71.60533325297935,10.943509150547104,1
7,23,1001.0493749452902,149.2821611040353,899.7481500131304,4.863869583223914,2.075664139710745,1.51875,80.43799997716461,71.0354023640053,11.68924838487854,1
7,24,1001.1856468294392,149.2540083138673,899.7154447609346,4.879871293658878,2.079154167343758,1.51875,80.47425873177566,71.44937922955567,11.214616505260794,1
7,25,1001.336869612378,149.22726899113627,899.6791512930292,4.895902905891423,2.059206061397683,1.51875,80.51335793115317,71.169657607756,11.605155422019479,1
7,26,1001.5044591292686,149.20213324575366,899.6389298089755,4.911967251591871,2.097257076677143,1.51875,80.55549260157612,71.2936452179938,11.497474702800224,1
7,27,1001.689937036144,149.17880475545903,899.5944151113255,4.928067374072288,2.0815447564134693,1.51875,80.60086650174007,71.44736390508078,11.356580882988004,1
7,28,1001.8949340995861,149.1575014353249,899.5452158160994,4.944206534865839,2.0236884782215094,1.51875,80.64969169128663,71.3221481711716,11.565504249934751,1
7,29,1002.1211926698812,149.13845600813477,899.4909137592285,4.960388218673096,2.0646716104189458,1.51875,80.70218791830553,70.62227404026214,12.49026096819982,1
7,30,1002.3705681256639,149.12191645048514,899.4310636498407,4.9766161362513275,2.087977176071994,1.51875,80.75858180021244,71.62413288842377,11.310808966886338,1
7,31,1002.645029053974,149.10814628560868,899.3651930270462,4.992894224774615,2.0750041537889405,1.51875,80.81910577155325,71.51165531085883,11.516398717653798,1
7,32,1002.9466559069019,149.09742469021555,899.2928025823435,5.0092266451471374,2.109998689241267,1.51875,80.88399677207059,71.67479199487856,11.385694506594888,1
7,33,1003.277637855907,149.09004637924966,899.2133669145824,5.0256177757118135,2.110552414668922,1.51875,80.9534946489911,71.5325147636201,11.637520932505424,1
7,34,1003.6402675491527,149.08632122954785,899.1263357882034,5.042072201764972,2.079261796859526,1.51875,81.02784024917251,70.83616005588898,12.577998083057155,1
7,35,1004.0369334677425,149.08657360121188,899.0311359677418,5.058594700268818,2.0728318743188954,1.51875,81.10727317972368,71.093539393329,12.346283377331014,1
7,36,1004.4701095758294,149.09114131434228,898.9271737018009,5.075190219151659,2.1211719784314504,1.51875,81.19202922022117,71.37054864818298,12.096606854595182,1
7,37,1004.9423419697117,149.1003742389667,898.8138379272692,5.0918638506060905,2.0802172202171842,1.51875,81.2823373759252,71.59757298827648,11.914967876547825,1
7,38,1005.456232254862,149.11463245787718,898.6905042588331,5.108620797843058,2.0786251730089433,1.51875,81.37841656964936,71.98462544372154,11.543344687578129,1
7,39,1006.0144174200374,149.1342839660464,898.556539819191,5.125466334840075,2.065300136846805,1.51875,81.48047198031689,71.57300369340611,12.159316270656992,1
7,40,1006.6195460367048,149.1597018766849,898.4113089511909,5.142405758740076,2.0629037123675333,1.51875,81.58869104880915,71.17002080179022,12.769748004396996,1
7,41,1007.2742506920808,149.1912611131533,898.2541798339006,5.159444334717495,2.065517742263389,1.51875,81.70323918643845,71.61471898094749,12.347760389854303,1
7,42,1007.9811166665281,149.22933457811044,898.0845320000333,5.176587233333056,2.069167079591149,1.51875,81.82425523806356,71.4833550514101,12.6379398829444,1
7,43,1008.7426469912449,149.2742888065828,897.9017647221012,5.193839460649157,2.0496267748080577,1.51875,81.9518467701384,71.71769597600128,12.488005087722124,1
7,44,1009.5612241691103,149.32647912805194,897.7053061994135,5.211205781671554,2.0476587166008744,1.51875,82.08608527326045,72.04131144058621,12.236877662317177,1
7,45,1010.4390690074363,149.3862443839121,897.4946234382153,5.228690638014872,2.0794019191401842,1.51875,82.22700138825309,71.47893087534518,13.071217886395365,1
7,46,1011.3781971914786,149.45390127023578,897.2692326740452,5.246298061049624,2.0715689425404973,1.51875,82.37458028343903,71.76724129164067,12.876956647669749,1
7,47,1012.3803744148735,149.52973840089322,897.0287101404303,5.2640315821630805,2.084136614289878,1.51875,82.5287573272933,72.49365119739267,12.15952651522829,1
7,48,1013.4470710684998,149.61401021158213,896.77270294356,5.281894142136999,2.0402496746885794,1.51875,82.68941421369995,72.18524255803588,12.703163706683679,1
7,49,1014.579417661394,149.7069308498347,896.5009397612655,5.299888001989455,2.0745504681701616,1.51875,82.85637570508943,72.47977000185071,12.523605594543696,1
7,50,1015.7781622934683,149.8086682179291,896.2132410495676,5.31801465792027,2.082017056646248,1.51875,83.02940716034593,72.16488432282719,13.085150441381845,1
7,51,1017.0436316063073,149.91933835303624,895.9095284144862,5.336274763212614,2.071372045368162,1.51875,83.20821300824608,72.25526682774803,13.163299372157638,1
7,52,1018.3756966918515,150.03900034004673,895.5898327939556,5.35466806005037,2.099273266853466,1.51875,83.39243631234183,72.64088679369819,12.892715447686765,1
7,53,1019.7737454273929,150.16765195563582,895.2543010974257,5.373193324188119,2.1157769377965545,1.51875,83.58165954911269,72.75353639906015,12.955142561736185,1
7,54,1021.2366626198957,150.30522623583897,894.903200971225,5.391848325239791,2.063584988743285,1.51875,83.77540668798146,72.40576005325448,13.571580353017948,1
7,55,1022.7628191783156,150.45158914281274,894.5369233972043,5.410629805023298,2.0416903305563756,1.51875,83.97314662021509,72.50273488105012,13.659618819623546,1
7,56,1024.3500712896982,150.60653847929822,894.1559828904724,5.42953347591273,2.083095657101724,1.51875,84.17429793537686,73.30488138023313,12.912987481628308,1
7,57,1025.9957702599058,150.76980416210887,893.7610151376226,5.448554040519811,2.0461293100408517,1.51875,84.37823499114202,73.5376913336798,12.847559158591377,1
7,58,1027.6967833056515,150.9410499200951,893.3527720066436,5.46768523327797,2.0680919030478258,1.51875,84.584295167832,73.48233668268826,13.125318905968603,1
7,59,1029.4495251698002,151.11987642966795,892.932113959248,5.486919883672933,2.109997536646603,1.51875,84.79178714627257,73.89717759679948,12.848661310415622,1
7,60,1031.25,151.3058258449442,892.5,5.50625,2.0723825111233776,1.51875,85.0,73.49138867740858,13.539542732460493,1
7,61,1033.0938525080599,151.49838762325507,892.0574753980657,5.525666871682786,2.034716816054908,1.51875,85.20821285372743,73.67761367138603,13.53226267300711,1
7,62,1034.9764270410851,151.69700549367178,891.6056575101396,5.545161187415504,2.0735305193049407,1.51875,85.415704832168,73.79663113546962,13.602971162655061,1
7,63,1036.8928328706306,151.90108536978468,891.1457201110487,5.5647231657412615,2.075127984739648,1.51875,85.62176500885798,74.28869407427415,13.236203357185373,1
7,64,1038.8380137641543,152.11000397122157,890.678876696603,5.584342694194976,2.0732560044453328,1.51875,85.82570206462314,74.24347313241859,13.495058768623444,1
7,65,1040.8068197589603,152.3231178935917,890.2063632578495,5.604009472851254,2.0811262175208287,1.51875,86.02685337978491,74.75398879897286,13.103890399251798,1
7,66,1042.7940790201274,152.53977285506642,889.7294210351694,5.623713158040255,2.0559451425326376,1.51875,86.22459331201854,75.20302382817688,12.782396599956364,1
7,67,1044.794667730151,152.75931284998913,889.2492797447637,5.643443502126969,2.075781361435809,1.51875,86.41834045088731,74.9811408945296,13.234690109395961,1
7,68,1046.803576120912,152.98108895506755,888.7671417309812,5.663190485575157,2.0919174125466253,1.51875,86.60756368765817,75.23917618917929,13.126321783485187,1
7,69,1048.8159690032314,153.20446756023503,888.2841674392245,5.682944438006462,2.0968158567597595,1.51875,86.79178699175392,75.44059428198031,13.078648456509011,1
7,70,1050.827239455811,153.42883783186255,887.8014625306054,5.7026961455782885,2.065504376588686,1.51875,86.97059283965407,75.61928181928815,13.051895646260697,1
7,71,1052.8330546811094,153.65361825787167,887.3200668765338,5.722436942695552,2.054878599935081,1.51875,87.14362429491055,75.71602547386156,13.11352254799023,1
7,72,1054.8293933972504,153.87826216947542,886.84094558466,5.7421587867945005,2.0770885242686052,1.51875,87.31058578630005,75.81925737455838,13.161437766398295,1
7,73,1056.8125744903737,154.10226217986772,886.3649821223103,5.7618543156474145,2.0751823738527158,1.51875,87.4712426727067,75.49508346941336,13.691538884504965,1
7,74,1058.779276981824,154.32515352360906,885.8929735243622,5.7815168872969815,2.066778625926675,1.51875,87.62541971656097,76.25893852459092,12.971671038765727,1
7,75,1060.7265516542727,154.5465163196049,885.4256276029745,5.8011406033085455,2.0809502519214425,1.51875,87.77299861174691,76.11071680851676,13.286867245833573,1
7,76,1062.6518249200215,154.76597681390547,884.9635620191949,5.820720316506709,2.1030672808987885,1.51875,87.91391472673955,76.35164559407899,13.151807843615257,1
7,77,1064.5528956978483,154.9832076851318,884.5073050325165,5.84025162472903,2.0971422680920293,1.51875,88.0481532298616,76.90768339536113,12.652701306995914,1
7,78,1066.4279261907336,155.19792751478923,884.057297714224,5.8597308523814675,2.0648285778846183,1.51875,88.17574476193644,77.45684262173266,12.15629328580494,1
7,79,1068.2754275282668,155.40989953720455,883.6138973932159,5.8791550217232,2.0538803874463647,1.51875,88.29676081356155,77.35947782517083,12.386958352282903,1
7,80,1070.0942412599236,155.61892978984528,883.1773820976183,5.898521815853181,2.097764770442354,1.51875,88.41130895119085,77.08344639817436,12.812685037012914,1
7,81,1071.8835176660762,155.82486478517202,882.7479557601417,5.917829535332153,2.105602430082781,1.51875,88.51952801968311,77.3791495459213,12.585221276015673,1
7,82,1073.6426918009117,156.02758882092112,882.3257539677812,5.93707705026849,2.0835269966670915,1.51875,88.62158343035064,77.67526889198923,12.35174786395497,1
7,83,1075.37145810398,156.22702103786852,881.9108500550448,5.956263749541294,2.0750669492520832,1.51875,88.7176626240748,77.99168862831016,12.090009676217509,1
7,84,1077.0697443230647,156.42311232372526,881.5032613624645,5.97538948864613,2.0936228984925385,1.51875,88.80797077977883,77.39413156529692,12.852268905890584,1
7,85,1078.7376853878634,156.61584214981775,881.1029555069128,5.994454537442394,2.1038399289390575,1.51875,88.89272682027632,77.5808806713942,12.72527748164646,1
7,86,1080.3755977678295,156.80521541444432,880.7098565357209,6.013459528868992,2.0984040481683275,1.51875,88.97215975082749,78.56343946379269,11.69885087221117,1
7,87,1081.9839547435183,156.99125935396654,880.3238508615557,6.032405409487036,2.0559337954771904,1.51875,89.0465053510089,78.21577691957417,12.16300222983655,1
7,88,1083.5633629226863,157.17402057032692,879.9447928985553,6.051293392512039,2.0556390307117756,1.51875,89.11600322792941,78.41934846338464,12.003068334635982,1
7,89,1085.1145402428917,157.353562212178,879.572510341706,6.070124913819117,2.0715924383977797,1.51875,89.18089422844675,78.87305423499075,11.558350118189356,1
7,90,1086.6382956230084,157.52996133642128,879.206809050478,6.088901591246017,2.1039592990038867,1.51875,89.24141819978756,79.22392048844394,11.2251664231928,1
7,91,1088.135510357729,157.70330646783728,878.8474775141451,6.107625187382125,2.0665097635499285,1.51875,89.29781208169447,78.85032716018232,11.699597871394914,1
7,92,1089.6071212918364,157.8736953666939,878.4942908899593,6.126297575917006,2.0440843602370755,1.51875,89.35030830871335,78.78898310785762,11.820132913660919,1
7,93,1091.054105764393,158.04123300773747,878.1470146165457,6.144920711528786,2.0970501567434434,1.51875,89.39913349825993,79.69121966209927,10.859069273137433,1
7,94,1092.4774682762338,158.20602976872334,877.8054076137039,6.1634966032191345,2.053066146643896,1.51875,89.44450739842388,79.12497117404645,11.537361571471154,1
7,95,1093.8782288062966,158.36819982253982,877.4692250864888,6.182027290945927,2.0772250089423157,1.51875,89.48664206884683,79.53545279522952,11.120306945880634,1
7,96,1095.2574126822433,158.52785972388386,877.1382209562616,6.200514825364487,2.0615610536830613,1.51875,89.52574126822434,79.69356268184931,10.982515695588873,1
7,97,1096.6160418973993,158.68512717923784,876.8121499446241,6.218961250461465,2.068276337140076,1.51875,89.56200002283539,79.6930463364115,11.019130528469253,1
7,98,1097.9551277581622,158.84011998743375,876.4907693380411,6.237368588849658,2.088678809041568,1.51875,89.59560435181997,79.83957994219564,10.888954296591177,1
7,99,1099.2756647426368,158.99295513724698,876.1738404617672,6.255738829485273,2.069025406270963,1.51875,89.62673112655871,79.91136898034186,10.839804179065876,1
7,100,1100.5786254514364,159.1437480481223,875.8611298916553,6.27407391756954,2.0759858648973877,1.51875,89.65554804333789,79.95959703501839,10.814669275829587,1
7,101,1101.8649565344977,159.29261194018687,875.5524104317205,6.292375746402328,2.0725772028281524,1.51875,89.68221369040769,80.66679074139073,10.052632041554126,1
7,102,1103.1355754826686,159.43965732006143,875.2474618841595,6.310646150965337,2.088971513040319,1.51875,89.70687769248644,80.22961626329665,10.56469879787554,1
7,103,1104.3913681791644,159.58499156955827,874.9460716370006,6.328886903024996,2.091692212171709,1.51875,89.72968091766968,80.33694389278133,10.467815029350804,1
7,104,1105.6331871132293,159.72871862508728,874.648035092825,6.347099707559792,2.101215616833227,1.51875,89.75075573352886,80.67103495174592,10.116595350729687,1
7,105,1106.8618501660908,159.8709387364234,874.3531559601382,6.365286200332182,2.07560708120141,1.51875,89.77022630089974,80.78825891181143,10.005508239426469,1
7,106,1108.078139887253,160.01174829437755,874.0612464270592,6.383447946441173,2.0463356010401244,1.51875,89.78820889544933,80.40570978246588,10.449589348539705,1
7,107,1109.2828031870747,160.15123971782162,873.7721272351021,6.401586439707483,2.0538746239535133,1.51875,89.80481224855997,80.90485990845183,9.910328987131594,1
7,108,1110.4765513792647,160.28950139142125,873.4856276689765,6.419703102758529,2.1124034240711964,1.51875,89.82013790037908,81.6894524111548,9.052185489007094,1
7,109,1111.6600605142432,160.42661764630705,873.2015854765816,6.437799287695153,2.0905141461103094,1.51875,89.83428055905262,81.26318438567155,9.541008310014627,1
7,110,1112.833971951207,160.56266877675216,872.9198467317103,6.455876277235747,2.0417319693984397,1.51875,89.84732846119626,81.02065909231322,9.824075484553935,1
7,111,1113.9988931231246,160.69773108671146,872.64026565045,6.47393528624625,2.0619974490433295,1.51875,89.85936372956755,81.12220617686043,9.723146470301817,1
7,112,1115.1553984547522,160.8318769608103,872.3627043708594,6.491977463576171,2.0743902477097986,1.51875,89.87046272469304,81.28481741998115,9.553356068737449,1
7,113,1116.3040303991017,160.96517495504315,872.0870327042155,6.510003894131537,2.0381671278739786,1.51875,89.88069638788829,81.7292414323015,9.069194257695159,1
7,114,1117.445300562617,161.0976899030584,871.8131278649719,6.528015601125235,2.056298263566698,1.51875,89.89013057369407,81.69792849231484,9.113572345590331,1
7,115,1118.5796908936227,161.2294830344604,871.5408741855306,6.546013548453912,2.119234777476494,1.51875,89.89882637025025,81.50689224690781,9.334865050162142,1
7,116,1119.707654912471,161.36061210206023,871.2701628210069,6.563998643158276,2.0271473736265677,1.51875,89.90684040654934,81.72890458031561,9.096010703138882,1
7,117,1120.829618965204,161.49113151545333,871.000891448351,6.581971737930408,2.0997723167814657,1.51875,89.91422514586289,82.56548126508417,8.17306034596556,1
7,118,1121.9459834855465,161.6210924786976,870.7329639634688,6.599933633637759,2.0531621321924463,1.51875,89.92102916492581,82.19440954534033,8.59267258319958,1
7,119,1123.0571242526732,161.75054313021707,870.4662901793583,6.617885081838681,2.0684469149458935,1.51875,89.92729741870306,82.13012803442197,8.670525644707562,1
8,0,750.0,112.5,1000.0,4.0,1.852366371283872,1.875,59.89960723613573,48.361658986444894,19.262143413071193,1
8,1,749.9886402216723,112.48497764376818,1000.0027263467987,4.011643947110011,1.8829302053433483,1.875,59.8909461280546,48.196978802706234,19.525434279073085,1
8,2,749.9753216140393,112.46536331443635,1000.0059228126306,4.023283976561412,1.8531502991174715,1.875,59.88154374738872,48.08105750673425,19.70638280541834,1
8,3,749.9597930371232,112.44343662576597,1000.0096496710904,4.034919586074246,1.865011259951952,1.875,59.87133771879432,48.25166317858174,19.407741638892816,1
8,4,749.9417752540934,112.4197790035017,1000.0139739390175,4.046550217174853,1.8240960391610277,1.875,59.860260609824,48.250948140246976,19.39402259747556,1
8,5,749.9209581017581,112.39466970436138,1000.018970055578,4.058175249536849,1.8553583292893827,1.875,59.848239555375365,48.35504877700809,19.203891148265182,1
8,6,749.8969974128382,112.36826480925383,1000.0247206209189,4.069793994825677,1.868465805648,1.875,59.835195860541106,47.85277163389193,20.02571238268662,1
8,7,749.8695116742529,112.34065510871874,1000.0313171981793,4.081405690015172,1.8306930195377837,1.875,59.821044581832446,48.44688279965734,19.013646220463063,1
8,8,749.8380784058663,112.3118908597669,1000.0388611825921,4.093009490145066,1.8330424917788612,1.875,59.80569408703956,48.32665322071165,19.19389289190697,1
8,9,749.8022302447043,112.28199410636502,1000.0474647412709,4.1046044604894085,1.7991529663898473,1.875,59.789045594351315,49.03954485334124,17.97904722203101,1
8,10,749.7614507206191,112.25096538973825,1000.0572518270515,4.116189568107905,1.8421535007069358,1.875,59.77099269179438,48.61434582358544,18.665654301138247,1
8,11,749.7151697108717,112.21878759049604,1000.0683592693908,4.127763672755076,1.8408099148264128,1.875,59.75142083857892,48.376086300206545,19.037764087825362,1
8,12,749.6627585632108,112.18542816054156,1000.0809379448294,4.139325517126421,1.8773862642649881,1.875,59.73020685056863,48.626821065369924,18.58923042569875,1
8,13,749.6035248798875,112.15084038066294,1000.095154028827,4.1508737164264415,1.8434587717443782,1.875,59.70721837283995,48.205000241324896,19.26436776821488,1
8,14,749.5367069587954,112.1149639901789,1000.1111903298892,4.162406747250924,1.8676192025417484,1.875,59.68231334317399,48.959959282744514,17.965714564004607,1
8,15,749.4614678927338,112.07772538904163,1000.1292477057439,4.173922935785468,1.8513935248260633,1.875,59.65533945134962,48.82858584032343,18.148842518708108,1
8,16,749.3768893338222,112.03903753448549,1000.1495465598827,4.185420445334311,1.8427195831296785,1.875,59.62613360029329,48.51388975128719,18.636532637681274,1
8,17,749.2819649375601,111.99879961024554,1000.1723284149856,4.196897263208453,1.8695709865830283,1.875,59.594521376504524,48.11980738988814,19.254645765374594,1
8,18,749.1755935101181,111.95689652072733,1000.1978575575716,4.208351187020236,1.8326063097520497,1.875,59.56031653872966,48.549011113814664,18.487654305454857,1
8,19,749.0565718933979,111.91319824732297,1000.2264227455845,4.2197798104534625,1.8369167325932214,1.875,59.523320535611546,47.93177763916136,19.47395204458597,1
8,20,748.9235876354309,111.86755909512807,1000.2583389674966,4.231180508604195,1.8338686813021008,1.875,59.48332206500683,48.02717301852984,19.259430456753996,1
8,21,748.7752115090208,111.81981685329735,1000.293949237835,4.2425504230180415,1.8646802134305962,1.875,59.44009668983806,48.35609984817759,18.64733985797065,1
8,22,748.6098899593811,111.7697918898587,1000.3336264097485,4.253886446585429,1.8618610362332404,1.875,59.39340652772995,48.313580327275155,18.65497678649192,1
8,23,748.4259375820646,111.71728620120926,1000.3777749803045,4.265185208497463,1.8356710680931498,1.875,59.34300003425308,48.36181011539059,18.50460865228265,1
8,24,748.2215297558413,111.66208243726928,1000.4268328585981,4.276443059511682,1.8711969478701886,1.875,59.2886119023365,48.34141207302003,18.46425388968341,1
8,25,747.994695581433,111.60394292507728,1000.481273060456,4.287656057829532,1.8565409894705995,1.875,59.22996310327026,47.907532892642664,19.116051433100502,1
8,26,747.743311306097,111.54260871627633,1000.5416052865368,4.298819955945527,1.8517842129175721,1.875,59.16676109763582,47.869280416446955,19.094303070850856,1
8,27,747.4650944457841,111.4777986873227,1000.6083773330118,4.309930188891568,1.8470673141764706,1.875,59.098700247389885,47.59903717849409,19.458402673422043,1
8,28,747.157598850621,111.40920872522283,1000.682176275851,4.3209818643679085,1.8148967032782408,1.875,59.02546246307004,47.98545405069669,18.703806716094196,1
8,29,746.8182109951781,111.33651103605177,1000.7636293611573,4.33196975532369,1.8365790779015427,1.875,58.94671812254171,48.06719670007118,18.456534594264568,1
8,30,746.4441478115042,111.259353618286,1000.853404525239,4.342888295623008,1.8448524997557803,1.875,58.86212729968135,48.02333797932059,18.413859331277408,1
8,31,746.0324564190389,111.17735994792667,1000.9522104594306,4.353731579504744,1.8597200201852175,1.875,58.77134134267012,47.8569350728856,18.570966767879888,1
8,32,745.5800161396471,111.09012892728758,1001.0607961264847,4.364493365612628,1.8431589951051854,1.875,58.674004841894124,48.38592618395589,17.534304477188837,1
8,33,745.0835432161397,110.99723515390806,1001.1799496281265,4.375167086432279,1.8476095538745831,1.875,58.569758026513355,47.86274260322833,18.280791630448903,1
8,34,744.539598676271,110.89822957000875,1001.310496317695,4.385745864019208,1.8491981253245464,1.875,58.45823962624122,47.8294151269968,18.18190997060621,1
8,35,743.9445997983861,110.79264055584848,1001.4532960483873,4.396222532930105,1.8333564254790182,1.875,58.33909023041448,47.52205200413291,18.541664231579354,1
8,36,743.2948356362559,110.67997553182026,1001.6092394472986,4.406589671272512,1.8322792445350826,1.875,58.211956169668234,48.03477771784381,17.482969344238114,1
8,37,742.5864870454325,110.5597231336383,1001.7792431090962,4.416839640757532,1.8349497662437144,1.875,58.076493936112215,47.67658016018641,17.907268622941256,1
8,38,741.815651617707,110.43135602197002,1001.9642436117504,4.426964636568747,1.8615625970407406,1.875,57.93237514552597,47.60428417777371,17.827839686890318,1
8,39,740.9783738699439,110.29433438179292,1002.1651902712134,4.436956747739888,1.8602150976349556,1.875,57.779292029524655,47.16308897612551,18.37371605033577,1
8,40,740.0706809449428,110.14811015705165,1002.3830365732138,4.4468080285565526,1.8448975377472447,1.875,57.61696342678627,47.5702093717436,17.437146037397568,1
8,41,739.0886239618786,109.99213205236344,1002.6187302491492,4.45651058125709,1.848010645800046,1.875,57.445141220342315,46.98120492866652,18.215528884399944,1
8,42,738.0283250002079,109.82585131519178,1002.8732019999501,4.466056650000415,1.8716101242666987,1.875,57.26361714290466,47.161913309051165,17.640701614507005,1
8,43,736.8860295131326,109.6487282888801,1003.1473529168481,4.475438725692932,1.854248613843332,1.875,57.072229844792396,47.323209874604025,17.081897792850874,1
8,44,735.6581637463345,109.4602396992663,1003.4420407008797,4.484649660826002,1.8676220618142962,1.875,56.87087209010933,47.89794860006045,15.777713898657444,1
8,45,734.3413964888455,109.2598866056664,1003.7580648426771,4.493682792977691,1.8217405816472259,1.875,56.65949791762037,46.91406073681072,17.20000624604714,1
8,46,732.932704212782,109.04720291159497,1004.0961509889323,4.502532075092231,1.8513297212148636,1.875,56.43812957484146,46.69788528820858,17.258269117009874,1
8,47,731.4294383776898,108.82176429289557,1004.4569347893545,4.511192210088713,1.8631915234971979,1.875,56.20686400906004,47.182244727775924,16.056080410089113,1
8,48,729.8293933972503,108.5831973626567,1004.84094558466,4.5196587867945,1.8587368528579833,1.875,55.96587867945007,46.87991704708278,16.23482351524937,1
8,49,728.130873507909,108.33118885549821,1005.2485903581019,4.527928413682485,1.8749420468974782,1.875,55.71543644236584,46.35140597818057,16.806887035465973,1
8,50,726.3327565597974,108.06549458100105,1005.6801384256486,4.535998846452928,1.8488532352449336,1.875,55.45588925948111,46.32461793758231,16.46582796494902,1
8,51,724.4345525905392,107.78594786992815,1006.1357073782706,4.543869105181078,1.865346197989386,1.875,55.18768048763089,45.871319220170065,16.881233610731087,1
8,52,722.4364549622227,107.49246722019738,1006.6152508090665,4.551539576591112,1.846986194026223,1.875,54.91134553148726,46.36193942164598,15.569471166826315,1
8,53,720.3393818589105,107.18506284488298,1007.1185483538615,4.559012097051154,1.8285980286386072,1.875,54.627510676330964,45.90648759114928,15.964525890359369,1
8,54,718.1450060701565,106.86384183393828,1007.6451985431625,4.566290012140313,1.8478554509655247,1.875,54.33688996802782,46.23706247855741,14.906682171608274,1
8,55,715.8557712325266,106.52901166621733,1008.1946149041936,4.57337820913172,1.8268904867663416,1.875,54.04028006967738,45.51030424594828,15.784477454097004,1
8,56,713.4748930654525,106.1808818491004,1008.7660256642914,4.580283119464238,1.8700596267588896,1.875,53.73855309693472,45.54810903568575,15.241281331998055,1
8,57,711.0063446101415,105.81986351881379,1009.358477293566,4.587012689220282,1.831997090541183,1.875,53.43264751328697,45.6396430288763,14.584724596461001,1
8,58,708.4548250415226,105.44646690332873,1009.9708419900346,4.5935763167497115,1.8377839313934377,1.875,53.123557248252,45.54959950878514,14.257248821032354,1
8,59,705.8257122452998,105.06129662827621,1010.601829061128,4.599984757823933,1.8342734637984883,1.875,52.81231928059115,45.00102143446621,14.79067375288636,1
8,60,703.125,104.66504493033489,1011.25,4.60625,1.8664473046458572,1.875,52.5,44.81217698656727,14.643472406538526,1
8,61,700.3592212379104,104.25848292702858,1011.9137869029015,4.612385109142488,1.8626689377796555,1.875,52.18768071940886,44.658355024805914,14.427400472316357,1
8,62,697.5353594383726,103.84245017149482,1012.5915137347906,4.618404052210078,1.8871817074660833,1.875,51.876442751748,44.965339653041184,13.322237863878868,1
8,63,694.6607506940543,103.41784279040894,1013.281419833427,4.624321501388108,1.8209859460894076,1.875,51.56735248671303,44.39213123666462,13.914271150331395,1
8,64,691.7429793537685,102.98560055837126,1013.9816849550956,4.630152625374204,1.8312197916160617,1.875,51.26144690306528,44.09199554335062,13.986049541816476,1
8,65,688.7897703615595,102.5466932992588,1014.6904551132258,4.635912874056452,1.848915283924288,1.875,50.95971993032263,43.52073626094585,14.597771886399924,1
8,66,685.8088814698087,102.10210702225542,1015.4058684472459,4.641617762939617,1.8687175622086891,1.875,50.66311003197218,43.701155869302504,13.741663625221918,1
8,67,682.8079984047735,101.65283019699713,1016.1260803828544,4.647282663476213,1.841854210624631,1.875,50.37248932366903,43.27308626709763,14.093810236286117,1
8,68,679.794635818632,101.19984054952873,1016.8492874035284,4.652922604970597,1.8503434107334074,1.875,50.08865446851274,43.318947657912965,13.51544952131909,1
8,69,676.776046495153,100.74409272096261,1017.5737488411633,4.6585520929903055,1.8450483556109174,1.875,49.81231951236911,42.1277713779825,15.42700321850788,1
8,70,673.7591408162835,100.28650707733881,1018.2978062040919,4.6641849482992335,1.8478856856629322,1.875,49.54411074051889,42.33297083608913,14.55498907266134,1
8,71,670.7504179783359,99.82795989637923,1019.0198996851993,4.669834169290005,1.8433588200251012,1.875,49.28456355763416,42.12692791622639,14.523078068932296,1
8,72,667.7559099041245,99.36927508906268,1019.7385816230101,4.675511819808249,1.8192179186364932,1.875,49.03412132054993,42.68733314100939,12.943615606058867,1
8,73,664.7811382644393,98.91121754555594,1020.4525268165346,4.681228943195545,1.8411460317191948,1.875,48.79313599093996,42.00484699340402,13.912385133016258,1
8,74,661.8310845272638,98.45448812989378,1021.1605397134567,4.686995502387861,1.8571983523146545,1.875,48.56187042515854,41.817056599505214,13.889114580230471,1
8,75,658.9101725185909,97.9997202890764,1021.8615585955382,4.692820345037182,1.889623993180631,1.875,48.340502082379636,41.66615837792803,13.80693914406909,1
8,76,656.0222626199678,97.54747819225392,1022.5546569712077,4.698711191906602,1.854850379577743,1.875,48.12912790989067,41.808024426806696,13.133633950148866,1
8,77,653.1706564532276,97.09825627580241,1023.2390424512254,4.704674646239789,1.8795929358502208,1.875,47.927770155207604,41.11325958427322,14.218292544941086,1
8,78,650.3581107138997,96.65248004090907,1023.914053428664,4.710716221427799,1.8391886012613097,1.875,47.73638285709534,41.48825242796266,13.088822518952103,1
8,79,647.5868587075997,96.2105079315737,1024.579153910176,4.716840384081866,1.8637491174191365,1.875,47.554858779657685,41.253569792287834,13.250568183929342,1
8,80,644.8586381101144,95.77263411189654,1025.2339268535725,4.723050609553562,1.8201737804668892,1.875,47.38303657321373,41.169317169941664,13.11380581037891,1
8,81,642.1747235008856,95.3390919609347,1025.8780663597875,4.729349447001772,1.8323197204723864,1.875,47.220707970475345,40.584426303411796,14.053753008559026,1
8,82,639.5359622986324,94.91005810978969,1026.5113690483283,4.735738591263932,1.8445834137862471,1.875,47.06762485447403,40.08849992196801,14.827867252882257,1
8,83,636.9428128440298,94.48565685735664,1027.1337249174328,4.742218959021393,1.8192971560696625,1.875,46.923506063887785,39.62756761096282,15.54857909166319,1
8,84,634.395383515403,94.06596481676591,1027.7451079563034,4.748790767030806,1.849928239459162,1.875,46.788043830331766,39.539943907677994,15.49135062995511,1
8,85,631.8934719182051,93.65101566254417,1028.3455667396308,4.755453610503077,1.824871559436345,1.875,46.66090976958552,39.737776836095776,14.83711519487427,1
8,86,629.4366033482557,93.24080486766366,1028.9352151964185,4.762206540029845,1.7947717013328846,1.875,46.54176037375878,39.84183103674869,14.395521963942839,1
8,87,627.0240678847227,92.83529433889693,1029.5142237076666,4.769048135769445,1.7993501079959464,1.875,46.430241973486645,39.42089320564874,15.096515697334723,1
8,88,624.6549556159706,92.43441687744473,1030.0828106521672,4.775976577898607,1.8478482558699685,1.875,46.325995158105876,39.47982883381005,14.778239087861056,1
8,89,622.3281896356624,92.03808040906469,1030.6412344874411,4.7829897126046585,1.8467142552902847,1.875,46.22865865732988,39.76149924563995,13.989502614877432,1
8,90,620.0425565654873,91.64617194350717,1031.189786424283,4.790085113130974,1.8518742089694527,1.875,46.13787270031865,39.317985285508776,14.781538496816685,1
8,91,617.7967344634067,91.25856123674116,1031.7287837287824,4.79726013559348,1.8330786151606768,1.875,46.05328187745829,38.86766107610155,15.602841987410866,1
8,92,615.5893180622454,90.8751041411418,1032.258563665061,4.804511969457824,1.8784992732386612,1.875,45.97453753692996,38.64384716399225,15.945109544710888,1
8,93,613.4188413534105,90.49564563853929,1032.7794780751815,4.811837682706821,1.8513925666219873,1.875,45.901299752610115,38.83781808690041,15.38841319043051,1
8,94,611.2837975856493,90.12002255889382,1033.2918885794443,4.819234261837965,1.8327032809342498,1.875,45.83323890236418,37.732828951853854,17.673658123455223,1
8,95,609.1826567905548,89.74806599352263,1033.7961623702668,4.826698646914442,1.85265934441233,1.875,45.77003689672975,38.549030890815324,15.776710038943323,1
8,96,607.1138809766351,89.37960341644185,1034.2926685656075,4.8342277619532705,1.8205189560402433,1.875,45.7113880976635,38.285320936342075,16.245551645588737,1
8,97,605.0759371539011,89.01446053070312,1034.7817750830636,4.841818540974469,1.8610871990848734,1.875,45.65699996574692,37.29445468758158,18.316020072363806,1
8,98,603.0673083627568,88.6524628587986,1035.2638459929383,4.8494679500588465,1.8288220986899473,1.875,45.60659347227005,37.693883298185824,17.349925902480198,1
8,99,601.0865028860451,88.29343709747221,1035.7392393073492,4.85717300577209,1.843955391333378,1.875,45.55990331016194,37.465776978847266,17.765898834796946,1
8,100,599.1320618228455,87.937212257787,1036.208305162517,4.864930790312358,1.831607815266439,1.875,45.51667793499317,38.046195520195255,16.41262665405248,1
8,101,597.2025651982535,87.58362061121775,1036.6713843524192,4.87273846372984,1.8453966887009046,1.875,45.476679464388454,37.21501050444144,18.166825408650393,1
8,102,595.2966367759975,87.23249846200441,1037.1288071737606,4.880593273551995,1.8467244817998316,1.875,45.43968346127035,37.45518638169995,17.5716388657853,1
8,103,593.4129477312537,86.88368676513542,1037.5808925444992,4.888492562129174,1.8485803988723069,1.875,45.40547862349548,37.104935017630105,18.280929653211906,1
8,104,591.5502193301561,86.53703160823106,1038.0279473607625,4.896433771993646,1.8345475379646736,1.875,45.37386639970671,36.82944180724349,18.831158264525705,1
8,105,589.7072247508636,86.19238457434821,1038.4702660597927,4.9044144495017274,1.8355917036083755,1.875,45.34466054865038,37.00467184362755,18.39243828074276,1
8,106,587.8827901691205,85.84960300139532,1038.908130359411,4.912432247004908,1.827664269490047,1.875,45.31768665682601,36.89015070727369,18.596571385849675,1
8,107,586.075795219388,85.50855015248311,1039.3418091473468,4.9204849237721096,1.8758077664506192,1.875,45.29278162716005,36.78517501907078,18.78358162702828,1
8,108,584.2851729311029,85.16909531018226,1039.7715584965354,4.928570345862206,1.8401561607597399,1.875,45.26979314943137,36.14749941058936,20.150950786830787,1
8,109,582.5099092286351,84.8311138063431,1040.1976217851275,4.936686485123937,1.879110007496313,1.875,45.24857916142108,36.09623718120678,20.2268052385998,1
8,110,580.7490420731895,84.49448699787696,1040.6202299024346,4.944831417479712,1.8645191120275977,1.875,45.22900730820562,36.507344908534,19.283338102557245,1
8,111,579.0016603153128,84.15910219771735,1041.039601524325,4.953003320630626,1.8428124992788015,1.875,45.210954405648685,36.10076386706488,20.150405268696506,1
8,112,577.2669023178718,83.82485256908079,1041.4559434437108,4.96120047130241,1.8108336458572623,1.875,45.19430591296044,36.13527980616652,20.044618284968603,1
8,113,575.5439544013473,83.49163699013714,1041.8694509436766,4.969421242136027,1.8599463979859987,1.875,45.178955418167554,35.63190762162108,21.131625793869887,1
8,114,573.8320491560744,83.15935989527678,1042.280308202542,4.9776640983121485,1.8444314418515007,1.875,45.164804139458894,35.841500649314945,20.64285159159698,1
8,115,572.130463659566,82.82793109832865,1042.6886887217042,4.9859275939857985,1.859239323897074,1.875,45.151760444624635,35.72784208054248,20.871652115624393,1
8,116,570.4385176312933,82.4972656023329,1043.0947557684897,4.99421036859592,1.815021484258851,1.875,45.139739390176004,35.41780093984034,21.537427069088263,1
8,117,568.7555715521942,82.16728339980229,1043.4986628274735,5.002511143104388,1.852040387045863,1.875,45.12866228120568,35.74500901380332,20.793111944978442,1
8,118,567.0810247716804,81.83790926681212,1043.9005540547967,5.010828716210027,1.8351951391501977,1.875,45.11845625261128,36.02217802507384,20.160880896741634,1
8,119,565.4143136209899,81.50907255373252,1044.3005647309624,5.019161960575313,1.8096584099613433,1.875,45.109053871945406,35.0637685383536,22.268889438710335,1
9,0,875.0,131.25,950.0,4.25,1.9632174966017197,1.6921875,69.93307149075716,58.96426250903737,15.684723619167082,1
9,1,874.9924268144482,131.23278787178975,950.0018175645324,4.2636827702955635,1.9831117512447496,1.6921875,69.92729741870306,59.23613219476447,15.28897243078507,1
9,2,874.9835477426928,131.21037399742423,950.0039485417537,4.277362928818719,1.9597341526130478,1.6921875,69.92102916492581,59.17880380308597,15.363368488901505,1
9,3,874.9731953580822,131.18539366978737,950.0064331140603,4.291040140716165,2.03218283211646,1.6921875,69.91422514586289,58.68832845316626,16.056670397584906,1
9,4,874.9611835027289,131.1585321593594,950.009315959345,4.304714033672124,1.9954907630029306,1.6921875,69.90684040654934,58.868368964502565,15.790259405018988,1
9,5,874.947305401172,131.13012868535841,950.0126467037187,4.318384194135677,2.0002143837745834,1.6921875,69.89882637025025,59.07537379585017,15.484455371351794,1
9,6,874.9313316085588,131.10038250894158,950.0164804139459,4.332050163217118,1.9788669014698366,1.6921875,69.89013057369407,59.19763204140679,15.299010667912277,1
9,7,874.9130077828352,131.06941978178347,950.0208781321196,4.345711432232337,2.0277836018464575,1.6921875,69.88069638788829,59.03166299463525,15.525079104869077,1
9,8,874.8920522705776,131.03732229263838,950.0259074550614,4.359367437874488,2.0060917984936864,1.6921875,69.87046272469304,58.68191817152758,16.013268149162123,1
9,9,874.8681534964696,131.00414191491882,950.0316431608474,4.373017556992939,1.9725679121143627,1.6921875,69.85936372956755,59.18288617489601,15.28281533739876,1
9,10,874.8409671470795,130.9699086123872,950.0381678847009,4.386661100960826,2.0213789602214423,1.6921875,69.84732846119626,59.18471684422258,15.265596912410617,1
9,11,874.8101131405812,130.93463516113704,950.0455728462605,4.400297309614496,1.9854354790402597,1.6921875,69.83428055905262,59.04659108341026,15.447555826855217,1
9,12,874.7751723754739,130.898320037853,950.0539586298863,4.413925344750948,1.9666884849713284,1.6921875,69.82013790037908,59.210358573151424,15.19587277579704,1
9,13,874.7356832532582,130.86094920795387,950.063436019218,4.427544283173184,2.009343300897191,1.6921875,69.80481224855997,58.92433393873315,15.587003186949017,1
9,14,874.6911379725303,130.82249721355453,950.0741268865927,4.441153109278394,1.9822957966955328,1.6921875,69.78820889544933,59.11451431713343,15.294409682166096,1
9,15,874.6409785951558,130.782927792742,950.0861651371625,4.454750707190311,1.982962244929911,1.6921875,69.77022630089975,59.011421924552764,15.42033750893573,1
9,16,874.5845928892147,130.7421941710695,950.0996977065885,4.4683358524450965,2.033691075434053,1.6921875,69.75075573352886,58.993215595479235,15.422829509040758,1
9,17,874.5213099583734,130.7002391149526,950.1148856099904,4.48190720325008,1.9845298366102984,1.6921875,69.72968091766968,58.82865738273477,15.633261749477715,1
9,18,874.4503956734121,130.65699480655817,950.1319050383811,4.495463291346824,2.0065804790807213,1.6921875,69.70687769248644,58.980507063002996,15.387822528507284,1
9,19,874.3710479289318,130.61238258162265,950.1509484970563,4.50900251252453,1.9787091788842943,1.6921875,69.68221369040769,59.40260638206241,14.75212506022947,1
9,20,874.282391756954,130.56631256054604,950.1722259783311,4.522523116847241,2.0200886997409957,1.6921875,69.65554804333789,58.85208356881409,15.509840605664552,1
9,21,874.1834743393472,130.51868319639777,950.1959661585566,4.536023198678694,1.9543658406235105,1.6921875,69.62673112655871,59.27395597160806,14.868966253970301,1
9,22,874.0732599729208,130.46938075959014,950.222417606499,4.549500686612508,1.9780040431355226,1.6921875,69.59560435181997,59.21896437852019,14.909907126955533,1
9,23,873.9506250547098,130.41827877701655,950.2518499868696,4.562953333442753,1.952294563296486,1.6921875,69.56200002283539,59.219157428831714,14.868523893229623,1
9,24,873.8143531705608,130.3652374428579,950.2845552390654,4.576378706341122,1.967473201065107,1.6921875,69.52574126822434,59.17182700829411,14.892202615986093,1
9,25,873.663130387622,130.3101030186818,950.3208487069708,4.58977417744191,1.9919821010074514,1.6921875,69.48664206884683,58.67390213855527,15.560889990306888,1
9,26,873.4955408707314,130.2527072416687,950.3610701910245,4.603136915074796,1.9835559133921872,1.6921875,69.44450739842388,59.145806865297004,14.83011532364994,1
9,27,873.310062963856,130.19286676163367,950.4055848886745,4.616463875927712,1.9938145287130273,1.6921875,69.39913349825993,59.108578064951594,14.828074811000851,1
9,28,873.1050659004139,130.13038262985023,950.4547841839006,4.6297517984674945,2.0312254513410326,1.6921875,69.35030830871337,58.477483746115,15.678120008058096,1
9,29,872.8788073301188,130.06503986541017,950.5090862407715,4.642997197993571,2.0240408911500953,1.6921875,69.29781208169447,58.95418694568844,14.9263372468557,1
9,30,872.6294318743361,129.99660712785962,950.5689363501593,4.6561963637486725,1.9737209586842601,1.6921875,69.24141819978756,58.46355192896454,15.565634776175175,1
9,31,872.354970946026,129.92483652800775,950.6348069729538,4.669345358558719,1.9879142318351821,1.6921875,69.18089422844675,59.12851070385069,14.53057760629897,1
9,32,872.0533440930981,129.8494636119602,950.7071974176565,4.682440021519529,1.989145657243172,1.6921875,69.11600322792941,59.28218978410874,14.227983367890811,1
9,33,871.722362144093,129.77020755640245,950.7866330854176,4.695475974288186,1.9626731258496917,1.6921875,69.0465053510089,58.77753425284411,14.872542854936455,1
9,34,871.3597324508473,129.6867716157276,950.8736642117966,4.708448631568361,1.9666487707624603,1.6921875,68.97215975082749,58.864397473690424,14.654843800241874,1
9,35,870.9630665322575,129.59884386351004,950.9688640322582,4.721353216397849,2.009434387452669,1.6921875,68.89272682027632,58.63155533308668,14.89441913651994,1
9,36,870.5298904241706,129.50609827176913,951.0728262981991,4.7341847808483415,1.93961236251818,1.6921875,68.80797077977883,58.72694283778071,14.650959514941416,1
9,37,870.0576580302883,129.40819617110694,951.1861620727308,4.746938232727244,1.600431410685393,1.6921875,68.7176626240748,58.4794170908939,14.899001424408173,1
9,38,869.543767745138,129.30478813277765,951.3094957411669,4.759608368823609,1.616412283487166,1.6921875,68.62158343035064,58.008489326582655,15.46611659659535,1
9,39,868.9855825799626,129.19551630967237,951.443460180809,4.772189915159926,1.6053009617597318,1.6921875,68.51952801968311,58.63402946290452,14.427271819413074,1
9,40,868.3804539632952,129.08001726671426,951.5886910488091,4.784677574593257,1.5561248879705925,1.6921875,68.41130895119085,58.28445277251831,14.80289784529296,1
9,41,867.7257493079192,128.95792532192453,951.7458201660994,4.797066081949172,1.5816130430305695,1.6921875,68.29676081356155,58.13216492025791,14.882983866615938,1
9,42,867.0188833334719,128.82887640718744,951.9154679999667,4.809350266666944,1.5986501693214896,1.6921875,68.17574476193644,57.96760732676691,14.973268676147844,1
9,43,866.2573530087551,128.6925124423791,952.0982352778988,4.821525122684177,1.5781824780674907,1.6921875,68.0481532298616,58.04682701716495,14.697424893976052,1
9,44,865.4387758308897,128.54848619806825,952.2946938005865,4.833585884995113,1.5699517208734668,1.6921875,67.91391472673955,57.63889862164915,15.129471105344555,1
9,45,864.5609309925637,128.39646660070002,952.5053765617847,4.845528111985128,1.605284105309853,1.6921875,67.77299861174691,57.57822169609218,15.042534821364246,1
9,46,863.6218028085214,128.23614441055474,952.7307673259548,4.85734777228371,1.6050228896689072,1.6921875,67.62541971656097,57.986520041679775,14.253367617207852,1
9,47,862.6196255851265,128.06723817763626,952.9712898595697,4.869041334503587,1.5571805050749108,1.6921875,67.4712426727067,57.52630113122589,14.739526274508213,1
9,48,861.5529289315002,127.88950035510945,953.22729705644,4.880605857863,1.6155788277116703,1.6921875,67.31058578630005,57.39694181588165,14.728209321922382,1
9,49,860.420582338606,127.70272342537386,953.4990602387345,4.892039081343879,1.582408554404535,1.6921875,67.14362429491057,57.71319456573798,14.045160397883686,1
9,50,859.2218377065317,127.50674587198314,953.7867589504324,4.903339508746397,1.6073644498363748,1.6921875,66.97059283965407,57.4236685134377,14.255397662484976,1
9,51,857.9563683936927,127.30145781319918,954.0904715855138,4.914506486787386,1.57974643575689,1.6921875,66.79178699175392,57.80308755547613,13.457791505694452,1
9,52,856.6243033081485,127.08680610184284,954.4101672060444,4.925540273282963,1.6264746329266744,1.6921875,66.60756368765817,57.60152938357124,13.521038460915324,1
9,53,855.2262545726071,126.8627986929781,954.7456989025743,4.936442092478547,1.5934030025020234,1.6921875,66.41834045088731,56.92787892317136,14.288916981799057,1
9,54,853.7633373801043,126.62950808724165,955.096799028775,4.947214174760209,1.5750877515195916,1.6921875,66.22459331201854,57.19633527053767,13.632787443395905,1
9,55,852.2371808216843,126.38707367421762,955.4630766027957,4.957859778310035,1.6000646040684965,1.6921875,66.02685337978491,57.35898775781074,13.127788434982374,1
9,56,850.6499287103017,126.13570282740821,955.8440171095276,4.968383190753936,1.6047056415014456,1.6921875,65.82570206462314,56.365494915859685,14.371600836822187,1
9,57,849.0042297400943,125.8756706395387,956.2389848623774,4.978789709480188,1.6127355920051811,1.6921875,65.62176500885798,56.39309624622233,14.063426610652602,1
9,58,847.3032166943483,125.60731823279772,956.6472279933564,4.989085600055363,1.5840172142116757,1.6921875,65.415704832168,56.61000385388159,13.461142092527353,1
9,59,845.5504748301998,125.33104963098049,957.067886040752,4.9992780329937325,1.6316099894464022,1.6921875,65.20821285372743,57.36742461262259,12.024234215240641,1
9,60,843.75,125.04732723651512,957.5,5.009375,1.6038311008334465,1.6921875,65.0,56.215051064763436,13.515306054210097,1
9,61,841.9061474919403,124.75666601167092,957.9425246019343,5.0193852116505475,1.602386752620334,1.6921875,64.79178714627257,56.389641976474906,12.967916984338087,1
9,62,840.023572958915,124.45962651633029,958.3943424898604,5.0293179792511635,1.585283287139579,1.6921875,64.584295167832,56.49979961379394,12.51774217405219,1
9,63,838.1071671293696,124.15680700112028,958.8542798889513,5.039183084258739,1.596298054834551,1.6921875,64.37823499114202,55.96842091579466,13.063132402596144,1
9,64,836.1619862358457,123.84883479144811,959.321123303397,5.048990639138358,1.605015124691812,1.6921875,64.17429793537686,55.79947908258171,13.050113709430116,1
9,65,834.1931802410396,123.53635722278027,959.7936367421505,5.058750943815412,1.608475449660115,1.6921875,63.97314662021508,55.33581939994567,13.501488791142368,1
9,66,832.2059209798724,123.22003239897944,960.2705789648306,5.068474341959745,1.5805306045718022,1.6921875,63.77540668798145,55.01252098590426,13.740227083065498,1
9,67,830.2053322698489,122.90052004332823,960.7507202552363,5.0781710812063645,1.6004866642631275,1.6921875,63.581659549112686,55.43525050273598,12.812514023928761,1
9,68,828.196423879088,122.5784726967075,961.2328582690188,5.0878511810915095,1.6008520969737605,1.6921875,63.39243631234183,55.5467521158551,12.376372723443126,1
9,69,826.1840309967686,122.25452749086094,961.7158325607755,5.097524311993537,1.591584719274142,1.6921875,63.20821300824607,55.08004064286204,12.859361115498771,1
9,70,824.172760544189,121.92929868908132,962.1985374693946,5.1071996877550445,1.5698626221279366,1.6921875,63.029407160345926,54.588584161703615,13.391880677489121,1
9,71,822.1669453188906,121.60337114478394,962.6799331234663,5.116885973971115,1.6056073948020384,1.6921875,62.85637570508944,54.8312979799538,12.767324929435683,1
9,72,820.1706066027496,121.2772947832544,963.15905441534,5.126591213205499,1.5858173006974392,1.6921875,62.68941421369995,54.38340905899974,13.24945408866979,1
9,73,818.1874255096262,120.95158016626354,963.6350178776897,5.136322767685919,1.5613391647171067,1.6921875,62.528757327293306,54.12353173891626,13.442175964543324,1
9,74,816.2207230181758,120.62669515581375,964.1070264756378,5.146087279369685,1.6095043029211185,1.6921875,62.37458028343902,54.28850424734011,12.963736187649888,1
9,75,814.2734483457273,120.30306265413154,964.5743723970255,5.1558906466914545,1.601709954078347,1.6921875,62.227001388253086,53.97307091343785,13.264226606897648,1
9,76,812.3481750799785,119.98105936368798,965.0364379808051,5.165738016826624,1.5918379028232863,1.6921875,62.08608527326045,53.60243319804887,13.664337247021374,1
9,77,810.4471043021517,119.66101548445161,965.4926949674835,5.175633791937637,1.6056732080547735,1.6921875,61.9518467701384,53.79020066359478,13.174177255483594,1
9,78,808.5720738092664,119.34321524612153,965.942702285776,5.185581647618533,1.601537016610579,1.6921875,61.824255238063564,53.35726003562846,13.69526437452691,1
9,79,806.7245724717332,119.02789816061255,966.386102606784,5.195584561610133,1.5486297812532979,1.6921875,61.70323918643846,53.658630397551725,13.037579379876107,1
9,80,804.9057587400763,118.71526087404177,966.8226179023817,5.205644850813486,1.5821198905305547,1.6921875,61.58869104880915,52.956536696592224,14.015810703585064,1
9,81,803.1164823339237,118.4054594970719,967.2520442398583,5.215764214667848,1.6055662178890027,1.6921875,61.48047198031689,52.978027867432665,13.82950364402912,1
9,82,801.3573081990883,118.09861229672168,967.6742460322188,5.225943783064843,1.6128953673316553,1.6921875,61.37841656964936,53.15055176826116,13.40514347099783,1
9,83,799.6285418960199,117.79480264059768,968.0891499449552,5.236184167125373,1.6053680261147323,1.6921875,61.282337375925195,52.416063582988684,14.467910612723514,1
9,84,797.9302556769353,117.4940820949029,968.4967386375355,5.24648551135387,2.0159355193584507,1.6921875,61.19202922022117,53.10156820297788,13.221429523323872,1
9,85,796.2623146121367,117.19647358957457,968.8970444930872,5.25684754589094,1.9843110968657987,1.6921875,61.10727317972368,52.91224887879848,13.410882002249828,1
9,86,794.6244022321705,116.90197457666413,969.2901434642791,5.267269637797674,1.9561719349927564,1.6921875,61.02784024917251,52.84307544829907,13.41152622713766,1
9,87,793.0160452564819,116.61056012090575,969.6761491384443,5.277750840512963,1.9711092094870812,1.6921875,60.9534946489911,52.202764505510665,14.356404327385475,1
9,88,791.4366370773137,116.32218587378568,970.0552071014447,5.2882899408212936,1.961249455926365,1.6921875,60.88399677207058,52.81294582195448,13.256440736522984,1
9,89,789.8854597571083,116.03679089393174,970.427489658294,5.29888550284755,1.979111371776867,1.6921875,60.819105771553254,52.83427351230283,13.128822198147391,1
9,90,788.3617043769916,115.75430028702797,970.793190949522,5.309535908753983,1.9809806103896768,1.6921875,60.75858180021243,51.74636716440296,14.832825863914357,1
9,91,786.8644896422711,115.47462764757695,971.1525224858549,5.320239395951209,1.9693661508517495,1.6921875,60.702187918305526,52.50507553526421,13.503817019039227,1
9,92,785.3928787081636,115.19767729262499,971.5057091100407,5.330994090749661,1.9885786760919895,1.6921875,60.64969169128664,51.872313581555794,14.472255117814337,1
9,93,783.9458942356069,114.92334628405042,971.8529853834543,5.3417980384712145,1.9948970041677785,1.6921875,60.60086650174007,52.08145631471706,14.058231637295796,1
9,94,782.5225317237662,114.651526241259,972.1945923862961,5.352649230114199,2.014044615968772,1.6921875,60.55549260157612,52.27174471102138,13.679597893881448,1
9,95,781.1217711937032,114.38210495023715,972.5307749135112,5.3635456257207395,1.984501266734941,1.6921875,60.513357931153166,51.30850765685339,15.211270022021006,1
9,96,779.7425873177566,114.11496777800582,972.8617790437384,5.374485174635513,1.9834273364282573,1.6921875,60.47425873177566,51.67803292955797,14.5454049155559,1
9,97,778.3839581026007,113.84999890372872,973.1878500553759,5.385465832871868,1.9724214611265105,1.6921875,60.43799997716461,51.200127469099506,15.284874601336018,1
9,98,777.0448722418379,113.5870823791906,973.5092306619589,5.396485577817009,1.9985723972817204,1.6921875,60.404395648180035,51.39128869008007,14.921276608073356,1
9,99,775.7243352573634,113.32610303220525,973.8261595382328,5.4075424205147264,1.9923525795589545,1.6921875,60.3732688734413,51.07253415003341,15.405385358385582,1
9,100,774.4213745485637,113.06694722685307,974.1388701083447,5.418634415763794,1.9870886253666074,1.6921875,60.34445195666211,50.91918214053722,15.61911577702933,1
9,101,773.1350434655023,112.80950349439483,974.4475895682795,5.429759670264338,2.0095006078732185,1.6921875,60.3177863095923,51.426868446520494,14.740126266301468,1
9,102,771.8644245173316,112.55366304835235,974.7525381158404,5.440916349034663,1.954772882405961,1.6921875,60.29312230751356,50.69682929700389,15.9160657853571,1
9,103,770.6086318208356,112.29932019666907,975.0539283629994,5.452102680308338,1.961766054548921,1.6921875,60.27031908233032,50.69063036316606,15.894537916877852,1
9,104,769.3668128867707,112.04637266313102,975.351964907175,5.463316959106875,1.9900278802549156,1.6921875,60.24924426647114,50.37883623616515,16.382625459418247,1
9,105,768.1381498339091,111.79472182939604,975.6468440398618,5.474557549667818,1.9732594433882165,1.6921875,60.22977369910026,50.40566878917815,16.311044034470388,1
9,106,766.921860112747,111.54427290809049,975.9387535729408,5.48582288689216,1.9958419862387016,1.6921875,60.21179110455068,50.65326309680123,15.874844166572272,1
9,107,765.7171968129254,111.29493505652466,976.2278727648979,5.4971114769591845,1.9772618885839777,1.6921875,60.19518775144004,50.579118084750355,15.974814641988786,1
9,108,764.5234486207354,111.04662143967387,976.5143723310235,5.508421897241471,1.9807630379589773,1.6921875,60.17986209962092,50.35673504782648,16.322947094051774,1
9,109,763.3399394857568,110.79924925019601,976.7984145234184,5.51975279563818,2.0251656814566936,1.6921875,60.165719440947385,50.78608078882479,15.589672556527315,1
9,110,762.1660280487929,110.55273969241884,977.0801532682897,5.531102889430919,1.9657050149121709,1.6921875,60.152671538803745,50.49626235311268,16.053167612783145,1
9,111,761.0011068768752,110.30701793644232,977.35973434955,5.54247096375375,2.0079245707405544,1.6921875,60.14063627043245,49.84834055060149,17.11371272087965,1
9,112,759.8446015452478,110.0620130477699,977.6372956291406,5.553855869757163,2.00807219252582,1.6921875,60.12953727530696,50.56670633587755,15.903716164728449,1
9,113,758.6959696008981,109.81765789720839,977.9129672957845,5.56525652253513,1.9692457435258344,1.6921875,60.1193036121117,49.712049554242846,17.311002344631614,1
9,114,757.554699437383,109.57388905516191,978.1868721350281,5.576671898874766,2.0120498689875927,1.6921875,60.109869426305934,50.01663301523794,16.791313152729757,1
9,115,756.4203091063773,109.33064667388898,978.4591258144694,5.588101034879421,2.0027261651555133,1.6921875,60.10117362974976,49.94411145165147,16.899939825918135,1
9,116,755.2923450875288,109.08787436079245,978.7298371789931,5.599543023508391,1.9995105580692856,1.6921875,60.093159593450665,49.356163118512896,17.867252358799178,1
9,117,754.1703810347962,108.84551904536524,978.9991085516489,5.610997012069593,2.012642993783152,1.6921875,60.08577485413712,50.03073054317466,16.734483886363883,1
9,118,753.0540165144536,108.60353084201783,979.2670360365312,5.6224621996955735,1.9871088247693622,1.6921875,60.07897083507419,49.56209523716516,17.50508614200372,1
9,119,751.9428757473265,108.3618629106647,979.5337098206417,5.633937834827987,1.9610744895996084,1.6921875,60.07270258129694,49.62473958374134,17.39219736854069,1
10,0,1000.0,150.0,900.0,4.5,2.054348139050089,1.51875,79.89960723613572,71.40415044851319,10.632664016125903,1
10,1,999.9886402216723,149.9801794943977,900.0027263467987,4.515706447110011,2.0861912602474657,1.51875,79.8909461280546,71.19517791439782,10.884547793086107,1
10,2,999.9753216140393,149.95434006185857,900.0059228126306,4.531408976561412,2.049885394292577,1.51875,79.88154374738872,71.4809640773275,10.516296100419103,1
10,3,999.9597930371232,149.9255050163949,900.0096496710904,4.547107086074247,2.0719644708454914,1.51875,79.87133771879432,71.20578854176918,10.849385304568491,1
10,4,999.9417752540934,149.8944542192961,900.0139739390175,4.562800217174853,2.0657823035578846,1.51875,79.860260609824,71.05911254840332,11.020685374946051,1
10,5,999.9209581017581,149.8615689593286,900.018970055578,4.5784877495368494,2.0781813398752047,1.51875,79.84823955537537,70.14295763679179,12.154659855528676,1
10,6,999.8969974128382,149.82706878887984,900.0247206209189,4.594168994825677,2.083887755325913,1.51875,79.8351958605411,71.58100030847208,10.33904340447506,1
10,7,999.8695116742529,149.79108824825494,900.0313171981793,4.609843190015172,2.0830343980126558,1.51875,79.82104458183245,70.700989001086,11.42562795128117,1
10,8,999.8380784058663,149.75370978385163,900.0388611825921,4.625509490145066,2.0852380241558945,1.51875,79.80569408703956,71.30514821148121,10.651553091296067,1
10,9,999.8022302447043,149.71498022459312,900.0474647412709,4.641166960489409,2.0824881231566246,1.51875,79.78904559435132,70.9597180364775,11.065839291727157,1
10,10,999.7614507206191,149.6749198470016,900.0572518270515,4.6568145681079045,2.067395808316338,1.51875,79.77099269179439,70.89240845815756,11.130091194853742,1
10,11,999.7151697108717,149.63352765770026,900.0683592693908,4.672451172755077,2.086194330853041,1.51875,79.75142083857892,70.55513907037066,11.531182355762695,1
10,12,999.6627585632108,149.59078455886953,900.0809379448294,4.688075517126421,2.0648013296157086,1.51875,79.73020685056862,71.43424271479965,10.405045293959128,1
10,13,999.6035248798875,149.54665523900422,900.095154028827,4.7036862164264415,2.1049226981643603,1.51875,79.70721837283995,70.53901172036345,11.502354290663021,1
10,14,999.5367069587954,149.5010892480246,900.1111903298892,4.719281747250924,2.0496105206075446,1.51875,79.68231334317399,70.8511531776415,11.082961569525022,1
10,15,999.4614678927338,149.45402152240666,900.1292477057439,4.734860435785468,2.0900905831751038,1.51875,79.65533945134962,70.40987519826349,11.606835545196436,1
10,16,999.3768893338222,149.40537252209384,900.1495465598827,4.750420445334311,2.0711426201344674,1.51875,79.62613360029329,70.79327981048549,11.092908057230177,1
10,17,999.2819649375601,149.35504808232704,900.1723284149856,4.765959763208453,2.0987580863185213,1.51875,79.59452137650452,70.44621989743831,11.493632125497886,1
10,18,999.1755935101181,149.30293904922064,900.1978575575716,4.781476187020236,2.074089605142689,1.51875,79.56031653872965,70.80213688959594,11.008226249163124,1
10,19,999.0565718933979,149.24892074737232,900.2264227455845,4.7969673104534625,2.1016347713583627,1.51875,79.52332053561155,71.11110383072065,10.578301620496088,1
10,20,998.9235876354309,149.19285231543518,900.2583389674966,4.812430508604195,2.060522479647662,1.51875,79.48332206500683,71.14326145142229,10.492843526046226,1
10,21,998.7752115090208,149.13457593831927,900.293949237835,4.827862923018041,2.0644622157666452,1.51875,79.44009668983806,71.17717349220923,10.401451586709626,1
10,22,998.6098899593811,149.07391600075937,900.3336264097485,4.843261446585429,2.0674972530151052,1.51875,79.39340652772995,71.181693795221,10.343066372445966,1
10,23,998.4259375820646,149.01067818534952,900.3777749803045,4.858622708497463,2.080960431935362,1.51875,79.34300003425308,71.83806934453814,9.458844115391395,1
10,24,998.2215297558413,148.94464853816598,900.4268328585981,4.873943059511682,2.0711808727244967,1.51875,79.2886119023365,70.9490215489838,10.51801785056468,1
10,25,997.9946955814329,148.87559252638636,900.4812730604561,4.889218557829532,2.062650297998498,1.51875,79.22996310327025,70.80824300795341,10.629463608786198,1
10,26,997.743311306097,148.8032541145993,900.5416052865368,4.904444955945527,2.018202090149828,1.51875,79.16676109763583,70.88950198867096,10.455472718855559,1
10,27,997.4650944457841,148.72735488960174,900.6083773330118,4.919617688891568,2.099096277091805,1.51875,79.09870024738989,70.90912870205118,10.35361076695941,1
10,28,997.157598850621,148.64759326724618,900.682176275851,4.934731864367908,2.045961563673269,1.51875,79.02546246307004,70.480129519683,10.813391882876255,1
10,29,996.8182109951781,148.5636438191911,900.7636293611573,4.949782255323689,2.0236349502896913,1.51875,78.94671812254171,70.96672360504115,10.108076316882416,1
10,30,996.4441478115042,148.4751567620653,900.853404525239,4.964763295623008,2.0521085269786252,1.51875,78.86212729968135,70.6544205713464,10.407665896641499,1
10,31,996.0324564190389,148.38175765640887,900.9522104594306,4.9796690795047445,2.0691640413862724,1.51875,78.77134134267013,71.08691244544659,9.755361234480992,1
10,32,995.5800161396471,148.28304736757767,901.0607961264847,4.994493365612628,2.0739444191921317,1.51875,78.67400484189412,70.84744092595932,9.94809395004528,1
10,33,995.0835432161397,148.17860234532833,901.1799496281265,5.009229586432279,2.08316806811577,1.51875,78.56975802651336,70.97648239213933,9.664374468114913,1
10,34,994.539598676271,148.06797528271215,901.310496317695,5.023870864019209,2.0674563189427575,1.51875,78.45823962624122,71.06933566211589,9.417626497005973,1
10,35,993.9445997983861,147.9506962178114,901.4532960483873,5.038410032930106,2.0325255497048302,1.51875,78.33909023041447,70.68565447031257,9.769625531253004,1
10,36,993.2948356362559,147.8262741433018,901.6092394472986,5.052839671272512,2.054906400659534,1.51875,78.21195616966824,70.24162218578888,10.190684869956456,1
10,37,992.5864870454325,147.6941991883148,901.7792431090962,5.067152140757532,2.0836270781708373,1.51875,78.07649393611221,70.51886901570515,9.679769850566364,1
10,38,991.815651617707,147.5539454340573,901.9642436117504,5.081339636568747,2.084367353106618,1.51875,77.93237514552597,69.86777745930218,10.348199539876045,1
10,39,990.9783738699439,147.4049744185554,902.1651902712134,5.095394247739888,2.1012193974584017,1.51875,77.77929202952465,69.9537169738115,10.061257760925116,1
10,40,990.0706809449428,147.24673937617155,902.3830365732138,5.109308028556552,2.0568930510283128,1.51875,77.61696342678627,70.30050477055285,9.4263654917843,1
10,41,989.0886239618786,147.07869024370714,902.6187302491492,5.123073081257091,2.0665043693375917,1.51875,77.44514122034231,70.12353395350311,9.453927194745754,1
10,42,988.0283250002078,146.90027944656484,902.8732019999501,5.1366816500004155,2.029106778900161,1.51875,77.26361714290465,69.99388277955785,9.409000810693213,1
10,43,986.8860295131326,146.71096845540833,903.1473529168481,5.150126225692932,2.076595430423061,1.51875,77.0722298447924,69.69396760624082,9.573178631797582,1
10,44,985.6581637463345,146.51023507608232,903.4420407008797,5.163399660826002,2.030757273637521,1.51875,76.87087209010933,69.6393634574762,9.407345638223331,1
10,45,984.3413964888455,146.29758140361469,903.7580648426771,5.176495292977691,2.0714913156368446,1.51875,76.65949791762037,69.51090266569265,9.325126626331052,1
10,46,982.932704212782,146.07254233570038,904.0961509889323,5.18940707509223,2.035515303544167,1.51875,76.43812957484147,69.94806888408306,8.490606359492245,1
10,47,981.4294383776898,145.83469450336617,904.4569347893545,5.2021297100887125,2.0594615622739294,1.51875,76.20686400906004,69.29136989635823,9.07463415878082,1
10,48,979.8293933972503,145.58366543821558,904.84094558466,5.214658786794501,2.024049306408451,1.51875,75.96587867945007,69.66907911583094,8.288984045309954,1
10,49,978.130873507909,145.31914275885936,905.2485903581019,5.226990913682485,2.0629077941981357,1.51875,75.71543644236584,69.10373865177118,8.732298328132135,1
10,50,976.3327565597974,145.04088312632268,905.6801384256486,5.239123846452928,2.0946535417291496,1.51875,75.45588925948111,68.74069074710117,8.899502183702872,1
10,51,974.4345525905392,144.74872069209286,906.1357073782706,5.251056605181079,2.0915036925805475,1.51875,75.1876804876309,68.15812724416698,9.349341804233942,1
10,52,972.4364549622227,144.44257474578265,906.6152508090665,5.262789576591112,2.083258525984243,1.51875,74.91134553148726,69.06858395822199,7.79956831880612,1
10,53,970.3393818589105,144.12245626469817,907.1185483538615,5.274324597051154,2.060630455888456,1.51875,74.62751067633097,68.73308225123066,7.898465822698017,1
10,54,968.1450060701565,143.7884730770157,907.6451985431625,5.285665012140313,2.1089172458766923,1.51875,74.33688996802782,68.17000252604979,8.295864199632783,1
10,55,965.8557712325266,143.4408333751547,908.1946149041936,5.29681570913172,2.0654882271158197,1.51875,74.04028006967738,67.74467022868397,8.502952494329806,1
10,56,963.4748930654525,143.07984735666125,908.7660256642914,5.307783119464238,2.062044189729114,1.51875,73.73855309693472,67.56158653130582,8.37684807499386,1
10,57,961.0063446101415,142.70592682570015,909.358477293566,5.318575189220283,2.0542565708642724,1.51875,73.43264751328698,67.9471223508592,7.470144885400217,1
10,58,958.4548250415226,142.31958265704776,909.9708419900346,5.329201316749712,2.0564402723270514,1.51875,73.123557248252,67.4474313029423,7.762376666167152,1
10,59,955.8257122452997,141.92142010302933,910.6018290611281,5.339672257823933,2.0730034615371413,1.51875,72.81231928059114,67.60684787685592,7.149163019619385,1
10,60,953.125,141.5121320078628,911.25,5.35,2.0621756681917165,1.51875,72.5,67.03157466048381,7.542655640711983,1
10,61,950.3592212379104,141.09249007835203,911.9137869029015,5.360197609142488,2.088060186878339,1.51875,72.18768071940886,67.14809880529657,6.981221537925535,1
10,62,947.5353594383726,140.6633344394951,912.5915137347906,5.370279052210078,2.0618837259319114,1.51875,71.876442751748,66.25348424179015,7.823089589142343,1
10,63,944.6607506940542,140.22556177319626,913.281419833427,5.380259001388108,2.051003171753616,1.51875,71.56735248671302,66.85568681922962,6.583540544353873,1
10,64,941.7429793537685,139.78011239339386,913.9816849550956,5.390152625374204,2.0999282415964244,1.51875,71.26144690306528,65.96262077858181,7.435754331077921,1
10,65,938.7897703615594,139.3279566481084,914.6904551132258,5.399975374056452,2.110867575855358,1.51875,70.95971993032262,65.7021855111311,7.409181468520505,1
10,66,935.8088814698087,138.8700810561282,915.4058684472459,5.409742762939618,2.086727002261487,1.51875,70.66311003197218,65.46323484455856,7.358684305093412,1
10,67,932.8079984047735,138.40747458277278,916.1260803828544,5.4194701634762135,2.0801949018678263,1.51875,70.37248932366903,65.28793809362253,7.225197344747568,1
10,68,929.794635818632,137.94111543643206,916.8492874035284,5.4291726049705975,2.0637390853652837,1.51875,70.08865446851274,65.25979047680877,6.889651439768088,1
10,69,926.776046495153,137.47195872777542,917.5737488411633,5.4388645929903054,2.0865578411864947,1.51875,69.8123195123691,65.00336088655745,6.8884097526076635,1
10,70,923.7591408162835,137.00092528013133,918.2978062040919,5.448559948299234,2.078643336542804,1.51875,69.54411074051889,64.16205128820874,7.739058555787046,1
10,71,920.7504179783359,136.5288918167333,919.0198996851993,5.4582716692900055,2.106426514163971,1.51875,69.28456355763416,64.12387380077071,7.448541914492315,1
10,72,917.7559099041245,136.05668268276,919.7385816230101,5.468011819808249,2.079520133404185,1.51875,69.03412132054993,64.11971542744159,7.118807046574847,1
10,73,914.7811382644393,135.58506319170678,920.4525268165346,5.477791443195545,2.079387227157169,1.51875,68.79313599093996,63.95365591135201,7.034829870563408,1
10,74,911.8310845272637,135.1147346204835,921.1605397134567,5.487620502387861,2.0937063512791467,1.51875,68.56187042515853,63.37553181055054,7.564464887621972,1
10,75,908.9101725185908,134.64633081890793,921.8615585955382,5.497507845037182,2.10474813967193,1.51875,68.34050208237963,63.12705948632969,7.628627881260663,1
10,76,906.0222626199678,134.18041634926638,922.5546569712077,5.507461191906602,2.0789737738104326,1.51875,68.12912790989067,62.82865302861699,7.780042169751862,1
10,77,903.1706564532276,133.71748603174686,923.2390424512254,5.517487146239788,2.058769322379801,1.51875,67.9277701552076,63.00388811199707,7.24870260272049,1
10,78,900.3581107138997,133.25796574236384,923.914053428664,5.5275912214278,2.1346767307813375,1.51875,67.73638285709535,62.408274499139154,7.865947564984392,1
10,79,897.5868587075997,132.80221429128267,924.579153910176,5.537777884081866,2.0965452243263782,1.51875,67.55485877965769,62.15774831856887,7.989226176450856,1
10,80,894.8586381101144,132.3505262004148,925.2339268535725,5.548050609553562,2.0720290932956966,1.51875,67.38303657321373,62.53631592075292,7.192790498829331,1
10,81,892.1747235008856,131.9031351985672,925.8780663597875,5.558411947001772,2.0507680871313108,1.51875,67.22070797047535,61.36771365955088,8.70712982299326,1
10,82,889.5359622986324,131.46021825880874,926.5113690483282,5.5688635912639315,2.070494819857554,1.51875,67.06762485447403,61.76522059825811,7.906056413539749,1
10,83,886.9428128440298,131.02190001448548,927.1337249174328,5.579406459021393,2.0815121242664345,1.51875,66.92350606388779,61.4683959924189,8.15126163034738,1
10,84,884.395383515403,130.58825740591632,927.7451079563033,5.590040767030805,2.0729214324630485,1.51875,66.78804383033176,61.378603041077234,8.09941492371997,1
10,85,881.893471918205,130.15932442779646,928.3455667396307,5.600766110503077,2.0139653439919174,1.51875,66.66090976958552,60.6635904466831,8.996755885319061,1
10,86,879.4366033482557,129.73509686647813,928.9352151964187,5.611581540029845,2.0703665446471478,1.51875,66.54176037375878,60.94264959680315,8.414431396924202,1
10,87,877.0240678847227,129.31553693554656,929.5142237076666,5.622485635769445,2.1020340956341883,1.51875,66.43024197348664,60.29233662988924,9.239625148508622,1
10,88,874.6549556159706,128.90057773665976,930.082810652167,5.633476577898608,2.101380365343548,1.51875,66.32599515810588,60.22663664489388,9.1960301517867,1
10,89,872.3281896356623,128.4901274898793,930.641234487441,5.644552212604658,2.069640597173203,1.51875,66.22865865732987,60.320220919011135,8.921270425978681,1
10,90,870.0425565654873,128.08407349330042,931.189786424283,5.655710113130975,2.0681740712466814,1.51875,66.13787270031865,60.29003481206307,8.841889902859558,1
10,91,867.7967344634067,127.68228578546305,931.7287837287824,5.6669476355934805,2.064146709930554,1.51875,66.05328187745829,59.652781833975105,9.689904667200882,1
10,92,865.5893180622454,127.28462049571766,932.258563665061,5.678261969457824,2.0932783919170035,1.51875,65.97453753692996,59.383231430140384,9.990681788561261,1
10,93,863.4188413534105,126.89092287744434,932.7794780751815,5.689650182706821,2.07721737473915,1.51875,65.90129975261011,58.923621645235066,10.58807357907791,1
10,94,861.2837975856492,126.50103002689146,933.2918885794442,5.701109261837965,2.1086315798740407,1.51875,65.83323890236417,59.6344018313815,9.415968550743841,1
10,95,859.1826567905548,126.11477329655956,933.7961623702669,5.712636146914443,2.127240936824432,1.51875,65.77003689672975,59.51732855287989,9.506925400798675,1
10,96,857.1138809766351,125.7319804166938,934.2926685656076,5.72422776195327,2.0496457882408072,1.51875,65.7113880976635,59.085656620679146,10.083079461259999,1
10,97,855.0759371539011,125.35247734176532,934.7817750830637,5.735881040974469,2.0538786175883805,1.51875,65.65699996574692,59.195866675992,9.840737915417511,1
10,98,853.0673083627568,124.97608984101518,935.2638459929384,5.747592950058847,2.0502159870732655,1.51875,65.60659347227005,58.211343976824125,11.272113219186842,1
10,99,851.0865028860451,124.60264485339917,935.7392393073492,5.75936050577209,2.040042563758883,1.51875,65.55990331016194,58.24043167529243,11.164555262141425,1
10,100,849.1320618228455,124.23197162778371,936.208305162517,5.771180790312358,2.0584492363371454,1.51875,65.51667793499317,57.864473391599255,11.679781064275833,1
10,101,847.2025651982535,123.86390266916197,936.6713843524192,5.78305096372984,2.1120349749176874,1.51875,65.47667946438845,58.288279523720824,10.978565192172377,1
10,102,845.2966367759975,123.49827451112625,937.1288071737606,5.794968273551995,2.080483483629951,1.51875,65.43968346127035,58.42636577486083,10.717224343788683,1
10,103,843.4129477312537,123.13492833396573,937.5808925444991,5.806930062129174,2.0773639486736752,1.51875,65.40547862349548,57.570009466154865,11.979836127253565,1
10,104,841.5502193301561,122.77371044666017,938.0279473607626,5.818933771993645,2.0382345979824636,1.51875,65.37386639970671,57.371127108303824,12.241496078070108,1
10,105,839.7072247508636,122.41447264979081,938.4702660597927,5.830976949501727,2.102347104842986,1.51875,65.34466054865038,57.138405206498376,12.558417586456489,1
10,106,837.8827901691205,122.05707249505772,938.9081303594111,5.843057247004907,2.0793013375927742,1.51875,65.31768665682601,57.65945667954109,11.724588498549656,1
10,107,836.075795219388,121.70137345572927,939.3418091473469,5.8551724237721094,2.0779456896416817,1.51875,65.29278162716005,57.32214261586611,12.207534757530329,1
10,108,834.285172931103,121.34724502099495,939.7715584965352,5.867320345862206,2.0853508710902853,1.51875,65.26979314943138,57.17786228834297,12.39766585832807,1
10,109,832.5099092286351,120.99456272587685,940.1976217851276,5.879498985123937,2.1044202762822826,1.51875,65.24857916142108,56.62432015444806,13.217542999115919,1
10,110,830.7490420731892,120.64320812709974,940.6202299024346,5.891706417479712,2.0770472903695927,1.51875,65.22900730820561,56.22739824569593,13.800009281112125,1
10,111,829.0016603153128,120.29306873413785,941.0396015243249,5.903940820630626,2.030763869089086,1.51875,65.21095440564868,56.57091390507948,13.249369801925159,1
10,112,827.2669023178717,119.94403790355813,941.4559434437108,5.91620047130241,2.0831063842117117,1.51875,65.19430591296043,56.987199399453374,12.588686080137421,1
10,113,825.5439544013472,119.59601470377066,941.8694509436767,5.928483742136027,2.120634627493026,1.51875,65.17895541816755,56.78575986556993,12.877155668957151,1
10,114,823.8320491560744,119.24890375637281,942.2803082025422,5.940789098312148,2.0867821077207775,1.51875,65.1648041394589,56.27349513295048,13.644342408334667,1
10,115,822.130463659566,118.9026150594419,942.6886887217041,5.953115093985799,2.0416142315691492,1.51875,65.15176044462464,56.009292103959076,14.032572993075382,1
10,116,820.4385176312933,118.55706379737993,943.0947557684896,5.96546036859592,2.0980463278579813,1.51875,65.139739390176,56.23235400200598,13.674272374373956,1
10,117,818.7555715521942,118.21217014124475,943.4986628274734,5.977823643104388,2.0465121098991577,1.51875,65.12866228120568,55.971306171286614,14.060408718945272,1
10,118,817.0810247716804,117.86785904290753,943.9005540547967,5.9902037162100275,2.082806649070171,1.51875,65.11845625261128,55.787343320283036,14.329444322406005,1
10,119,815.4143136209899,117.52406002585008,944.3005647309624,6.002599460575313,2.07168168172527,1.51875,65.1090538719454,55.74013261900475,14.38958285489324,1
11,0,750.0,112.5,1000.0,4.0,2.0659434010762956,1.875,60.10039276386427,48.00658456053716,20.12267748539338,1
11,1,750.0113597783277,112.48623346000902,999.9972736532013,4.011689386223322,2.0584991631904765,1.875,60.1090538719454,47.97852887042703,20.180861650827,1
11,2,750.0246783859607,112.46849717009702,999.9940771873694,4.0233826901052545,2.089333174592642,1.875,60.11845625261128,48.580050482617985,19.19278452778321,1
11,3,750.0402069628768,112.44897371800765,999.9903503289096,4.035080413925754,2.062621491667121,1.875,60.12866228120568,48.87921414397915,18.708961268115143,1
11,4,750.0582247459066,112.42827229126466,999.9860260609825,4.04678311615848,2.071091122042863,1.875,60.139739390176,48.03179333524479,20.13302049145406,1
11,5,750.0790418982419,112.40672582544197,999.981029944422,4.058491417129817,2.0609417330875637,1.875,60.151760444624635,48.944429766111455,18.631758398543603,1
11,6,750.1030025871618,112.3845590685023,999.9752793790811,4.070206005174324,2.056341791389457,1.875,60.164804139458894,48.53522429372971,19.32953993961722,1
11,7,750.1304883257471,112.36194372849846,999.9686828018207,4.081927643318161,2.0846088363815323,1.875,60.178955418167554,48.65428003178183,19.15067369698231,1
11,8,750.1619215941337,112.33902268474148,999.9611388174079,4.0936571765216,2.1187204998704017,1.875,60.19430591296044,48.154008496983344,20.00238599542469,1
11,9,750.1977697552957,112.31592260300359,999.9525352587291,4.105395539510591,2.048202042280584,1.875,60.210954405648685,48.105198173538795,20.105571073582233,1
11,10,750.2385492793809,112.29276135384184,999.9427481729485,4.117143765225428,2.063812935470902,1.875,60.22900730820562,48.79842943104877,18.97852610896269,1
11,11,750.2848302891283,112.26965281272929,999.9316407306092,4.1289029939115895,2.0490966122953096,1.875,60.24857916142108,48.794259499239786,19.01176728415834,1
11,12,750.3372414367892,112.24671022942627,999.9190620551706,4.140674482873578,2.0704338372897944,1.875,60.26979314943137,48.148481833336646,20.11175197837739,1
11,13,750.3964751201125,112.22404876938472,999.904845971173,4.152459616906892,2.0347039047598825,1.875,60.29278162716005,47.99868800982951,20.390655872132516,1
11,14,750.4632930412046,112.20178755689548,999.8888096701108,4.164259919415742,2.056414235726561,1.875,60.31768665682601,48.42850302254723,19.7109410079362,1
11,15,750.5385321072662,112.18005141114863,999.8707522942561,4.176077064214533,2.096652563425849,1.875,60.34466054865038,48.75670683626649,19.20294787811688,1
11,16,750.6231106661778,112.15897239116458,999.8504534401173,4.187912887999023,2.0529524788496336,1.875,60.37386639970671,48.61084931501806,19.48362393558051,1
11,17,750.7180350624399,112.1386912222434,999.8276715850144,4.199769403458213,2.1027622292750845,1.875,60.405478623495476,49.09726448008196,18.720510789918716,1
11,18,750.8244064898819,112.11935865023251,999.8021424424284,4.211648812979764,2.063443183660168,1.875,60.43968346127034,48.79895578736715,19.260073857538572,1
11,19,750.9434281066021,112.10113675297309,999.7735772544155,4.223553522879871,2.097530411228996,1.875,60.476679464388454,48.095384982732455,20.47284108735946,1
11,20,751.0764123645691,112.08420022671456,999.7416610325034,4.235486158062471,2.059483162148046,1.875,60.51667793499317,49.19287102609635,18.71187794059155,1
11,21,751.2247884909792,112.06873765683413,999.706050762165,4.247449576981959,2.0637105816888215,1.875,60.55990331016194,47.6624931993114,21.296946338892784,1
11,22,751.3901100406189,112.05495277554529,999.6663735902515,4.259446886747904,2.0673120676835053,1.875,60.60659347227005,48.8936280466483,19.32622303047093,1
11,23,751.5740624179354,112.04306570363221,999.6222250196955,4.2714814581692035,2.0698615126272575,1.875,60.65699996574692,48.786443559281885,19.56996952234425,1
11,24,751.7784702441587,112.03331416811086,999.5731671414019,4.283556940488317,2.0884957438443545,1.875,60.7113880976635,48.49532359928513,20.121537130277726,1
11,25,752.005304418567,112.02595468277717,999.518726939544,4.295677275503801,2.0593434441629523,1.875,60.77003689672974,48.64123271945052,19.958526926502355,1
11,26,752.256688693903,112.02126367366155,999.4583947134632,4.307846710721139,2.073286882349837,1.875,60.83323890236418,48.641107098084596,20.04189161101162,1
11,27,752.5349055542159,112.01953852635147,999.3916226669882,4.320069811108432,2.071634434344889,1.875,60.901299752610115,48.41950749571334,20.495116372884684,1
11,28,752.842401149379,112.0210985269173,999.317823724149,4.332351468965425,2.0847370420928586,1.875,60.97453753692996,48.856993770522465,19.873121233709,1
11,29,753.1817890048219,112.02628566278418,999.2363706388427,4.344696911342977,2.0430111365585306,1.875,61.05328187745829,48.552120743068016,20.475821692078235,1
11,30,753.5558521884958,112.03546524438981,999.146595474761,4.357111704376992,2.0715929013420284,1.875,61.13787270031865,48.5590285618038,20.574553190905007,1
11,31,753.9675435809611,112.04902630296645,999.0477895405694,4.369601753828589,2.0824787434429957,1.875,61.22865865732988,48.73833484432618,20.399473199154333,1
11,32,754.4199838603529,112.067381714453,998.9392038735153,4.382173301054039,2.0731127544803436,1.875,61.325995158105876,48.66407526804927,20.646904884971924,1
11,33,754.9164567838603,112.09096799461362,998.8200503718735,4.39483291356772,2.0298669274230274,1.875,61.430241973486645,48.1712252478411,21.58385886119112,1
11,34,755.460401323729,112.12024470621161,998.689503682305,4.407587469314125,2.0815234948250803,1.875,61.54176037375878,48.94788027898401,20.463958161562047,1
11,35,756.0554002016139,112.15569341592905,998.5467039516127,4.420444133736561,2.0785045480182616,1.875,61.66090976958552,48.94966564465349,20.614752802758513,1
11,36,756.7051643637441,112.19781613706886,998.3907605527014,4.433410328727488,2.07402265195871,1.875,61.788043830331766,49.24443558180407,20.301028274939554,1
11,37,757.4135129545675,112.24713319442061,998.2207568909038,4.446493692575801,2.078623691339268,1.875,61.923506063887785,49.32201651379717,20.350090540883443,1
11,38,758.184348382293,112.30418045055386,998.0357563882496,4.45970203009792,2.073160540715772,1.875,62.06762485447403,48.972229892186554,21.09859204857832,1
11,39,759.0216261300561,112.3695058387821,997.8348097287866,4.473043252260112,2.073615361134365,1.875,62.220707970475345,48.873760714011674,21.450972982816264,1
11,40,759.9293190550572,112.44366515766765,997.6169634267862,4.486525304776781,2.0621343653130015,1.875,62.38303657321373,49.235840942591125,21.074952988530537,1
11,41,760.9113760381214,112.52721709569882,997.3812697508508,4.500156085409576,2.07301767052926,1.875,62.554858779657685,49.232024394146464,21.29784103971744,1
11,42,761.9716749997921,112.62071747304653,997.1267980000499,4.513943349999584,2.0419676096877555,1.875,62.73638285709534,49.50853534614412,21.084810613137194,1
11,43,763.1139704868674,112.72471271028944,996.8526470831519,4.527894607640402,2.0864158720232306,1.875,62.927770155207604,49.930896425192614,20.653637810395907,1
11,44,764.3418362536655,112.83973256162984,996.5579592991203,4.542017005840664,2.078566823823014,1.875,63.12912790989067,49.52295750812196,21.552919947175415,1
11,45,765.6586035111545,112.96628218202329,996.2419351573229,4.556317207022309,2.0494707136990367,1.875,63.34050208237963,50.04450552259918,20.991302756785686,1
11,46,767.067295787218,113.10483363303743,995.9038490110677,4.570801258241103,2.0746879634287203,1.875,63.56187042515854,49.77963024784375,21.68318849827241,1
11,47,768.5705616223102,113.25581696992802,995.5430652106455,4.585474456577954,2.064650179927663,1.875,63.79313599093996,49.72983850847619,22.045157780707108,1
11,48,770.1706066027497,113.41961109069656,995.15905441534,4.6003412132055,2.0834966385722566,1.875,64.03412132054993,49.65279198666484,22.45885324465257,1
11,49,771.869126492091,113.59653456466863,994.7514096418981,4.615404919650849,2.1022399410744153,1.875,64.28456355763416,50.52281363979528,21.407549738594422,1
11,50,773.6672434402026,113.78683669092875,994.3198615743514,4.630667820213739,2.062650072953898,1.875,64.54411074051889,49.94358229089904,22.621007992994272,1
11,51,775.5654474094608,113.9906890630602,993.8642926217294,4.6461308948189215,2.0294271841241316,1.875,64.8123195123691,49.942173985032596,22.943393538783337,1
11,52,777.5635450377773,114.20817793331426,993.3847491909335,4.661793756742221,2.0843295337488974,1.875,65.08865446851274,50.605140582453856,22.251979249418078,1
11,53,779.6606181410895,114.43929767400817,992.8814516461385,4.6776545696155125,2.0796043751973614,1.875,65.37248932366903,50.10963840849108,23.347513721879672,1
11,54,781.8549939298435,114.68394562452622,992.3548014568375,4.6937099878596875,2.0618149914891863,1.875,65.66311003197218,51.22325107116818,21.990824001137103,1
11,55,784.1442287674734,114.94191858740695,991.8053850958064,4.709955124201613,2.0678107557848526,1.875,65.95971993032262,50.6074404040771,23.275234555973086,1
11,56,786.5251069345475,115.21291119626476,991.2339743357086,4.7263835472024285,2.0674992572743816,1.875,66.26144690306528,50.9358948407362,23.128912480207415,1
11,57,788.9936553898585,115.49651632250425,990.641522706434,4.742987310779717,2.0764048850901475,1.875,66.56735248671302,51.365592072734835,22.836660684398538,1
11,58,791.5451749584774,115.79222761898555,990.0291580099654,4.759757016583622,2.0805972371728854,1.875,66.876442751748,51.188963558568,23.45740674547162,1
11,59,794.1742877547003,116.09944422024255,989.3981709388719,4.7766819088427335,2.0607569725179378,1.875,67.18768071940886,52.06323049230259,22.510749091443476,1
11,60,796.875,116.41747753483256,988.75,4.79375,2.04264570280253,1.875,67.5,51.623954133156964,23.520067950878573,1
11,61,799.6407787620896,116.74555998091222,988.0862130970985,4.810948224190845,2.073717250091081,1.875,67.81231928059114,52.244214310970776,22.957635330541155,1
11,62,802.4646405616274,117.08285543650683,987.4084862652094,4.828262614456588,2.059954307036384,1.875,68.123557248252,52.27677226089632,23.26182840042795,1
11,63,805.3392493059458,117.42847110631504,986.718580166573,4.845678498611892,2.0803958151223525,1.875,68.43264751328698,52.84879352790979,22.772542860264767,1
11,64,808.2570206462315,117.78147045176449,986.0183150449044,4.863180707959129,2.0483468705854446,1.875,68.73855309693472,52.89838031647461,23.044088167119828,1
11,65,811.2102296384406,118.14088679383877,985.3095448867742,4.880753792610214,2.099971623891354,1.875,69.04028006967738,53.01943881725044,23.20506411077455,1
11,66,814.1911185301913,118.50573718098127,984.5941315527541,4.898382237060383,2.0481345208154695,1.875,69.33688996802782,52.9011559844418,23.704169585865127,1
11,67,817.1920015952265,118.87503611765676,983.8739196171456,4.916050669857119,2.0665165550650024,1.875,69.62751067633097,53.792540063380024,22.742405206127604,1
11,68,820.205364181368,119.24780877189131,983.1507125964716,4.9337440616960695,2.0689161868943073,1.875,69.91134553148726,53.769856699620995,23.088511183919817,1
11,69,823.223953504847,119.62310331991416,982.4262511588367,4.951447907009694,2.049804470247764,1.875,70.1876804876309,54.222851012075786,22.745914047364167,1
11,70,826.2408591837165,120.00000213941628,981.7021937959081,4.969148385034099,2.0468181324679326,1.875,70.45588925948111,54.004506699951676,23.349904078196847,1
11,71,829.2495820216641,120.37763162574525,980.9801003148007,4.986832497376661,2.0823296011321655,1.875,70.71543644236584,53.802478263604286,23.916925397958725,1
11,72,832.2440900958755,120.75517047312118,980.2614183769899,5.004488180191751,2.073210526884954,1.875,70.96587867945007,54.32458295165578,23.449714197103564,1
11,73,835.2188617355607,121.13185633134907,979.5474731834654,5.0221043901377875,2.070062291869422,1.875,71.20686400906004,54.7562842192471,23.102519706133727,1
11,74,838.1689154727363,121.50699081364446,978.8394602865433,5.039671164278806,2.1118480003982096,1.875,71.43812957484147,55.0039407641701,23.00478597141075,1
11,75,841.0898274814092,121.87994288991277,978.1384414044618,5.057179654962818,2.1065843313489068,1.875,71.65949791762037,55.518384727106415,22.52473664980147,1
11,76,843.9777373800322,122.25015074982085,977.4453430287923,5.074622141426731,2.0537021244766454,1.875,71.87087209010933,55.62164814819565,22.608914389602695,1
11,77,846.8293435467724,122.61712225986432,976.7609575487746,5.091992020426878,2.0636431089644836,1.875,72.0722298447924,55.822930294259756,22.54585377131459,1
11,78,849.6418892861003,122.98043416781951,976.085946571336,5.1092837785722,2.0554534841425744,1.875,72.26361714290465,56.46799965039969,21.85832666149052,1
11,79,852.4131412924003,123.33973022667998,975.420846089824,5.1264929492514675,2.088239265707174,1.875,72.44514122034231,56.21102936931064,22.408834571328292,1
11,80,855.1413618898856,123.6947184192131,974.7660731464275,5.143616057113104,2.1043135992526305,1.875,72.61696342678627,56.4479158301956,22.266212787722246,1
11,81,857.8252764991144,124.04516746486044,974.1219336402125,5.160650552998229,2.091683803188463,1.875,72.77929202952465,56.63514210878565,22.182339880676146,1
11,82,860.4640377013676,124.39090278432458,973.4886309516718,5.177594742069402,2.0776090557874514,1.875,72.93237514552597,56.79285131106702,22.129436758716377,1
11,83,863.0571871559702,124.73180208541633,972.8662750825672,5.194447707645273,2.0716373309687186,1.875,73.07649393611221,57.06527421495993,21.91021881146931,1
11,84,865.604616484597,125.06779071813662,972.2548920436967,5.211209232969194,2.056336667241472,1.875,73.21195616966824,57.079859343755004,22.03478457607007,1
11,85,868.106528081795,125.39883692896969,971.6544332603693,5.227879722830257,2.0653962035615163,1.875,73.33909023041448,57.47134625360927,21.6361341911284,1
11,86,870.5633966517443,125.7249471252231,971.0647848035813,5.244460126636822,2.0691197235011702,1.875,73.45823962624122,57.9490508217604,21.11293284918378,1
11,87,872.9759321152773,126.0461612410009,970.4857762923334,5.260951864230554,2.0866736702708324,1.875,73.56975802651336,57.74078229286478,21.51560119029353,1
11,88,875.3450443840294,126.36254827784533,969.917189347833,5.277356755434726,2.0973669818402785,1.875,73.67400484189412,58.55546400599417,20.520861962566904,1
11,89,877.6718103643377,126.6742020758231,969.358765512559,5.2936769540620086,2.0288547779927972,1.875,73.77134134267013,58.4006567857136,20.835576901820488,1
11,90,879.9574434345127,126.98123735525223,968.810213575717,5.309914886869025,2.0558716199446097,1.875,73.86212729968135,58.56201253075379,20.714424737389827,1
11,91,882.2032655365933,127.28378605559021,968.2712162712176,5.326073197739853,2.0944960627041684,1.875,73.94671812254171,58.265871189466715,21.20560226498394,1
11,92,884.4106819377546,127.58199398631334,967.741436334939,5.3421546972088425,2.0326847619109243,1.875,74.02546246307004,58.903608221050675,20.42790917998437,1
11,93,886.5811586465895,127.87601779489103,967.2205219248185,5.3581623172931785,2.072439353540912,1.875,74.09870024738989,58.35499067479578,21.24694430540794,1
11,94,888.7162024143508,128.16602224909207,966.7081114205558,5.374099071495368,2.120322594000496,1.875,74.16676109763583,59.2492875435528,20.11342187970851,1
11,95,890.8173432094452,128.45217782469894,966.2038376297331,5.3899680197522235,2.083133304693743,1.875,74.22996310327025,59.60759271914638,19.69874397456042,1
11,96,892.8861190233649,128.7346585850699,965.7073314343924,5.40577223804673,2.0581148248343095,1.875,74.2886119023365,59.38022356094408,20.068201517874268,1
11,97,894.9240628460989,129.01364033567012,965.2182249169363,5.421514792358865,2.0433448656156443,1.875,74.34300003425308,59.307872697337594,20.223998668318664,1
11,98,896.9326916372432,129.28929903450086,964.7361540070616,5.43719871660782,2.0774445039006246,1.875,74.39340652772995,59.17678142380695,20.45426579336845,1
11,99,898.9134971139549,129.56180943808957,964.2607606926508,5.45282699422791,2.0570055129776783,1.875,74.44009668983806,59.53842075602152,20.018345752432083,1
11,100,900.8679381771545,129.8313439621933,963.791694837483,5.468402543020975,2.0725731488036465,1.875,74.48332206500683,60.1565155353831,19.234918814603517,1
11,101,902.7974348017465,130.09807173644762,963.3286156475808,5.483928202936826,2.084574359978769,1.875,74.52332053561155,60.446372804077114,18.889318981442397,1
11,102,904.7033632240025,130.3621578327266,962.8711928262394,5.499406726448004,2.097173640822687,1.875,74.56031653872965,60.490277945275146,18.870679802098152,1
11,103,906.5870522687463,130.62376264784646,962.4191074555009,5.51484077120416,2.107478021869128,1.875,74.59452137650452,60.50187154108411,18.892338975257847,1
11,104,908.4497806698439,130.8830414223436,961.9720526392374,5.530232894673021,2.0662648808062287,1.875,74.62613360029329,60.76338831429874,18.57626091182093,1
11,105,910.2927752491364,131.14014387830733,961.5297339402073,5.545585550498273,2.065403080391388,1.875,74.65533945134962,61.28298803075249,17.91211655974244,1
11,106,912.1172098308795,131.39521396057913,961.0918696405889,5.560901086328426,2.092350973353944,1.875,74.68231334317399,61.119227852652216,18.16104092571129,1
11,107,913.924204780612,131.64838966699392,960.6581908526531,5.576181742894557,2.0723596907720667,1.875,74.70721837283995,60.90001677991055,18.481750349774835,1
11,108,915.714827068897,131.89980295469383,960.2284415034648,5.591429654137794,2.083757803982595,1.875,74.73020685056862,60.83618041517534,18.592249400802455,1
11,109,917.4900907713649,132.14957971085937,959.8023782148724,5.6066468482093965,2.1004185745600603,1.875,74.75142083857892,61.276178882074014,18.026736890531968,1
11,110,919.2509579268108,132.39783977745986,959.3797700975654,5.6218352491869545,2.0758334385560544,1.875,74.77099269179439,61.177727348671034,18.17986474936172,1
11,111,920.9983396846872,132.6446970208057,958.9603984756751,5.636996679369374,2.084191029153624,1.875,74.78904559435132,61.46102148379493,17.820823898256876,1
11,112,922.7330976821283,132.89025943778339,958.5440565562892,5.652132862030923,2.0827158796973415,1.875,74.80569408703957,61.962142828965824,17.16921608016862,1
11,113,924.4560455986528,133.1346292916641,958.1305490563233,5.667245424530639,2.056778661619469,1.875,74.82104458183245,61.51525072030283,17.78349117670625,1
11,114,926.1679508439256,133.3779032712995,957.7196917974578,5.682335901687851,2.1003693022221306,1.875,74.8351958605411,61.96685951233305,17.19556713954327,1
11,115,927.869536340434,133.62017266835082,957.3113112782959,5.697405739347534,2.0742282802121523,1.875,74.84823955537536,62.28593178125115,16.783705066075964,1
11,116,929.5614823687067,133.86152356794923,956.9052442315104,5.712456298070746,2.044657301293275,1.875,74.860260609824,62.391432998113494,16.656137061422687,1
11,117,931.2444284478058,134.10203704885257,956.5013371725266,5.7274888568956115,2.0717138346143327,1.875,74.87133771879432,62.21660783207798,16.90196845987397,1
11,118,932.9189752283196,134.34178938976024,956.0994459452033,5.742504617123306,2.046600584194485,1.875,74.88154374738872,62.70616859701774,16.25951408192698,1
11,119,934.5856863790101,134.58085227897288,955.6994352690376,5.757504706091353,2.0922855440551373,1.875,74.8909461280546,62.748836259857676,16.213054442436015,1
12,0,1000.0,150.0,900.0,4.5,1.932676388628052,1.51875,80.10039276386428,71.33963092654542,10.937227065971515,1
12,1,1000.0113597783277,149.98143531063855,899.9972736532013,4.515751886223322,1.9387577084198706,1.51875,80.1090538719454,70.67451873929427,11.777114666379997,1
12,2,1000.0246783859607,149.95747391751925,899.9940771873694,4.531507690105255,1.9119069526656927,1.51875,80.11845625261128,71.01664750245406,11.360439499058078,1
12,3,1000.0402069628768,149.9310421086366,899.9903503289096,4.5472679139257535,1.9399177232624687,1.51875,80.12866228120568,71.09730482315841,11.271069803152809,1
12,4,1000.0582247459066,149.90294750705905,899.9860260609825,4.56303311615848,1.9067563235284581,1.51875,80.139739390176,70.51217376225785,12.013472593221787,1
12,5,1000.0790418982419,149.8736250804092,899.981029944422,4.578803917129817,1.958938402307293,1.51875,80.15176044462463,71.00682833068299,11.409521217265963,1
12,6,1000.1030025871618,149.8433630481283,899.9752793790811,4.594581005174324,1.9466688353470063,1.51875,80.1648041394589,70.61090845655197,11.917818281307678,1
12,7,1000.1304883257471,149.81237686803465,899.9686828018207,4.610365143318161,1.9163810743556766,1.51875,80.17895541816755,71.17527596379502,11.229479615211362,1
12,8,1000.1619215941337,149.78084160882622,899.9611388174079,4.626157176521601,1.9567683714175579,1.51875,80.19430591296044,70.58647311262801,11.980692009181267,1
12,9,1000.1977697552957,149.7489087212317,899.9525352587291,4.641958039510591,1.910413408405198,1.51875,80.21095440564868,70.84645566428506,11.674837696114167,1
12,10,1000.2385492793809,149.7167158111052,899.9427481729485,4.657768765225429,1.920013849254735,1.51875,80.22900730820561,70.64424260962357,11.946757189405895,1
12,11,1000.2848302891283,149.6843928799335,899.9316407306092,4.67359049391159,1.9109732533937072,1.51875,80.24857916142108,70.7465981106205,11.8406844707957,1
12,12,1000.3372414367892,149.65206662775424,899.9190620551706,4.689424482873578,1.9129069234695977,1.51875,80.26979314943138,70.56465855736424,12.09064357995781,1
12,13,1000.3964751201125,149.619863627726,899.904845971173,4.705272116906892,1.941968655253581,1.51875,80.29278162716005,70.90517179507574,11.691723268071248,1
12,14,1000.4632930412046,149.5879128147412,899.8888096701108,4.721134919415743,1.9456983919528976,1.51875,80.31768665682601,70.43587446805081,12.303407381486588,1
12,15,1000.5385321072662,149.55634754451367,899.8707522942561,4.737014564214532,1.9361984305188502,1.51875,80.34466054865038,71.55228521975116,10.94332251684013,1
12,16,1000.6231106661778,149.52530737877294,899.8504534401173,4.752912887999022,1.928555368636543,1.51875,80.37386639970671,71.17833438804277,11.440947690551189,1
12,17,1000.7180350624399,149.49493969432487,899.8276715850144,4.768831903458214,1.9523209552977434,1.51875,80.40547862349548,71.21782119147065,11.42665598080289,1
12,18,1000.8244064898819,149.4654011787258,899.8021424424284,4.784773812979764,1.9393340520634015,1.51875,80.43968346127035,71.12704350007043,11.577171317044924,1
12,19,1000.9434281066021,149.43685925302245,899.7735772544155,4.800741022879871,1.949981090722515,1.51875,80.47667946438845,71.16682681694583,11.568385660795444,1
12,20,1001.0764123645691,149.40949344702165,899.7416610325034,4.816736158062471,1.913652454851987,1.51875,80.51667793499317,70.44660002116959,12.506822402625541,1
12,21,1001.2247884909792,149.38349674185605,899.706050762165,4.832762076981958,1.904929147453959,1.51875,80.55990331016194,70.88382744348091,12.011032125283693,1
12,22,1001.3901100406189,149.35907688644596,899.6663735902515,4.8488218867479045,1.947879353010708,1.51875,80.60659347227005,70.6824412576866,12.311836770521149,1
12,23,1001.5740624179354,149.33645768777245,899.6222250196955,4.864918958169204,1.954480227493943,1.51875,80.65699996574692,70.88453067205654,12.116083288295512,1
12,24,1001.7784702441587,149.31588026900755,899.5731671414019,4.8810569404883175,1.9261457140983735,1.51875,80.7113880976635,70.77968112408941,12.305211454864825,1
12,25,1002.0053044185671,149.29760428408625,899.5187269395439,4.897239775503801,1.8983050911419295,1.51875,80.77003689672975,71.09697616003267,11.97605090742348,1
12,26,1002.256688693903,149.28190907198453,899.4583947134632,4.913471710721139,1.9702541725790264,1.51875,80.83323890236417,71.08904406806154,12.05468810432343,1
12,27,1002.5349055542159,149.26909472863048,899.3916226669882,4.929757311108432,1.898988185488358,1.51875,80.90129975261011,71.30939835211281,11.85630073908404,1
12,28,1002.842401149379,149.25948306894065,899.317823724149,4.946101468965424,1.9035048585201952,1.51875,80.97453753692996,70.74324223987986,12.635200654753875,1
12,29,1003.1817890048219,149.2534184459235,899.2363706388427,4.962509411342977,1.9312340548759837,1.51875,81.05328187745829,71.19484268263766,12.162911811177828,1
12,30,1003.5558521884958,149.2512683881691,899.146595474761,4.978986704376991,1.9158275382989185,1.51875,81.13787270031865,71.09537978424073,12.377071990992041,1
12,31,1003.9675435809611,149.25342401144866,899.0477895405694,4.995539253828589,1.9503040663374687,1.51875,81.22865865732987,71.49803778831651,11.97929527565244,1
12,32,1004.4199838603529,149.2603001547431,898.9392038735153,5.012173301054039,1.9610299467585404,1.51875,81.32599515810588,71.8636137558095,11.635125255953609,1
12,33,1004.9164567838603,149.2723351860339,898.8200503718735,5.028895413567721,1.9521986047554774,1.51875,81.43024197348664,71.26241224590372,12.486552269970574,1
12,34,1005.460401323729,149.289990418915,898.689503682305,5.045712469314124,1.9531870941447145,1.51875,81.54176037375878,71.51614174378858,12.295072591045722,1
12,35,1006.0554002016139,149.31374907789197,898.5467039516127,5.0626316337365616,1.94612815787278,1.51875,81.66090976958553,71.47606032059943,12.472123415871408,1
12,36,1006.7051643637441,149.34411474855037,898.3907605527014,5.079660328727488,1.917759736279177,1.51875,81.78804383033176,71.14902943266762,13.008031369150533,1
12,37,1007.4135129545675,149.3816092490971,898.2207568909038,5.0968061925758015,1.534058454300752,1.51875,81.92350606388779,71.257613977851,13.019330590806295,1
12,38,1008.184348382293,149.42676986264115,898.0357563882496,5.11407703009792,1.5224119998636205,1.51875,82.06762485447403,71.39860531667865,13.000278193397408,1
12,39,1009.0216261300561,149.48014587554462,897.8348097287866,5.131480752260112,1.5776161364030388,1.51875,82.22070797047535,70.8663369655084,13.809624467164882,1
12,40,1009.9293190550571,149.54229437678754,897.6169634267862,5.149025304776781,1.5476457078735302,1.51875,82.38303657321373,71.42598744482653,13.300127774059018,1
12,41,1010.9113760381214,149.61377528704253,897.3812697508508,5.166718585409576,1.545013929428948,1.51875,82.55485877965769,71.4011877477089,13.510617299604855,1
12,42,1011.9716749997921,149.6951456044196,897.1267980000499,5.1845683499995845,1.5330796206213115,1.51875,82.73638285709535,71.65339348872162,13.395544965407282,1
12,43,1013.1139704868674,149.78695287681768,896.8526470831519,5.202582107640401,1.5299681406515497,1.51875,82.9277701552076,71.25688517071146,14.073554567610962,1
12,44,1014.3418362536655,149.88972793844587,896.5579592991203,5.220767005840664,1.531322517709366,1.51875,83.12912790989067,71.39782874999133,14.112140298904244,1
12,45,1015.6586035111545,150.00397697997158,896.2419351573229,5.239129707022309,1.549064680533861,1.51875,83.34050208237963,71.39386119439114,14.33473592009272,1
12,46,1017.067295787218,150.13017305714283,895.9038490110677,5.257676258241102,1.5565739059113726,1.51875,83.56187042515853,72.21320224818751,13.581156236964986,1
12,47,1018.5705616223102,150.26874718039863,895.5430652106455,5.276411956577954,1.5446685906369328,1.51875,83.79313599093996,71.5587999307862,14.600642302582623,1
12,48,1020.1706066027497,150.42007916625542,895.15905441534,5.295341213205499,1.5294288295604237,1.51875,84.03412132054993,72.68395265330925,13.506619083866212,1
12,49,1021.869126492091,150.58448846802978,894.7514096418981,5.314467419650849,1.525628658741649,1.51875,84.28456355763416,72.16227906792432,14.382567789439365,1
12,50,1023.6672434402025,150.76222523625037,894.3198615743514,5.333792820213739,1.5232674164221407,1.51875,84.54411074051889,72.62317523634363,14.100255357540822,1
12,51,1025.5654474094608,150.95346188522493,893.8642926217294,5.353318394818922,1.5189734093159986,1.51875,84.8123195123691,73.17928334549916,13.716210373392004,1
12,52,1027.5635450377774,151.1582854588995,893.3847491909335,5.373043756742222,1.534707467722447,1.51875,85.08865446851274,72.8330447899607,14.403341732342549,1
12,53,1029.6606181410893,151.37669109382335,892.8814516461385,5.392967069615512,1.5099739477855434,1.51875,85.37248932366903,73.3122752770024,14.126581223306328,1
12,54,1031.8549939298434,151.60857686760363,892.3548014568375,5.413084987859687,1.545234144216482,1.51875,85.66311003197218,73.15340240750167,14.60337783650569,1
12,55,1034.1442287674734,151.8537402963443,891.8053850958064,5.4333926242016135,1.491274237755972,1.51875,85.95971993032262,73.67575714351324,14.290370881578648,1
12,56,1036.5251069345475,152.1118767038256,891.2339743357086,5.4538835472024285,1.5322647504970348,1.51875,86.26144690306528,73.89923309112781,14.331099530279474,1
12,57,1038.9936553898585,152.3825796293906,890.641522706434,5.474549810779717,1.5751443089950476,1.51875,86.56735248671302,74.04589196600898,14.464414309801057,1
12,58,1041.5451749584774,152.6653433727046,890.0291580099654,5.495382016583622,1.5257240459853993,1.51875,86.876442751748,73.89918008239681,14.937608237982419,1
12,59,1044.1742877547003,152.95956769499566,889.3981709388719,5.516369408842734,1.5297523824923538,1.51875,87.18768071940886,74.53103689544739,14.516550640558531,1
12,60,1046.875,153.26456461236046,888.75,5.5375,1.53706696673423,1.51875,87.5,75.24880288004887,14.001368137087006,1
12,61,1049.6407787620897,153.57956713223567,888.0862130970985,5.558760724190845,1.5459825296315737,1.51875,87.81231928059114,74.9477266854397,14.650100009367199,1
12,62,1052.4646405616274,153.9037397045071,887.4084862652094,5.580137614456588,1.5218696067455855,1.51875,88.123557248252,75.30376924565215,14.547515332915298,1
12,63,1055.3392493059457,154.2361900891024,886.718580166573,5.601615998611892,1.5178606551546017,1.51875,88.43264751328698,75.53438116520333,14.585412413606289,1
12,64,1058.2570206462315,154.5759822867871,886.0183150449044,5.623180707959129,1.5457490968603518,1.51875,88.73855309693472,75.70199438037474,14.690975074068794,1
12,65,1061.2102296384405,154.92215014268837,885.3095448867742,5.644816292610215,1.523395089440952,1.51875,89.04028006967738,75.36127949622086,15.362710632482496,1
12,66,1064.1911185301913,155.27371121485405,884.5941315527541,5.666507237060383,1.5588775528506627,1.51875,89.33688996802782,76.43701182279385,14.439587218505839,1
12,67,1067.1920015952264,155.6296805034324,883.8739196171456,5.68823816985712,1.5445531639539505,1.51875,89.62751067633097,76.10918257806232,15.082788751198246,1
12,68,1070.2053641813682,155.98908365879464,883.1507125964716,5.70999406169607,1.563597592317056,1.51875,89.91134553148726,76.72786834515605,14.66275152307036,1
12,69,1073.223953504847,156.35096932672695,882.4262511588367,5.731760407009694,1.5302249122682652,1.51875,90.1876804876309,76.79548639735845,14.849249939529349,1
12,70,1076.2408591837166,156.7144203422088,881.7021937959081,5.7535233850341,1.5002619036954579,1.51875,90.45588925948111,77.71534186852533,14.084818020425779,1
12,71,1079.249582021664,157.07856354609933,880.9801003148007,5.775269997376661,1.5617327657102074,1.51875,90.71543644236584,77.64319555274255,14.410161492116574,1
12,72,1082.2440900958754,157.4425780668185,880.2614183769899,5.796988180191751,1.5224131269261278,1.51875,90.96587867945007,77.82297144015152,14.448172688588167,1
12,73,1085.2188617355607,157.80570197749992,879.5474731834654,5.818666890137788,1.5290085185215438,1.51875,91.20686400906004,77.85472353363618,14.63940309810184,1
12,74,1088.1689154727364,158.16723730423416,878.8394602865433,5.840296164278806,1.5301557140133781,1.51875,91.43812957484147,78.53301773947852,14.113490614219312,1
12,75,1091.0898274814092,158.5265534197443,878.1384414044618,5.861867154962818,1.55636396327523,1.51875,91.65949791762037,78.78156438358961,14.049753518838706,1
12,76,1093.9777373800323,158.8830889068333,877.4453430287923,5.883372141426731,1.5044737841442661,1.51875,91.87087209010933,79.10846168859518,13.891683088625134,1
12,77,1096.8293435467724,159.23635201580876,876.7609575487746,5.904804520426879,1.53088220708886,1.51875,92.0722298447924,79.6983272922666,13.439342756643002,1
12,78,1099.6418892861004,159.58591986927428,876.085946571336,5.9261587785722005,1.564589974363135,1.51875,92.26361714290465,80.01397893603296,13.276780800712112,1
12,79,1102.4131412924003,159.9314365863889,875.420846089824,5.947430449251467,1.5247690596147894,1.51875,92.44514122034231,80.3967831138454,13.032981449808956,1
12,80,1105.1413618898857,160.27261050773137,874.7660731464275,5.968616057113104,1.543019668420169,1.51875,92.61696342678627,80.55577241769787,13.022658660821651,1
12,81,1107.8252764991144,160.60921070249296,874.1219336402125,5.989713052998229,1.5259484260456198,1.51875,92.77929202952465,80.21430827767747,13.542875222467416,1
12,82,1110.4640377013677,160.94106293334363,873.4886309516718,6.010719742069402,1.5414813653756967,1.51875,92.93237514552597,80.60772129732823,13.261959385949348,1
12,83,1113.0571871559703,161.26804524254516,872.8662750825672,6.031635207645274,1.5610970571916383,1.51875,93.07649393611221,80.75015419110123,13.243235991969996,1
12,84,1115.604616484597,161.59008330728705,872.2548920436967,6.052459232969194,1.959293118128462,1.51875,93.21195616966824,81.5960330666192,12.461838137915763,1
12,85,1118.1065280817947,161.907145694222,871.6544332603693,6.073192222830256,1.9317329739501121,1.51875,93.33909023041448,81.78480261603733,12.378830333416087,1
12,86,1120.5633966517444,162.21923912403756,871.0647848035813,6.093835126636822,1.926535517385594,1.51875,93.45823962624122,82.51948816505008,11.704427030658259,1
12,87,1122.9759321152774,162.52640383765055,870.4857762923334,6.114389364230554,1.882714171900766,1.51875,93.56975802651336,82.20758694196266,12.142995049031953,1
12,88,1125.3450443840293,162.82870913706034,869.917189347833,6.1348567554347255,1.9007089001367141,1.51875,93.67400484189412,82.17495679673742,12.275602035554204,1
12,89,1127.6718103643377,163.12624915663773,869.358765512559,6.155239454062009,1.93428865653283,1.51875,93.77134134267013,82.94066707658959,11.550089943260838,1
12,90,1129.9574434345127,163.4191389050455,868.810213575717,6.175539886869025,1.9221577740807172,1.51875,93.86212729968135,83.08634017059065,11.480442047393575,1
12,91,1132.2032655365933,163.70751060431212,868.2712162712176,6.195760697739853,1.912424485517759,1.51875,93.94671812254171,83.30193065139274,11.330664533979977,1
12,92,1134.4106819377546,163.9915103408892,867.741436334939,6.215904697208843,1.9265139094841857,1.51875,94.02546246307004,83.13964614590337,11.577519569704052,1
12,93,1136.5811586465895,164.2712950337961,867.2205219248185,6.2359748172931795,1.929273245060047,1.51875,94.09870024738989,83.70970741701359,11.040527449436759,1
12,94,1138.7162024143508,164.5470297170897,866.7081114205558,6.255974071495368,1.95775561518693,1.51875,94.16676109763583,83.68290105288902,11.13329153784606,1
12,95,1140.8173432094452,164.81888512773588,866.2038376297331,6.275905519752224,1.9129634506305195,1.51875,94.22996310327025,83.4986012462211,11.388481437998907,1
12,96,1142.8861190233652,165.08703558532184,865.7073314343924,6.29577223804673,1.9154292878121324,1.51875,94.2886119023365,83.23688851721252,11.721164584087077,1
12,97,1144.9240628460989,165.35165714673235,865.2182249169363,6.3155772923588644,1.961227180359256,1.51875,94.34300003425308,84.04316894900411,10.91743010240231,1
12,98,1146.9326916372434,165.61292601671744,864.7361540070616,6.33532371660782,1.929230939036409,1.51875,94.39340652772995,84.75572614822883,10.210120318806228,1
12,99,1148.9134971139551,165.87101719401653,864.2607606926508,6.35501449422791,1.9264810462745277,1.51875,94.44009668983806,84.24109400281796,10.79944117435188,1
12,100,1150.8679381771544,166.12610333219004,863.791694837483,6.374652543020976,1.9315059059119553,1.51875,94.48332206500683,84.34368812495185,10.731665354737064,1
12,101,1152.7974348017465,166.37835379439187,863.3286156475808,6.394240702936826,1.942887933708014,1.51875,94.52332053561155,84.76455112917341,10.324192327502429,1
12,102,1154.7033632240027,166.62793388184843,862.8711928262394,6.413781726448005,1.9258553901103788,1.51875,94.56031653872965,84.86685382777085,10.251089532878822,1
12,103,1156.5870522687462,166.87500421667679,862.4191074555009,6.433278271204159,1.9338763884454149,1.51875,94.59452137650452,85.25655299186836,9.871574218837932,1
12,104,1158.449780669844,167.1197202607727,861.9720526392374,6.452732894673021,1.9256013165541046,1.51875,94.62613360029329,85.2955079472626,9.860516643788731,1
12,105,1160.2927752491364,167.36223195374993,861.5297339402073,6.472148050498273,1.934370361785868,1.51875,94.65533945134962,85.53197033688461,9.638515024452667,1
12,106,1162.1172098308796,167.60268345424151,861.0918696405889,6.491526086328426,1.9366223376597553,1.51875,94.68231334317399,85.56043968419628,9.634189677976785,1
12,107,1163.924204780612,167.8412129702401,860.6581908526531,6.510869242894557,1.9560926765047848,1.51875,94.70721837283995,85.98151240677349,9.213348376166444,1
12,108,1165.7148270688972,168.0779526655065,860.2284415034648,6.530179654137795,1.9259238832657575,1.51875,94.73020685056862,86.20369190481304,9.000840628592377,1
12,109,1167.490090771365,168.31302863039312,859.8023782148724,6.549459348209396,1.9345134463458806,1.51875,94.75142083857892,85.75784219137465,9.491761250236001,1
12,110,1169.2509579268105,168.54656090668266,859.3797700975654,6.568710249186955,1.9428198721266876,1.51875,94.77099269179439,86.14830779705449,9.098443152095934,1
12,111,1170.9983396846872,168.7786635572262,858.9603984756751,6.587934179369375,1.9546893739868811,1.51875,94.78904559435132,86.55952140434353,8.681935911904791,1
12,112,1172.7330976821283,169.00944477226074,858.5440565562892,6.607132862030923,1.9516022242700763,1.51875,94.80569408703957,86.60784825416029,8.64699732629242,1
12,113,1174.4560455986527,169.23900700529765,858.1305490563233,6.626307924530639,1.937399403665068,1.51875,94.82104458183245,87.31498336102169,7.916028824522053,1
12,114,1176.1679508439256,169.4674471323955,857.7196917974578,6.645460901687851,1.9306204873939585,1.51875,94.8351958605411,86.93469343811954,8.330770396720188,1
12,115,1177.869536340434,169.69485662946406,857.3113112782959,6.664593239347535,1.9491016305978908,1.51875,94.84823955537536,87.48203312367492,7.766308016080586,1
12,116,1179.5614823687067,169.92132176299629,856.9052442315104,6.683706298070748,1.9250258356539587,1.51875,94.860260609824,86.84026991273883,8.454531587334255,1
12,117,1181.2444284478058,170.14692379029503,856.5013371725266,6.702801356895612,1.9238003587722878,1.51875,94.87133771879432,87.80125253279024,7.452287862705526,1
12,118,1182.9189752283196,170.37173916585562,856.0994459452033,6.721879617123307,1.9205001345337804,1.51875,94.88154374738872,87.75457866267867,7.511434577503062,1
12,119,1184.5856863790102,170.59583975109044,855.6994352690376,6.740942206091354,1.922851119562928,1.51875,94.8909461280546,87.34193752891684,7.955457192881628,1
13,0,1000.0,150.0,900.0,4.5,1.903299728716097,1.51875,79.93307149075716,70.93728445653484,11.254149085541547,1
13,1,999.9924268144482,149.98038879710452,900.0018175645324,4.5157140202955635,1.9190717898384109,1.51875,79.92729741870306,70.5806740875681,11.693906378658369,1
13,2,999.9835477426928,149.95486237113536,900.0039485417537,4.531425428818719,1.934450385740352,1.51875,79.92102916492581,71.13917459437023,10.98816502028929,1
13,3,999.9731953580822,149.92642786510186,900.0064331140603,4.5471338907161645,1.9157319854640815,1.51875,79.91422514586289,71.24588132151136,10.84705984263714,1
13,4,999.9611835027289,149.89586976725658,900.009315959345,4.562839033672124,1.912659603115951,1.51875,79.90684040654934,70.78688113366513,11.41323975079449,1
13,5,999.947305401172,149.86357831284204,900.0126467037187,4.578540444135677,1.9401780399316246,1.51875,79.89882637025025,70.76447831093306,11.432393283211354,1
13,6,999.9313316085588,149.82978449875458,900.0164804139459,4.594237663217117,1.8969318355172367,1.51875,79.89013057369407,71.12307054897892,10.973896226928856,1
13,7,999.9130077828352,149.79463635155156,900.0208781321196,4.609930182232337,1.9199825954888867,1.51875,79.88069638788829,71.08514927193964,11.010854328608799,1
13,8,999.8920522705776,149.75823175468074,900.0259074550614,4.625617437874489,1.907168999595454,1.51875,79.87046272469304,70.52155762178909,11.705084437946562,1
13,9,999.8681534964696,149.7206349740329,900.0316431608474,4.641298806992939,1.9497005504871143,1.51875,79.85936372956755,70.98366755570775,11.114158389636167,1
13,10,999.8409671470795,149.68188584101887,900.0381678847009,4.656973600960826,1.9236801680823137,1.51875,79.84732846119626,70.96482092098248,11.124364097579607,1
13,11,999.8101131405812,149.64200519473914,900.0455728462605,4.672641059614495,1.91337109958512,1.51875,79.83428055905262,70.88043250666908,11.215542984395611,1
13,12,999.7751723754739,149.600998237017,900.0539586298863,4.688300344750948,1.9350229607638085,1.51875,79.82013790037908,70.74947354249737,11.36387958788359,1
13,13,999.7356832532582,149.5588566371245,900.063436019218,4.703950533173184,1.915746168184192,1.51875,79.80481224855997,70.86379359330813,11.20360840823001,1
13,14,999.6911379725303,149.5155598424774,900.0741268865927,4.719590609278394,1.9313522594299892,1.51875,79.78820889544933,70.71154580150287,11.375945418000413,1
13,15,999.6409785951558,149.4710758594245,900.0861651371625,4.735219457190312,1.9117755928923923,1.51875,79.77022630089975,70.83496988321764,11.201242408386308,1
13,16,999.5845928892147,149.4253616648737,900.0996977065885,4.750835852445096,1.9231854349992752,1.51875,79.75075573352886,70.52500646045719,11.56822802268816,1
13,17,999.5213099583734,149.37836335099334,900.1148856099904,4.76643845325008,1.9333224785111696,1.51875,79.72968091766968,71.32044870024905,10.547179068864159,1
13,18,999.4503956734121,149.33001607080485,900.1319050383811,4.7820257913468245,1.9251153289778657,1.51875,79.70687769248644,71.27449815868427,10.579237046939369,1
13,19,999.3710479289318,149.28024383164734,900.1509484970563,4.7975962625245305,1.9747385165906093,1.51875,79.68221369040769,70.57187176999365,11.433344404575402,1
13,20,999.282391756954,149.2289591706996,900.1722259783311,4.813148116847241,1.9326327664599865,1.51875,79.65554804333789,71.44754922896854,10.304365503710617,1
13,21,999.1834743393472,149.17606273890874,900.1959661585566,4.828679448678694,1.9300302830678264,1.51875,79.62673112655871,70.8167077160498,11.064153062501404,1
13,22,999.0732599729208,149.12144281504047,900.222417606499,4.8441881866125085,1.8990517728085095,1.51875,79.59560435181997,70.61170792147679,11.28692533149635,1
13,23,998.9506250547098,149.06497476908666,900.2518499868696,4.859672083442753,1.943563655989386,1.51875,79.56200002283539,71.52483639315793,10.101761679408119,1
13,24,998.8143531705608,149.00652049330623,900.2845552390654,4.875128706341122,1.9285317456265734,1.51875,79.52574126822434,70.27327760524194,11.634551926747458,1
13,25,998.663130387622,148.94592781933633,900.3208487069708,4.89055542744191,1.9043468984805412,1.51875,79.48664206884683,70.72870892661679,11.018119415139486,1
13,26,998.4955408707314,148.88302994083017,900.3610701910245,4.905949415074796,1.9559960182570522,1.51875,79.44450739842388,70.95726429465688,10.683234601987577,1
13,27,998.310062963856,148.8176448627732,900.4055848886745,4.921307625927712,1.9416569995662099,1.51875,79.39913349825993,71.13105507576708,10.413310647368775,1
13,28,998.1050659004139,148.74957490086192,900.4547841839006,4.936626798467494,1.9180473005456282,1.51875,79.35030830871337,70.70716631699091,10.892386149397437,1
13,29,997.8788073301188,148.67860625697983,900.5090862407715,4.951903447993571,1.9220442398919593,1.51875,79.29781208169447,70.60334946499104,10.964315897828545,1
13,30,997.6294318743361,148.60450869974926,900.5689363501593,4.967133863748672,1.9123264952094976,1.51875,79.24141819978756,70.55194467091398,10.965822831395101,1
13,31,997.354970946026,148.52703538224884,900.6348069729538,4.982314108558719,1.9318975709710993,1.51875,79.18089422844675,70.53528134062674,10.918811882670001,1
13,32,997.0533440930981,148.44592283210525,900.7071974176565,4.997440021519529,1.9292306522357312,1.51875,79.11600322792941,70.73965133292742,10.587430549126857,1
13,33,996.722362144093,148.3608911521126,900.7866330854176,5.0125072242881865,1.9572257976772953,1.51875,79.0465053510089,71.00486266304827,10.173305767600253,1
13,34,996.3597324508473,148.2716444720793,900.8736642117966,5.027511131568361,1.9476803176439472,1.51875,78.97215975082749,70.19409679873311,11.115389245768215,1
13,35,995.9630665322575,148.1778716944915,900.9688640322582,5.042446966397848,1.9252436825846102,1.51875,78.89272682027632,70.43709155139557,10.71788948066574,1
13,36,995.5298904241706,148.07924757750988,901.0728262981991,5.057309780848341,1.919308885680236,1.51875,78.80797077977883,70.57937824272072,10.441320155358527,1
13,37,995.0576580302883,147.97543419844516,901.1861620727308,5.072094482727243,1.900565312430378,1.51875,78.7176626240748,70.92837937267421,9.895216641021474,1
13,38,994.543767745138,147.86608283882128,901.3094957411669,5.086795868823609,1.9563562957264415,1.51875,78.62158343035064,70.56339679631517,10.249331395333774,1
13,39,993.9855825799626,147.75083632805362,901.443460180809,5.1014086651599255,1.9312096956976037,1.51875,78.51952801968311,70.71959916863707,9.93374393321718,1
13,40,993.3804539632952,147.6293318762742,901.5886910488091,5.115927574593257,1.9462399810316127,1.51875,78.41130895119085,70.6419977963491,9.908406400507808,1
13,41,992.7257493079192,147.5012044175964,901.7458201660994,5.130347331949172,1.9312708406508106,1.51875,78.29676081356155,70.77753989526056,9.603489135656051,1
13,42,992.0188833334719,147.36609047287396,901.9154679999667,5.1446627666669436,1.9557896398098045,1.51875,78.17574476193644,70.35139512936941,10.008666570934531,1
13,43,991.2573530087551,147.22363252564324,902.0982352778988,5.1588688726841765,1.9575713407046305,1.51875,78.0481532298616,70.00762899773133,10.302004466972992,1
13,44,990.4387758308897,147.07348388647625,902.2946938005865,5.1729608849951125,1.9091018751090667,1.51875,77.91391472673955,70.11952750750886,10.003844944214698,1
13,45,989.5609309925637,146.91531399967417,902.5053765617847,5.186934361985127,1.931310073379738,1.51875,77.77299861174691,69.90482896066149,10.116839766413491,1
13,46,988.6218028085214,146.74881412260746,902.7307673259548,5.200785272283709,1.9567781230829953,1.51875,77.62541971656097,69.95266179815245,9.884336788676428,1
13,47,987.6196255851265,146.57370328287158,902.9712898595697,5.214510084503586,1.937723263766717,1.51875,77.4712426727067,69.70170192781055,10.028935224029103,1
13,48,986.5529289315002,146.3897343928889,903.22729705644,5.228105857863,1.9500743450815978,1.51875,77.31058578630005,69.92722350666368,9.550260426230988,1
13,49,985.420582338606,146.1967003770544,903.4990602387345,5.241570331343879,1.949925075833893,1.51875,77.14362429491057,69.46865605175286,9.94893396998986,1
13,50,984.2218377065317,145.99444014464396,903.7867589504324,5.254902008746397,1.9585336514969471,1.51875,76.97059283965407,70.07192331256446,8.962734042416677,1
13,51,982.9563683936927,145.78284422428155,904.0904715855138,5.268100236787386,1.9492926502425014,1.51875,76.79178699175392,69.15994353802459,9.938358973921073,1
13,52,981.6243033081485,145.56185986463547,904.4101672060444,5.281165273282964,1.9164078366112833,1.51875,76.60756368765817,69.14792132935479,9.737474994920333,1
13,53,980.2262545726071,145.3314954028857,904.7456989025743,5.294098342478548,1.921164338015637,1.51875,76.41834045088731,69.12147167359382,9.548583146716021,1
13,54,978.7633373801043,145.09182370878037,905.096799028775,5.3069016747602085,1.9451007316233642,1.51875,76.22459331201854,69.12185125859911,9.318176384811915,1
13,55,977.2371808216843,144.84298452868632,905.4630766027957,5.319578528310036,1.936497663423733,1.51875,76.02685337978491,68.82315065527564,9.475208303734286,1
13,56,975.6499287103017,144.58518558118865,905.8440171095276,5.332133190753937,1.9309749637527163,1.51875,75.82570206462314,68.99240488746368,9.011848213862532,1
13,57,974.0042297400943,144.31870229298187,906.2389848623774,5.344570959480189,1.892212721746011,1.51875,75.62176500885798,68.57639738863529,9.31658712197134,1
13,58,972.3032166943483,144.04387610965725,906.6472279933564,5.356898100055363,1.938211634194554,1.51875,75.415704832168,68.70441797855432,8.899057389371553,1
13,59,970.5504748301998,143.76111136835706,907.067886040752,5.369121782993733,1.9122509635103309,1.51875,75.20821285372743,67.97809111969849,9.613473661567808,1
13,60,968.75,143.47087077527908,907.5,5.38125,1.94413098219357,1.51875,75.0,67.59553936161167,9.872614184517772,1
13,61,966.9061474919403,143.17366958733265,907.9425246019343,5.393291461650547,1.959095664511223,1.51875,74.79178714627257,68.0876362662956,8.9637527538491,1
13,62,965.023572958915,142.8700686503304,908.3943424898604,5.405255479251164,1.963626306552876,1.51875,74.584295167832,67.53479032857885,9.451728173324051,1
13,63,963.1071671293696,142.56066649251395,908.8542798889513,5.417151834258739,1.9237246929216425,1.51875,74.37823499114202,66.94150699537597,9.998527118385796,1
13,64,961.1619862358457,142.24609070895943,909.321123303397,5.428990639138358,1.9165380870361017,1.51875,74.17429793537686,67.4355323624818,9.085041261551408,1
13,65,959.1931802410397,141.92698889720506,909.7936367421505,5.440782193815412,1.8931977306958385,1.51875,73.97314662021509,67.18433575323186,9.177399065957816,1
13,66,957.2059209798725,141.60401941591584,910.2705789648306,5.452536841959745,1.8927050787588025,1.51875,73.77540668798146,67.05439277996213,9.110100790693751,1
13,67,955.2053322698489,141.27784223621603,910.7507202552363,5.464264831206364,1.955394120838172,1.51875,73.58165954911269,66.99962493568337,8.945210876952403,1
13,68,953.196423879088,140.94911014015918,911.2328582690188,5.475976181091509,1.9656160297482432,1.51875,73.39243631234183,67.08198910057257,8.59822555135437,1
13,69,951.1840309967687,140.61846049426734,911.7158325607755,5.487680561993537,1.9594148392681467,1.51875,73.20821300824608,66.43934567103999,9.246049123537071,1
13,70,949.172760544189,140.28650779047757,912.1985374693946,5.499387187755045,1.9166690497281553,1.51875,73.02940716034593,66.56628392046896,8.850028353217088,1
13,71,947.1669453188907,139.953837104961,912.6799331234662,5.511104723971115,1.90089784046335,1.51875,72.85637570508945,66.4199411784727,8.834414921585411,1
13,72,945.1706066027496,139.62099858010308,913.15905441534,5.522841213205499,1.9259734859650688,1.51875,72.68941421369995,66.5272618789183,8.47737239519569,1
13,73,943.1874255096262,139.28850298933898,913.6350178776897,5.534604017685919,1.9460421273775954,1.51875,72.5287573272933,66.3042339372191,8.582145371642621,1
13,74,941.2207230181758,138.95681840110862,914.1070264756378,5.546399779369685,1.9173677606681063,1.51875,72.37458028343903,66.0992288121372,8.670656806196051,1
13,75,939.2734483457273,138.6263679190473,914.5743723970255,5.5582343966914545,1.961346132183293,1.51875,72.22700138825309,65.64264264755839,9.116201163192091,1
13,76,937.3481750799785,138.2975284421942,915.0364379808051,5.570113016826624,1.9176648699086776,1.51875,72.08608527326045,65.23912246083182,9.498314114955047,1
13,77,935.4471043021517,137.97063036242383,915.4926949674835,5.582040041937637,1.9572321421363266,1.51875,71.9518467701384,66.131182367082,8.08966644268553,1
13,78,933.5720738092664,137.6459580968489,915.942702285776,5.594019147618533,1.912818980892503,1.51875,71.82425523806356,64.81372711645,9.760669426194484,1
13,79,931.724572471733,137.32375134046703,916.3861026067841,5.6060533116101325,1.9508801659094968,1.51875,71.70323918643845,64.77898122485732,9.656827278858483,1
13,80,929.9057587400763,137.00420691830092,916.8226179023817,5.618144850813486,1.9528189899805726,1.51875,71.58869104880915,64.99231263051698,9.214274380006147,1
13,81,928.1164823339237,136.68748111588818,917.2520442398583,5.630295464667848,1.931972336246048,1.51875,71.48047198031689,64.81705927612045,9.322004345510345,1
13,82,926.3573081990883,136.37369237123121,917.6742460322188,5.642506283064844,1.9400558496790752,1.51875,71.37841656964936,64.48859346501216,9.652530044448767,1
13,83,924.6285418960199,136.06292421916208,918.0891499449552,5.654777917125373,1.8973246616632373,1.51875,71.2823373759252,64.41591947269872,9.632705879178328,1
13,84,922.9302556769353,135.7552283894781,918.4967386375355,5.6671105113538705,1.9639130896172905,1.51875,71.19202922022117,63.78970014010513,10.3976936199109,1
13,85,921.2623146121367,135.45062797220072,918.8970444930872,5.67950379589094,1.9131361818932284,1.51875,71.10727317972368,64.2191766158538,9.68690860421579,1
13,86,919.6244022321705,135.14912057607137,919.2901434642791,5.691957137797674,1.933223719550653,1.51875,71.02784024917251,64.09262259420119,9.764083534909568,1
13,87,918.0160452564819,134.85068141923057,919.6761491384443,5.704469590512963,1.918465518139454,1.51875,70.9534946489911,64.17087190032855,9.559251143606625,1
13,88,916.4366370773137,134.55526630339318,920.0552071014447,5.717039940821294,1.9333898936098115,1.51875,70.88399677207059,63.91038885349325,9.83805687622435,1
13,89,914.8854597571083,134.26281443433905,920.427489658294,5.72966675284755,1.9388574305154291,1.51875,70.81910577155325,63.62801481568934,10.154167971367473,1
13,90,913.3617043769916,133.9732510619246,920.793190949522,5.742348408753983,1.9449885554365698,1.51875,70.75858180021244,63.50832277434672,10.246473065750378,1
13,91,911.8644896422711,133.6864899219379,921.1525224858549,5.755083145951209,1.9086479017340972,1.51875,70.70218791830553,63.62394264931145,10.01135251595438,1
13,92,910.3928787081636,133.40243546991292,921.5057091100407,5.767869090749661,1.948814428020971,1.51875,70.64969169128665,62.574488209138664,11.429920341950924,1
13,93,908.9458942356069,133.12098490350294,921.8529853834543,5.780704288471214,1.9193678765984938,1.51875,70.60086650174007,63.37452464064233,10.235486077100257,1
13,94,907.5225317237662,132.84202997525784,922.1945923862961,5.793586730114199,1.8959133113664506,1.51875,70.55549260157612,63.20702045567814,10.415166665187204,1
13,95,906.1217711937032,132.5654586017556,922.5307749135112,5.80651437572074,1.9296274315829223,1.51875,70.51335793115317,63.23588137774842,10.320706270307287,1
13,96,904.7425873177566,132.2911562781318,922.8617790437384,5.819485174635513,1.932428946514498,1.51875,70.47425873177566,62.50417985126788,11.30920569287834,1
13,97,903.3839581026007,132.01900730925982,923.1878500553759,5.832497082871868,1.93861359551119,1.51875,70.43799997716461,62.6031929921716,11.12298331516083,1
13,98,902.0448722418378,131.7488958702989,923.5092306619589,5.845548077817009,1.9162348596131937,1.51875,70.40439564818003,63.14817953239767,10.306481646462274,1
13,99,900.7243352573634,131.48070691016872,923.8261595382328,5.8586361705147265,1.913029918664321,1.51875,70.37326887344129,61.697120548930066,12.32875559626815,1
13,100,899.4213745485637,131.21432691185143,924.1388701083447,5.871759415763794,1.9640858616584371,1.51875,70.34445195666211,62.12721701653725,11.681425772123925,1
13,101,898.1350434655025,130.94964452336697,924.4475895682795,5.884915920264338,1.9265164170766933,1.51875,70.31778630959231,62.05775049491093,11.746723337271211,1
13,102,896.8644245173316,130.6865510729133,924.7525381158405,5.898103849034663,1.9210588536128408,1.51875,70.29312230751356,61.82516883621952,12.046631581179469,1
13,103,895.6086318208356,130.42494098108423,925.0539283629994,5.9113214303083375,1.912515536246068,1.51875,70.27031908233032,61.9631923692612,11.821672110719032,1
13,104,894.3668128867707,130.16471208234557,925.351964907175,5.924566959106874,1.9244121311424947,1.51875,70.24924426647114,62.06919179530464,11.644328072965061,1
13,105,893.1381498339091,129.90576586711734,925.6468440398618,5.937838799667818,1.9421057633283303,1.51875,70.22977369910026,61.48394450017126,12.45316443194099,1
13,106,891.9218601127469,129.64800765492168,925.9387535729408,5.951135386892161,1.9346223078174545,1.51875,70.21179110455067,61.5299116240151,12.365272761105887,1
13,107,890.7171968129254,129.39134670814775,926.2278727648979,5.964455226959184,1.912618673443334,1.51875,70.19518775144003,61.74456908941073,12.038743584464504,1
13,108,889.5234486207354,129.1356962950802,926.5143723310235,5.97779689724147,1.93002537670984,1.51875,70.17986209962092,61.33044624663497,12.609622743949151,1
13,109,888.3399394857568,128.8809737099629,926.7984145234184,5.99115904563818,1.9153405375675416,1.51875,70.16571944094738,61.03453776803583,13.013736259907525,1
13,110,887.1660280487929,128.62710025703024,927.0801532682897,6.004540389430919,1.9722272427742982,1.51875,70.15267153880374,61.39147361517887,12.488758776319404,1
13,111,886.0011068768752,128.37400120465256,927.35973434955,6.0179397137537505,1.9106293015519509,1.51875,70.14063627043245,61.23193199353921,12.701202541911746,1
13,112,884.8446015452478,128.12160571500857,927.6372956291406,6.031355869757162,1.953692205831918,1.51875,70.12953727530696,61.13464420048591,12.826112112375517,1
13,113,883.6959696008983,127.86984675402518,927.9129672957845,6.0447877725351296,1.9599323091386698,1.51875,70.11930361211171,60.531611121171885,13.673399473527773,1
13,114,882.554699437383,127.61866098570994,928.1868721350281,6.058234398874766,1.8926254413484032,1.51875,70.10986942630593,60.92450310239573,13.10138843371424,1
13,115,881.4203091063773,127.36798865444558,928.4591258144694,6.071694784879421,1.937981805163485,1.51875,70.10117362974975,59.787144564741645,14.713061894631402,1
13,116,880.2923450875288,127.11777345831597,928.7298371789931,6.085168023508391,1.919980360471967,1.51875,70.09315959345066,60.378941313809655,13.85901040270509,1
13,117,879.1703810347962,126.86796241608646,928.999108551649,6.098653262069592,1.9046129574819441,1.51875,70.08577485413711,60.27342888000008,14.000481545018998,1
13,118,878.0540165144536,126.61850573006552,929.2670360365312,6.112149699695573,1.9443676383279944,1.51875,70.07897083507419,60.21133385550875,14.080739003414038,1
13,119,876.9428757473265,126.36935664672347,929.5337098206417,6.125656584827986,1.9127894396043705,1.51875,70.07270258129694,59.91414452008877,14.497168921695883,1
14,0,875.0,131.25,950.0,4.25,2.2739886916656737,1.6921875,70.06692850924284,59.34890378031332,15.296838261599632,1
14,1,875.0075731855518,131.23362508261698,949.9981824354676,4.26371306303777,2.272807055124695,1.6921875,70.07270258129694,59.706286031098365,14.793801535157952,1
14,2,875.0164522573072,131.21246323453136,949.9960514582463,4.277428737847948,2.261686191114391,1.6921875,70.07897083507419,59.10737991438239,15.656038880069524,1
14,3,875.0268046419178,131.18908506461517,949.9935668859397,4.291147359283836,2.280239458565109,1.6921875,70.08577485413711,59.24754225836948,15.464240237514993,1
14,4,875.0388164972711,131.16419435120136,949.990684040655,4.304869299661209,2.2419558874215504,1.6921875,70.09315959345066,58.8909562550823,15.981878122405357,1
14,5,875.052694598828,131.13816609941216,949.9873532962813,4.318594972530989,2.293939725019951,1.6921875,70.10117362974975,59.35255572806262,15.333007059849853,1
14,6,875.0686683914412,131.11124534844058,949.9835195860541,4.332324836782883,2.2515624463233124,1.6921875,70.10986942630593,59.210141261114124,15.54663880332677,1
14,7,875.0869922171648,131.08361219496993,949.9791218678804,4.346059401100996,2.2795026883633276,1.6921875,70.11930361211171,59.216241972986175,15.54930108752855,1
14,8,875.1079477294224,131.05541017595476,949.9740925449386,4.359799228792178,2.234365399419612,1.6921875,70.12953727530696,59.36758684835399,15.345816962551556,1
14,9,875.1318465035304,131.02676091267787,949.9683568391526,4.373544943007061,2.287520750354632,1.6921875,70.14063627043245,59.65671505933771,14.94700043876592,1
14,10,875.1590328529205,130.99777258845626,949.9618321152991,4.387297232372508,2.2521671952404154,1.6921875,70.15267153880374,59.66892532768504,14.944186701884622,1
14,11,875.1898868594188,130.96854530929252,949.9544271537395,4.401056857052171,2.267612793476593,1.6921875,70.16571944094738,59.67534904162347,14.950848481148663,1
14,12,875.2248276245261,130.9391747504428,949.9460413701137,4.414824655249053,2.2748275346032116,1.6921875,70.17986209962092,58.855100257066226,16.136768445738888,1
14,13,875.2643167467418,130.90975480043505,949.936563980782,4.42860155016015,2.2982885727533273,1.6921875,70.19518775144003,59.34905086789629,15.451396642672613,1
14,14,875.3088620274697,130.88037959136557,949.9258731134073,4.442388557388273,2.274889670481437,1.6921875,70.21179110455067,58.9151564238385,16.089369752568512,1
14,15,875.3590214048442,130.85114514081332,949.9138348628375,4.456186792809688,2.2734603240047218,1.6921875,70.22977369910025,59.65212831048748,15.061482945869564,1
14,16,875.4154071107853,130.8221507421889,949.9003022934115,4.469997480888237,2.3020602007351285,1.6921875,70.24924426647114,59.76877306768053,14.918980706804236,1
14,17,875.4786900416266,130.79350018961782,949.8851143900096,4.483821963416586,2.2744382880820813,1.6921875,70.27031908233032,58.86831907622945,16.225911814548653,1
14,18,875.5496043265879,130.76530289289497,949.8680949616189,4.497661708653176,2.2659992498131087,1.6921875,70.29312230751356,59.15281726053383,15.848357109880364,1
14,19,875.6289520710682,130.73767491872275,949.8490515029437,4.511518320808803,2.2680533514994856,1.6921875,70.31778630959231,58.973681553679235,16.132624974807523,1
14,20,875.717608243046,130.7107399816037,949.8277740216689,4.525393549819426,2.2591504558473225,1.6921875,70.34445195666211,59.18341505018327,15.86626463925676,1
14,21,875.8165256606528,130.68463039875562,949.8040338414434,4.539289301321306,2.2523904668837758,1.6921875,70.37326887344129,59.17962776457284,15.906097994394718,1
14,22,875.9267400270792,130.65948801671453,949.777582393501,4.553207646720825,2.2606366996753957,1.6921875,70.40439564818003,59.44239754822089,15.570047862831856,1
14,23,876.0493749452902,130.63546511196517,949.7481500131304,4.567150833223914,2.2133839222457317,1.6921875,70.43799997716461,58.61564774985097,16.78405438988379,1
14,24,876.1856468294392,130.61272526341895,949.7154447609346,4.581121293658878,2.256579967204723,1.6921875,70.47425873177566,59.314739436732346,15.83488708624285,1
14,25,876.336869612378,130.59144419048172,949.6791512930292,4.595121655891423,2.2671360183352394,1.6921875,70.51335793115317,59.17634967113749,16.07781644874259,1
14,26,876.5044591292686,130.57181054659216,949.6389298089755,4.609154751591871,2.263543097883614,1.6921875,70.55549260157612,59.443184985439494,15.7497413828394,1
14,27,876.689937036144,130.55402665431953,949.5944151113255,4.623223624072288,2.248662632065851,1.6921875,70.60086650174007,59.71224845756652,15.422782444044348,1
14,28,876.8949340995861,130.53830916431323,949.5452158160994,4.637331534865838,2.2668935202322618,1.6921875,70.64969169128663,59.60334121016363,15.635383844831944,1
14,29,877.1211926698812,130.5248896165651,949.4909137592285,4.651481968673096,2.2647307086288375,1.6921875,70.70218791830553,60.086789803756325,15.014242737176689,1
14,30,877.3705681256639,130.51401487859548,949.4310636498407,4.665678636251328,2.2752817353855135,1.6921875,70.75858180021244,59.337754293601876,16.14055456744086,1
14,31,877.645029053974,130.5059474313676,949.3651930270462,4.679925474774615,2.2797731316905283,1.6921875,70.81910577155325,59.018504680087815,16.663019058065437,1
14,32,877.9466559069019,130.5009654700705,949.2928025823435,4.694226645147137,2.2657457992565027,1.6921875,70.88399677207059,59.61853823002109,15.892809456376858,1
14,33,878.277637855907,130.4993627835395,949.2133669145824,4.708586525711814,2.2659742092447344,1.6921875,70.9534946489911,59.44942703735385,16.213532072730438,1
14,34,878.6402675491527,130.50144837319615,949.1263357882034,4.723009701764972,2.24310832686642,1.6921875,71.02784024917251,59.32359909367373,16.47838525631524,1
14,35,879.0369334677425,130.50754577023042,949.0311359677418,4.737500950268818,2.265395292328108,1.6921875,71.10727317972368,59.27605293851249,16.638551461968973,1
14,36,879.4701095758294,130.5179920086015,948.9271737018009,4.752065219151659,2.298757146316106,1.6921875,71.19202922022117,58.879346078591055,17.295030464074564,1
14,37,879.9423419697117,130.5331362116285,948.8138379272692,4.7667076006060904,2.2568850366522684,1.6921875,71.2823373759252,59.70919967875384,16.235631606940053,1
14,38,880.456232254862,130.55333775183354,948.6905042588331,4.781433297843058,2.2735022125598263,1.6921875,71.37841656964936,59.455923591996736,16.70321863475206,1
14,39,881.0144174200374,130.57896394766516,948.556539819191,4.796247584840074,2.2860396898809245,1.6921875,71.48047198031689,59.367480309227744,16.945875335608616,1
14,40,881.6195460367048,130.61038726712493,948.4113089511909,4.811155758740076,2.2520312222310093,1.6921875,71.58869104880915,59.993336055283045,16.197188164287564,1
14,41,882.2742506920808,130.64798201748144,948.2541798339006,4.826163084717495,2.2841575652990156,1.6921875,71.70323918643845,59.46430712352079,17.06886913587645,1
14,42,882.9811166665281,130.69212051242394,948.0845320000333,4.841274733333056,2.316254529811464,1.6921875,71.82425523806356,59.698850136824056,16.882047799938192,1
14,43,883.7426469912449,130.74316872331866,947.9017647221012,4.856495710649156,2.237110144452605,1.6921875,71.9518467701384,60.1169331211476,16.44838066047048,1
14,44,884.5612241691103,130.80148143964394,947.7053061994135,4.871830781671554,2.2563879249315315,1.6921875,72.08608527326045,59.8986828939686,16.906733571524153,1
14,45,885.4390690074363,130.86739698493795,947.4946234382153,4.887284388014873,2.2752666751545547,1.6921875,72.22700138825309,59.67517653835479,17.378299816749294,1
14,46,886.3781971914786,130.94123155818306,947.2692326740452,4.902860561049624,2.2293111060036663,1.6921875,72.37458028343903,59.993112379613976,17.107481460114553,1
14,47,887.3803744148735,131.02327329565793,947.0287101404303,4.91856283216308,2.284911828792227,1.6921875,72.5287573272933,60.1314665061086,17.09293151851573,1
14,48,888.4470710684998,131.11377617380268,946.77270294356,4.934394142136999,2.2953369276937328,1.6921875,72.68941421369995,60.752441775220056,16.42188559036441,1
14,49,889.579417661394,131.21295389815413,946.5009397612655,4.950356751989455,2.26901271769331,1.6921875,72.85637570508943,60.56446018730701,16.871434241442458,1
14,50,890.7781622934683,131.3209739452683,946.2132410495676,4.96645215792027,2.2689938465034976,1.6921875,73.02940716034593,60.60732884011538,17.009693496424248,1
14,51,892.0436316063073,131.43795194195388,945.9095284144862,4.9826810132126145,2.2560289600535968,1.6921875,73.20821300824608,60.57632765729293,17.254738002593108,1
14,52,893.3756966918515,131.5639465772541,945.5898327939556,4.9990430600503695,2.241954590871309,1.6921875,73.39243631234183,60.08491089798434,18.13201207509127,1
14,53,894.7737454273929,131.69895524572823,945.2543010974257,5.015537074188119,2.2854352061888017,1.6921875,73.58165954911269,60.943103224961675,17.17623168816314,1
14,54,896.2366626198957,131.84291061430028,944.903200971225,5.032160825239791,2.263478021115596,1.6921875,73.77540668798146,61.116451447716074,17.15877391744371,1
14,55,897.7628191783157,131.99567828834404,944.5369233972043,5.048911055023298,2.2467858449072877,1.6921875,73.97314662021509,60.807020010176124,17.79852177660505,1
14,56,899.3500712896983,132.1570557255178,944.1559828904724,5.06578347591273,2.2576801001295976,1.6921875,74.17429793537686,61.65531623225909,16.877789276852642,1
14,57,900.9957702599057,132.3267725086657,943.7610151376226,5.082772790519812,2.2399789734332978,1.6921875,74.37823499114202,60.57629256848745,18.556426385082,1
14,58,902.6967833056517,132.5044920432356,943.3527720066436,5.09987273327797,2.2529257721667855,1.6921875,74.584295167832,61.85587700352502,17.065815445014362,1
14,59,904.4495251698002,132.68981469229138,942.932113959248,5.117076133672934,2.2287029135160736,1.6921875,74.79178714627257,61.28223205123411,18.062885793352432,1
14,60,906.25,132.88228230618023,942.5,5.134375,2.2686247288147237,1.6921875,75.0,62.585871893694375,16.552170808407503,1
14,61,908.0938525080597,133.08138404759333,942.0574753980657,5.1517606216827865,2.2361895606326367,1.6921875,75.20821285372743,61.520189078233244,18.200171571841555,1
14,62,909.976427041085,133.28656335967162,941.6056575101396,5.169223687415504,2.270127761379944,1.6921875,75.415704832168,62.48144238862105,17.150621972348052,1
14,63,911.8928328706304,133.49722587839102,941.1457201110487,5.186754415741261,2.250871819756646,1.6921875,75.62176500885798,61.774749415870616,18.31088654353067,1
14,64,913.8380137641543,133.71274805371027,940.678876696603,5.204342694194976,2.2720287784208875,1.6921875,75.82570206462314,62.621584895710114,17.413775025333365,1
14,65,915.8068197589603,133.93248621916692,940.2063632578495,5.221978222851254,2.2989268965339256,1.6921875,76.02685337978491,62.816866780542966,17.37542198840285,1
14,66,917.7940790201275,134.15578583813002,939.7294210351694,5.239650658040255,2.279915115530608,1.6921875,76.22459331201854,62.68873593837444,17.757861059666507,1
14,67,919.7946677301511,134.3819906571013,939.2492797447637,5.257349752126968,2.31218388084655,1.6921875,76.41834045088731,62.83781717583384,17.77128788053364,1
14,68,921.803576120912,134.61045151161588,938.7671417309812,5.2750654855751575,2.251115351574925,1.6921875,76.60756368765817,63.6161758747366,16.958361795565814,1
14,69,923.8159690032313,134.84053455682863,938.2841674392245,5.292788188006463,2.233869048425252,1.6921875,76.79178699175392,62.670674261832644,18.388832039339878,1
14,70,925.827239455811,135.0716287304663,937.8014625306054,5.310508645578288,2.26574493249513,1.6921875,76.97059283965407,63.41532690349546,17.610967300715846,1
14,71,927.8330546811093,135.30315229769462,937.3200668765338,5.328218192695552,2.258796034372147,1.6921875,77.14362429491055,63.873639005224376,17.201661719906575,1
14,72,929.8293933972504,135.53455837262675,936.84094558466,5.345908786794501,2.245189670357389,1.6921875,77.31058578630005,63.74838465129918,17.54248916505323,1
14,73,931.8125744903738,135.7653393567923,936.3649821223103,5.363573065647414,2.256151674950397,1.6921875,77.4712426727067,63.63418024550225,17.860901606628385,1
14,74,933.7792769818242,135.9950302783142,935.8929735243622,5.3812043872969815,2.262116992323947,1.6921875,77.62541971656097,64.32454311752737,17.13469202176298,1
14,75,935.7265516542727,136.22321105468913,935.4256276029745,5.3987968533085455,2.3057651564117707,1.6921875,77.77299861174691,64.4385117416952,17.145393784569425,1
14,76,937.6518249200215,136.44950773539924,934.9635620191949,5.4163453165067095,2.2131370939751314,1.6921875,77.91391472673955,64.33848384481549,17.42362828197755,1
14,77,939.5528956978483,136.67359280715957,934.5073050325165,5.43384537472903,2.264349849821217,1.6921875,78.0481532298616,64.82925258420575,16.936852569367698,1
14,78,941.4279261907336,136.89518466406184,934.057297714224,5.451293352381468,2.267050000052955,1.6921875,78.17574476193644,65.08196389546745,16.749160377483626,1
14,79,943.275427528267,137.11404635735008,933.6138973932159,5.4686862717232,2.271187206315466,1.6921875,78.29676081356155,65.33033737164588,16.56061286212212,1
14,80,945.0942412599237,137.32998374558613,933.1773820976183,5.486021815853181,2.2545788756021947,1.6921875,78.41130895119085,65.04382644396738,17.04790123519607,1
14,81,946.8835176660763,137.54284316635577,932.7479557601417,5.503298285332153,2.2798866247109584,1.6921875,78.51952801968311,64.99790746686492,17.220710431968747,1
14,82,948.6426918009117,137.75250874641162,932.3257539677812,5.520514550268491,2.247553537961539,1.6921875,78.62158343035064,65.10132000140936,17.196630796578425,1
14,83,950.3714581039801,137.95889945930412,931.9108500550448,5.5376699995412935,2.248369481661382,1.6921875,78.7176626240748,65.59157160919307,16.67489935208936,1
14,84,952.0697443230647,138.16196602915005,931.5032613624645,5.554764488646129,2.2266576334104693,1.6921875,78.80797077977883,65.09225280522554,17.403973023084834,1
14,85,953.7376853878633,138.3616877671916,931.1029555069128,5.571798287442394,2.300608723850306,1.6921875,78.89272682027632,65.53987629734786,16.92532513592448,1
14,86,955.3755977678295,138.5580694150371,930.7098565357209,5.588772028868993,2.2673540910265957,1.6921875,78.97215975082749,65.42086874773162,17.15958009234245,1
14,87,956.9839547435181,138.75113805564172,930.3238508615557,5.605686659487036,2.265236279358946,1.6921875,79.0465053510089,65.78467129975893,16.777255354123902,1
14,88,958.5633629226863,138.94094014071942,929.9447928985553,5.622543392512039,2.232092004039952,1.6921875,79.11600322792941,66.50707746055875,15.937263325910125,1
14,89,960.1145402428917,139.12753867177068,929.572510341706,5.639343663819117,2.287005108544378,1.6921875,79.18089422844675,66.24761174764085,16.3338424083615,1
14,90,961.6382956230084,139.31101056152468,929.206809050478,5.656089091246017,2.2833421746567186,1.6921875,79.24141819978756,66.97556719892383,15.479090707259221,1
14,91,963.1355103577289,139.49144419347633,928.8474775141451,5.672781437382124,2.278435312666322,1.6921875,79.29781208169447,66.67012319520047,15.924384992469474,1
14,92,964.6071212918364,139.668937189406,928.4942908899593,5.689422575917006,2.2673327879328267,1.6921875,79.35030830871335,66.83569925563042,15.771342695222677,1
14,93,966.0541057643931,139.84359438828494,928.1470146165457,5.706014461528786,2.256075406133368,1.6921875,79.39913349825993,66.67039091947709,16.031336889919334,1
14,94,967.4774682762338,140.01552603472453,927.8054076137039,5.722559103219134,2.272371621507411,1.6921875,79.44450739842388,66.74390140259912,15.98676410960631,1
14,95,968.8782288062968,140.18484617102135,927.4692250864888,5.739058540945927,2.2560378005472903,1.6921875,79.48664206884683,66.99087822988606,15.720583375679206,1
14,96,970.2574126822434,140.35167122375788,927.1382209562616,5.755514825364487,2.2863659450150218,1.6921875,79.52574126822434,66.79138255572059,16.012876471724187,1
14,97,971.6160418973993,140.51611877370675,926.8121499446241,5.771930000461465,2.2785373640572657,1.6921875,79.56200002283539,67.47690550811599,15.189530820304684,1
14,98,972.9551277581622,140.67830649632546,926.4907693380411,5.788306088849658,2.279070034189097,1.6921875,79.59560435181997,67.11064911491394,15.685483311014725,1
14,99,974.2756647426366,140.8383512592835,926.1738404617672,5.804645079485273,2.229500161692942,1.6921875,79.62673112655871,67.59232069348158,15.11353067344889,1
14,100,975.5786254514363,140.99636836312393,925.8611298916553,5.82094891756954,2.2671045696914396,1.6921875,79.65554804333789,67.86579259469909,14.800921892125322,1
14,101,976.8649565344975,141.15247091121475,925.5524104317205,5.837219496402328,2.2493430574429696,1.6921875,79.68221369040769,67.88696059687757,14.80286822773105,1
14,102,978.1355754826684,141.30676929550052,925.2474618841595,5.853458650965337,2.284442036247549,1.6921875,79.70687769248644,67.765810041647,14.98122620849451,1
14,103,979.3913681791644,141.4593707851431,924.9460716370006,5.869668153024995,2.271692384068457,1.6921875,79.72968091766968,68.00500826243876,14.70553063838049,1
14,104,980.6331871132293,141.61037920587273,924.648035092825,5.885849707559792,2.2469244034225677,1.6921875,79.75075573352886,68.1350341983546,14.565030046844774,1
14,105,981.8618501660909,141.75989469870208,924.3531559601382,5.902004950332182,2.295803760821181,1.6921875,79.77022630089974,68.12552441546985,14.597804751744247,1
14,106,983.0781398872531,141.90801354754635,924.0612464270592,5.918135446441172,2.234135295230127,1.6921875,79.78820889544933,67.96643255721634,14.816445314274052,1
14,107,984.2828031870746,142.05482806619855,923.7721272351021,5.934242689707483,2.227765205026128,1.6921875,79.80481224855997,68.65673378888847,13.969180736807832,1
14,108,985.4765513792646,142.2004265360149,923.4856276689765,5.9503281027585295,2.2786358999297223,1.6921875,79.82013790037908,68.26122976449905,14.481192891831796,1
14,109,986.6600605142432,142.3448931865402,923.2015854765816,5.966393037695154,2.234992595563782,1.6921875,79.83428055905262,68.22721923921907,14.538943970626656,1
14,110,987.8339719512071,142.48830821214077,922.9198467317103,5.982438777235748,2.2505882546892177,1.6921875,79.84732846119626,68.62223459712942,14.058195910113563,1
14,111,988.9988931231248,142.63074781850122,922.64026565045,5.99846653624625,2.2648689808671283,1.6921875,79.85936372956755,69.10229100689118,13.47002057154334,1
14,112,990.1553984547522,142.77228429357163,922.3627043708594,6.014477463576171,2.2494986968491997,1.6921875,79.87046272469304,68.33347733781062,14.444620693696825,1
14,113,991.3040303991017,142.91298609822638,922.0870327042155,6.030472644131537,2.2402142245003147,1.6921875,79.88069638788829,68.8693561000038,13.784732464543287,1
14,114,992.445300562617,143.0529179725104,921.8131278649719,6.046453101125234,2.2487802326642448,1.6921875,79.89013057369407,68.89270260351671,13.765690318947293,1
14,115,993.5796908936227,143.19214105390378,921.5408741855306,6.062419798453912,2.254273122396772,1.6921875,79.89882637025025,69.37843119595288,13.167146067385236,1
14,116,994.7076549124712,143.33071300453673,921.2701628210069,6.078373643158276,2.2516144802613143,1.6921875,79.90684040654934,69.06219937025308,13.57160536084393,1
14,117,995.8296189652038,143.46868814473208,921.000891448351,6.094315487930408,2.277699465626336,1.6921875,79.91422514586289,69.12248918764445,13.504148902802845,1
14,118,996.9459834855464,143.6061175906499,920.7329639634688,6.11024613363776,2.271818041492301,1.6921875,79.92102916492581,69.48201585353789,13.06166026696913,1
14,119,998.0571242526735,143.74304939415828,920.4662901793583,6.1261663318386805,2.266189111182382,1.6921875,79.92729741870306,69.13264906114533,13.505584082255954,1
15,0,750.0,112.5,1000.0,4.0,2.1261872149316634,1.875,59.93307149075715,49.1647090837645,17.96731276930024,1
15,1,749.9924268144482,112.48518694647498,1000.0018175645324,4.011651520295563,2.115776637077054,1.875,59.92729741870306,48.27364055252002,19.446324743731864,1
15,2,749.9835477426928,112.46588562371312,1000.0039485417537,4.023300428818719,2.130444393646422,1.875,59.92102916492581,48.59685757023036,18.89849315425968,1
15,3,749.9731953580822,112.44435947447292,1000.0064331140603,4.034946390716164,2.1468321257605223,1.875,59.91422514586288,48.13813158713887,19.654920897424233,1
15,4,749.9611835027289,112.4211945514622,1000.009315959345,4.046589033672125,2.1376050275036937,1.875,59.906840406549335,48.68435253067736,18.733232798979454,1
15,5,749.947305401172,112.3966790578748,1000.0126467037187,4.058227944135678,2.120134491713383,1.875,59.89882637025024,48.593833829115006,18.873479208517598,1
15,6,749.9313316085588,112.37098051912857,1000.0164804139459,4.069862663217117,2.143566572084161,1.875,59.890130573694066,48.77149176400401,18.565060224753903,1
15,7,749.9130077828352,112.34420321201536,1000.0208781321195,4.081492682232337,2.1001170362107193,1.875,59.8806963878883,48.71973580779117,18.638661961778038,1
15,8,749.8920522705776,112.31641283059601,1000.0259074550614,4.093117437874488,2.1216836503515433,1.875,59.87046272469304,48.51126094839072,18.972964729763678,1
15,9,749.8681534964696,112.28764885580478,1000.0316431608474,4.1047363069929395,2.124441362272228,1.875,59.85936372956755,48.4447723786163,19.06901550527676,1
15,10,749.8409671470795,112.25793138375552,1000.0381678847009,4.116348600960825,2.146811572394335,1.875,59.847328461196255,48.480624409859786,18.992834506733917,1
15,11,749.8101131405812,112.22726512753492,1000.0455728462605,4.127953559614496,2.1005864998845305,1.875,59.834280559052615,48.348429131043055,19.19610517698756,1
15,12,749.7751723754739,112.19564183868901,1000.0539586298863,4.139550344750948,2.126551316788403,1.875,59.82013790037909,48.85345187428108,18.332766207194773,1
15,13,749.7356832532582,112.16304177878324,1000.063436019218,4.151138033173183,2.1350393161511705,1.875,59.80481224855996,48.23340993312505,19.348614066944982,1
15,14,749.6911379725302,112.12943458463165,1000.0741268865927,4.1627156092783935,2.1726812207857717,1.875,59.78820889544932,48.594837126793614,18.721704455521284,1
15,15,749.6409785951558,112.09477972605946,1000.0861651371627,4.174281957190312,2.148485237212174,1.875,59.77022630089974,48.44684067323422,18.94485988836731,1
15,16,749.5845928892147,112.05902667726534,1000.0996977065885,4.185835852445096,2.133644607346303,1.875,59.75075573352886,48.72817203002654,18.447605504204606,1
15,17,749.5213099583734,112.02211487891185,1000.1148856099904,4.19737595325008,2.147341316687279,1.875,59.72968091766968,48.79984068871528,18.298842486736035,1
15,18,749.450395673412,111.98397354231153,1000.1319050383811,4.208900791346824,2.140421362453653,1.875,59.70687769248644,48.377347942119876,18.975250738646945,1
15,19,749.371047928932,111.94452133159798,1000.1509484970563,4.220408762524531,2.1115425016130724,1.875,59.6822136904077,48.54271224501146,18.664692136221174,1
15,20,749.282391756954,111.9036659503925,1000.1722259783311,4.231898116847241,2.141639983899015,1.875,59.65554804333789,48.39366594540368,18.87818060065897,1
15,21,749.1834743393472,111.86130365388681,1000.1959661585566,4.243366948678695,2.1442808617664815,1.875,59.6267311265587,48.891099075264634,18.00473017463848,1
15,22,749.0732599729207,111.8173187041398,1000.222417606499,4.254813186612508,2.1046510040707256,1.875,59.595604351819965,48.16442204433958,19.181250751308625,1
15,23,748.9506250547098,111.77158278494642,1000.2518499868696,4.266234583442753,2.120169921274087,1.875,59.56200002283539,48.511171616442695,18.55348779785087,1
15,24,748.8143531705608,111.72395439240954,1000.2845552390654,4.277628706341122,2.112486082176853,1.875,59.52574126822433,48.80837295710209,18.004594454069107,1
15,25,748.663130387622,111.67427821802725,1000.3208487069708,4.28899292744191,2.131458759682563,1.875,59.486642068846834,48.418596311975776,18.605934663552638,1
15,26,748.4955408707314,111.6223845425072,1000.3610701910245,4.300324415074796,2.0942592319748234,1.875,59.44450739842388,47.9699262896407,19.303013198301674,1
15,27,748.310062963856,111.56808866049415,1000.4055848886745,4.311620125927712,2.12859760745783,1.875,59.39913349825992,47.73871640213804,19.63061817469689,1
15,28,748.1050659004139,111.51119035883856,1000.4547841839006,4.322876798467495,2.1432301706450754,1.875,59.35030830871336,48.32767362176944,18.572160787454,1
15,29,747.8788073301188,111.45147347384051,1000.5090862407715,4.3340909479935705,2.1878392818440884,1.875,59.297812081694474,49.08653811452104,17.220321642062245,1
15,30,747.6294318743362,111.38870555596996,1000.5689363501593,4.345258863748672,2.1193484410672436,1.875,59.24141819978757,48.28912723105136,18.487557019314373,1
15,31,747.354970946026,111.32263767376664,1000.6348069729538,4.356376608558719,2.1428890527322344,1.875,59.180894228446746,48.83062780165604,17.489202489636586,1
15,32,747.0533440930981,111.25300439181515,1000.7071974176565,4.3674400215195295,2.0902168413034734,1.875,59.11600322792942,47.719445996592086,19.27829455485417,1
15,33,746.722362144093,111.17952396069232,1000.7866330854176,4.378444724288186,2.110536726341106,1.875,59.0465053510089,48.422101321464,17.993281679223664,1
15,34,746.3597324508473,111.1018987593759,1000.8736642117966,4.3893861315683615,2.132914894262346,1.875,58.97215975082748,48.559457144425,17.656980260514157,1
15,35,745.9630665322574,111.01981603252857,1000.9688640322582,4.4002594663978485,2.0989834718848877,1.875,58.892726820276316,47.48738384716201,19.36630139052678,1
15,36,745.5298904241706,110.93294896602836,1001.0728262981991,4.411059780848341,2.1401377063582365,1.875,58.80797077977883,47.934860909868654,18.489177105986627,1
15,37,745.0576580302883,110.84095814376869,1001.1861620727308,4.421781982727243,1.682607665164421,1.875,58.717662624074805,47.826121882197526,18.549002557556918,1
15,38,744.543767745138,110.74349342673398,1001.3094957411669,4.432420868823609,1.7388409362165673,1.875,58.62158343035064,47.75322772215637,18.53985353552785,1
15,39,743.9855825799626,110.64019629129112,1001.443460180809,4.442971165159925,1.713820454728544,1.875,58.51952801968311,47.681032430790864,18.521160295836125,1
15,40,743.3804539632952,110.53070265715432,1001.5886910488091,4.453427574593257,1.7155657672041782,1.875,58.41130895119085,47.28140118272513,19.054371436473012,1
15,41,742.725749307919,110.41464622625267,1001.7458201660994,4.463784831949171,1.7086838089123852,1.875,58.29676081356154,47.788646854071736,18.025210685540024,1
15,42,742.0188833334719,110.29166234150091,1001.9154679999667,4.474037766666943,1.729410993279724,1.875,58.175744761936436,47.64740465660853,18.097473695285547,1
15,43,741.2573530087551,110.16139235911498,1002.0982352778988,4.484181372684176,1.7030744528151263,1.875,58.0481532298616,47.46561791717351,18.230614970269432,1
15,44,740.4387758308897,110.02348850966023,1002.2946938005865,4.494210884995113,1.6794361215233369,1.875,57.91391472673955,47.49469163189679,17.99088033334427,1
15,45,739.5609309925637,109.87761920172588,1002.5053765617847,4.504121861985127,1.7515545766084653,1.875,57.772998611746914,46.99227543634552,18.660487484562314,1
15,46,738.6218028085214,109.72347469850205,1002.7307673259548,4.5139102722837094,1.7112588689858388,1.875,57.62541971656098,47.43222131793692,17.688718709140492,1
15,47,737.6196255851265,109.56077307240098,1002.9712898595697,4.523572584503587,1.7480342751407436,1.875,57.471242672706694,47.15506888536361,17.950149166066794,1
15,48,736.5529289315002,109.38926631733001,1003.22729705644,4.533105857863,1.709132415866876,1.875,57.310585786300045,46.589679432454716,18.706677321047614,1
15,49,735.420582338606,109.20874647369328,1003.4990602387346,4.542507831343879,1.725046185038356,1.875,57.14362429491056,47.722891263241955,16.48606147739154,1
15,50,734.2218377065317,109.01905159932234,1003.7867589504324,4.551777008746397,1.7285245916914873,1.875,56.970592839654074,47.018741108990874,17.46840121301365,1
15,51,732.9563683936927,108.82007140211682,1004.0904715855137,4.560912736787386,1.7294190686675335,1.875,56.79178699175393,46.93036342362348,17.364171987689538,1
15,52,731.6243033081485,108.6117523390502,1004.4101672060444,4.569915273282963,1.7067171350069912,1.875,56.60756368765817,47.06525931294812,16.856942346717712,1
15,53,730.2262545726071,108.39410198307051,1004.7456989025743,4.578785842478547,1.727492652914429,1.875,56.418340450887314,46.738174683087294,17.15783500620103,1
15,54,728.7633373801043,108.16719246570294,1005.096799028775,4.587526674760209,1.703470101906629,1.875,56.22459331201855,46.9980599584708,16.41013800196842,1
15,55,727.2371808216844,107.93116281974893,1005.4630766027957,4.5961410283100355,1.7362714773588561,1.875,56.02685337978492,46.356175787212095,17.260790155425905,1
15,56,725.6499287103017,107.6862200736278,1005.8440171095276,4.604633190753937,1.7430139195258325,1.875,55.825702064623144,46.26261255511087,17.130262864302466,1
15,57,724.0042297400943,107.43263898609554,1006.2389848623774,4.613008459480189,1.707337352601973,1.875,55.621765008857984,46.03570651518561,17.234365885630844,1
15,58,722.3032166943483,107.17076035593819,1006.6472279933564,4.6212731000553635,1.687556051390432,1.875,55.415704832168,46.265604645410086,16.511745568282322,1
15,59,720.5504748301998,106.90098789360393,1007.067886040752,4.629434282993733,1.6863545248854268,1.875,55.20821285372743,45.62734166766646,17.354068698882205,1
15,60,718.75,106.62378369775116,1007.5,4.6375,1.6814656622706232,1.875,55.0,45.83548065423731,16.66276244684126,1
15,61,716.9061474919403,106.33966243600918,1007.9425246019343,4.645478961650547,1.7199710132467565,1.875,54.79178714627257,45.660402968086984,16.665607482027138,1
15,62,715.023572958915,106.04918438233015,1008.3943424898604,4.6533804792511635,1.7021258685587823,1.875,54.584295167831996,45.25608498684242,17.089549571553224,1
15,63,713.1071671293695,105.75294750972661,1008.8542798889513,4.661214334258739,1.7322648197231254,1.875,54.378234991142016,45.32799469706139,16.643129913199406,1
15,64,711.1619862358457,105.4515788739368,1009.321123303397,4.668990639138358,1.7293045888829168,1.875,54.174297935376856,45.08455807686663,16.778694334632906,1
15,65,709.1931802410396,105.14572554835547,1009.7936367421505,4.6767196938154125,1.7265986773076156,1.875,53.97314662021508,45.59671602044006,15.519626192477196,1
15,66,707.2059209798724,104.83604538204305,1010.2705789648306,4.684411841959745,1.7347007384600495,1.875,53.77540668798145,44.94505654821582,16.420796575284992,1
15,67,705.2053322698489,104.5231978504404,1010.7507202552363,4.692077331206365,1.7281214018593125,1.875,53.581659549112686,44.84705876235951,16.30147490812054,1
15,68,703.196423879088,104.20783525325582,1011.2328582690188,4.699726181091509,1.7231350261460885,1.875,53.39243631234183,44.672864917618554,16.331098554324104,1
15,69,701.1840309967686,103.89059448745454,1011.7158325607755,4.707368061993537,1.719690718334486,1.875,53.20821300824607,44.68658708466517,16.01562135202744,1
15,70,699.172760544189,103.57208958768506,1012.1985374693946,4.715012187755045,1.703110248460555,1.875,53.029407160345926,44.16031622901259,16.72485401263438,1
15,71,697.1669453188906,103.2529051846069,1012.6799331234663,4.722667223971115,1.6952065713755697,1.875,52.85637570508944,43.83459032541634,17.068490336927145,1
15,72,695.1706066027496,102.93359098640576,1013.15905441534,4.730341213205499,1.6986317686077843,1.875,52.68941421369995,44.221981974819265,16.07046190443134,1
15,73,693.1874255096262,102.61465734318813,1013.6350178776897,4.738041517685919,1.705121672142356,1.875,52.528757327293306,44.19122926206579,15.872311643084384,1
15,74,691.2207230181758,102.29657191051889,1014.1070264756378,4.745774779369685,1.723671697427245,1.875,52.37458028343902,43.320556752694735,17.287056968754733,1
15,75,689.2734483457273,101.97975738921578,1014.5743723970255,4.7535468966914545,1.7360769341366278,1.875,52.227001388253086,44.02491565211696,15.704684393350874,1
15,76,687.3481750799785,101.66459028518175,1015.0364379808051,4.761363016826624,1.7031001689554968,1.875,52.08608527326045,43.743696644650036,16.016539897063765,1
15,77,685.4471043021517,101.35140060647939,1015.4926949674835,4.769227541937637,1.70584745770401,1.875,51.9518467701384,43.51333603805173,16.242946606735593,1
15,78,683.5720738092664,101.04047239539415,1015.942702285776,4.777144147618533,1.6976874543130946,1.875,51.824255238063564,42.80575255609282,17.402088347517417,1
15,79,681.7245724717332,100.73204498075808,1016.386102606784,4.785115811610133,1.7153210786599344,1.875,51.70323918643846,43.188930958317414,16.467649536267956,1
15,80,679.9057587400763,100.42631482978263,1016.8226179023817,4.793144850813486,1.7150238285799018,1.875,51.58869104880915,42.74101881681378,17.150410394449445,1
15,81,678.1164823339237,100.12343787825564,1017.2520442398583,4.8012329646678475,1.7149794412095711,1.875,51.48047198031689,43.049609986825054,16.376815652963135,1
15,82,676.3573081990883,99.82353222221217,1017.6742460322188,4.809381283064843,1.722079561849743,1.875,51.37841656964936,42.904128700556385,16.493867337474487,1
15,83,674.6285418960199,99.52668106203328,1018.0891499449552,4.817590417125373,1.7095751184431092,1.875,51.282337375925195,43.06803083865017,16.017808387047673,1
15,84,672.9302556769353,99.23293580032768,1018.4967386375355,4.82586051135387,2.0994539557210983,1.875,51.19202922022117,43.05409086542517,15.896885665125126,1
15,85,671.2623146121367,98.94231920694841,1018.8970444930872,4.83419129589094,2.146615244311393,1.875,51.10727317972368,42.97147720785338,15.91905704548153,1
15,86,669.6244022321705,98.6548285772569,1019.2901434642791,4.842582137797674,2.118926937910897,1.875,51.02784024917251,42.53043910954685,16.6524804854218,1
15,87,668.0160452564819,98.37043882258094,1019.6761491384443,4.851032090512963,2.143699175473119,1.875,50.9534946489911,42.16791019268932,17.242358972282453,1
15,88,666.4366370773137,98.08910544417817,1020.0552071014447,4.859539940821294,2.103574937244601,1.875,50.88399677207058,42.33162739327851,16.807581796495853,1
15,89,664.8854597571083,97.81076735352443,1020.427489658294,4.86810425284755,2.1477304976024336,1.875,50.819105771553254,42.490420261137025,16.388886392169326,1
15,90,663.3617043769916,97.53534951213135,1020.793190949522,4.876723408753983,2.103616507281989,1.875,50.75858180021243,42.14039500095626,16.978777762502624,1
15,91,661.8644896422711,97.262765373216,1021.1525224858549,4.885395645951209,2.110690959570268,1.875,50.702187918305526,41.920449965257475,17.320234714915507,1
15,92,660.3928787081636,96.99291911533706,1021.5057091100407,4.894119090749661,2.1425552136233295,1.875,50.64969169128664,41.64347602452231,17.781382997665293,1
15,93,658.9458942356069,96.7257076645979,1021.8529853834543,4.902891788471214,2.155153039566881,1.875,50.60086650174007,42.211475393906035,16.579540406774537,1
15,94,657.5225317237662,96.4610225072602,1022.1945923862961,4.911711730114199,2.144794655864268,1.875,50.55549260157612,41.715501154708726,17.485719141408975,1
15,95,656.1217711937032,96.19875129871869,1022.5307749135112,4.92057687572074,2.119978608070612,1.875,50.513357931153166,41.30590658314962,18.227755439566653,1
15,96,654.7425873177566,95.93877927787985,1022.8617790437384,4.929485174635513,2.1124841743108576,1.875,50.47425873177566,41.780858355934924,17.223433477325894,1
15,97,653.3839581026007,95.68099049819762,1023.1878500553759,4.938434582871868,2.148898683687822,1.875,50.43799997716461,41.23416025876473,18.247828467756136,1
15,98,652.0448722418379,95.42526888808231,1023.5092306619589,4.9474230778170085,2.1156673037124887,1.875,50.404395648180035,41.40018079507015,17.863947652420677,1
15,99,650.7243352573634,95.17149915424177,1023.8261595382328,4.956448670514726,2.0950616384083443,1.875,50.3732688734413,41.51370122752844,17.587835461247888,1
15,100,649.4213745485637,94.91956754185472,1024.1388701083447,4.965509415763794,2.1084976158173414,1.875,50.34445195666211,41.196929869513696,18.169871220413434,1
15,101,648.1350434655023,94.66936246542272,1024.4475895682795,4.974603420264338,2.113938435013956,1.875,50.3177863095923,40.93282239890294,18.65138472695541,1
15,102,646.8644245173316,94.42077502379144,1024.7525381158405,4.983728849034663,2.1228365227425825,1.875,50.29312230751356,41.0229399578358,18.43230629626834,1
15,103,645.6086318208356,94.17369941225392,1025.0539283629994,4.992883930308338,2.1155402648066204,1.875,50.27031908233032,40.77521974431117,18.888082493505813,1
15,104,644.3668128867707,93.92803324391647,1025.351964907175,5.002066959106875,2.129367915867853,1.875,50.24924426647114,41.41390834887703,17.583022484359024,1
15,105,643.1381498339091,93.68367779167474,1025.646844039862,5.011276299667818,2.1257751671089764,1.875,50.22977369910026,41.127758661584366,18.120756609498585,1
15,106,641.921860112747,93.4405381612593,1025.9387535729406,5.020510386892161,2.0951729839491247,1.875,50.21179110455068,40.76665914552287,18.810585623924887,1
15,107,640.7171968129254,93.19852340490158,1026.227872764898,5.029767726959184,2.1010300560727724,1.875,50.19518775144004,40.196689450705904,19.91923678071568,1
15,108,639.5234486207354,92.95754658426753,1026.5143723310234,5.03904689724147,2.108189994303013,1.875,50.17986209962092,40.91962541225669,18.454089548871405,1
15,109,638.3399394857568,92.71752479042914,1026.7984145234184,5.04834654563818,2.1419777390255867,1.875,50.165719440947385,40.579309600268,19.10948342316517,1
15,110,637.1660280487929,92.47837912780744,1027.0801532682897,5.05766538943092,2.0923234112543954,1.875,50.152671538803745,40.32583855303719,19.59383754495195,1
15,111,636.0011068768752,92.24003466823206,1027.3597343495499,5.06700221375375,2.1290114226302284,1.875,50.14063627043245,40.38544418845337,19.45566073267332,1
15,112,634.8446015452478,92.00242038053122,1027.6372956291405,5.076355869757162,2.086101550782579,1.875,50.12953727530696,39.950701252483434,20.30506678512164,1
15,113,633.6959696008981,91.76546904039162,1027.9129672957845,5.08572527253513,2.1216958671692194,1.875,50.1193036121117,40.32709275164293,19.53780311125953,1
15,114,632.554699437383,91.52911712461389,1028.1868721350281,5.095109398874766,2.079054866030195,1.875,50.109869426305934,40.0039445867167,20.167533771868058,1
15,115,631.4203091063773,91.29330469333235,1028.4591258144694,5.104507284879421,2.125838397849773,1.875,50.10117362974976,40.265902581748385,19.630819670382436,1
15,116,630.2923450875288,91.05797526326894,1028.729837178993,5.113918023508391,2.1368345741369423,1.875,50.093159593450665,40.11608663246011,19.917036661219086,1
15,117,629.1703810347962,90.823075674644,1028.999108551649,5.123340762069592,2.106978612318155,1.875,50.08577485413712,39.266987679930565,21.60051872156055,1
15,118,628.0540165144536,90.58855595397014,1029.2670360365312,5.132774699695574,2.1151163673109656,1.875,50.07897083507419,40.068775950210686,19.988819095005415,1
15,119,626.9428757473265,90.35436917460592,1029.5337098206417,5.142219084827986,2.1508465130026826,1.875,50.07270258129694,39.9328264070286,20.250307356199635,1
16,0,750.0,112.5,1000.0,4.0,1.9417869194528494,1.875,59.93307149075715,48.85415039331018,18.485488598987555,1
16,1,749.9924268144482,112.48518694647498,1000.0018175645324,4.011651520295563,1.9255369652080845,1.875,59.92729741870306,48.82430558159439,18.527436269207556,1
16,2,749.9835477426928,112.46588562371312,1000.0039485417537,4.023300428818719,1.9379475622340807,1.875,59.92102916492581,48.74677627468904,18.648299346596524,1
16,3,749.9731953580822,112.44435947447292,1000.0064331140603,4.034946390716164,1.916251825133971,1.875,59.91422514586288,48.5067990537597,19.03959546223201,1
16,4,749.9611835027289,112.4211945514622,1000.009315959345,4.046589033672125,1.9296527226049696,1.875,59.906840406549335,47.91628391080569,20.015337838502955,1
16,5,749.947305401172,112.3966790578748,1000.0126467037187,4.058227944135678,1.9487588061721408,1.875,59.89882637025024,48.6579686218843,18.76640733974197,1
16,6,749.9313316085588,112.37098051912857,1000.0164804139459,4.069862663217117,1.927489296552052,1.875,59.890130573694066,47.88723054143227,20.04153258188739,1
16,7,749.9130077828352,112.34420321201536,1000.0208781321195,4.081492682232337,1.9425512300372227,1.875,59.8806963878883,48.321405108192565,19.303869154791194,1
16,8,749.8920522705776,112.31641283059601,1000.0259074550614,4.093117437874488,1.9553545178750118,1.875,59.87046272469304,48.64121378441419,18.75590805421894,1
16,9,749.8681534964696,112.28764885580478,1000.0316431608474,4.1047363069929395,1.943199821698472,1.875,59.85936372956755,48.901503037235045,18.306009301799282,1
16,10,749.8409671470795,112.25793138375552,1000.0381678847009,4.116348600960825,1.9488728202146277,1.875,59.847328461196255,48.24346084426871,19.38911546310918,1
16,11,749.8101131405812,112.22726512753492,1000.0455728462605,4.127953559614496,1.9121567781418654,1.875,59.834280559052615,48.23694645434499,19.382424249693784,1
16,12,749.7751723754739,112.19564183868901,1000.0539586298863,4.139550344750948,1.9376603864156992,1.875,59.82013790037909,48.621666133578245,18.720237297764363,1
16,13,749.7356832532582,112.16304177878324,1000.063436019218,4.151138033173183,1.953637797805259,1.875,59.80481224855996,47.98963856558265,19.756225692794157,1
16,14,749.6911379725302,112.12943458463165,1000.0741268865927,4.1627156092783935,1.9478332130521427,1.875,59.78820889544932,48.53698547883203,18.818465420651965,1
16,15,749.6409785951558,112.09477972605946,1000.0861651371627,4.174281957190312,1.9749487525116787,1.875,59.77022630089974,48.61977700577121,18.655524640301856,1
16,16,749.5845928892147,112.05902667726534,1000.0996977065885,4.185835852445096,1.9596050584101514,1.875,59.75075573352886,48.355125637906646,19.071943033563358,1
16,17,749.5213099583734,112.02211487891185,1000.1148856099904,4.19737595325008,1.952154365432391,1.875,59.72968091766968,48.70133210630974,18.463766492510178,1
16,18,749.450395673412,111.98397354231153,1000.1319050383811,4.208900791346824,1.917732577374329,1.875,59.70687769248644,48.18889113524956,19.290887419300283,1
16,19,749.371047928932,111.94452133159798,1000.1509484970563,4.220408762524531,1.928936750348797,1.875,59.6822136904077,48.41059132652061,18.886066160945198,1
16,20,749.282391756954,111.9036659503925,1000.1722259783311,4.231898116847241,1.9689925688369376,1.875,59.65554804333789,48.14327193757068,19.297913577801513,1
16,21,749.1834743393472,111.86130365388681,1000.1959661585566,4.243366948678695,1.896582037974533,1.875,59.6267311265587,48.13348876907788,19.27531853638971,1
16,22,749.0732599729207,111.8173187041398,1000.222417606499,4.254813186612508,1.9626575999642701,1.875,59.595604351819965,48.46319250307826,18.679921060993042,1
16,23,748.9506250547098,111.77158278494642,1000.2518499868696,4.266234583442753,1.9529518502801335,1.875,59.56200002283539,48.20111536862842,19.07404830235945,1
16,24,748.8143531705608,111.72395439240954,1000.2845552390654,4.277628706341122,1.9188075105995261,1.875,59.52574126822433,48.40235759266742,18.68667813044896,1
16,25,748.663130387622,111.67427821802725,1000.3208487069708,4.28899292744191,1.9277024891232295,1.875,59.486642068846834,48.89898620107023,17.798375399174468,1
16,26,748.4955408707314,111.6223845425072,1000.3610701910245,4.300324415074796,1.9557982694910123,1.875,59.44450739842388,48.07970777381573,19.118334261626803,1
16,27,748.310062963856,111.56808866049415,1000.4055848886745,4.311620125927712,1.9321604203761493,1.875,59.39913349825992,48.19346207833507,18.86504189535546,1
16,28,748.1050659004139,111.51119035883856,1000.4547841839006,4.322876798467495,1.939598086883487,1.875,59.35030830871336,48.547264240730854,18.202170091164437,1
16,29,747.8788073301188,111.45147347384051,1000.5090862407715,4.3340909479935705,1.9481164487188027,1.875,59.297812081694474,47.98289545116342,19.08150778808249,1
16,30,747.6294318743362,111.38870555596996,1000.5689363501593,4.345258863748672,1.9821969390270375,1.875,59.24141819978757,48.22609962963465,18.59394812765035,1
16,31,747.354970946026,111.32263767376664,1000.6348069729538,4.356376608558719,1.9597649188433,1.875,59.180894228446746,47.99070875933605,18.908442690836967,1
16,32,747.0533440930981,111.25300439181515,1000.7071974176565,4.3674400215195295,1.9516504378788124,1.875,59.11600322792942,48.23783851080172,18.4013873116312,1
16,33,746.722362144093,111.17952396069232,1000.7866330854176,4.378444724288186,1.9065951394819989,1.875,59.0465053510089,48.68870931016274,17.541759633822565,1
16,34,746.3597324508473,111.1018987593759,1000.8736642117966,4.3893861315683615,1.970201014542373,1.875,58.97215975082748,47.989196009310064,18.623980854564696,1
16,35,745.9630665322574,111.01981603252857,1000.9688640322582,4.4002594663978485,1.9223427305148049,1.875,58.892726820276316,48.14518289709767,18.249356929892315,1
16,36,745.5298904241706,110.93294896602836,1001.0728262981991,4.411059780848341,1.9461220793122098,1.875,58.80797077977883,48.13480797469037,18.149177166912953,1
16,37,745.0576580302883,110.84095814376869,1001.1861620727308,4.421781982727243,1.9482196732478037,1.875,58.717662624074805,48.14696466166819,18.002586428010375,1
16,38,744.543767745138,110.74349342673398,1001.3094957411669,4.432420868823609,1.973334239311758,1.875,58.62158343035064,48.1478704658075,17.866649707589605,1
16,39,743.9855825799626,110.64019629129112,1001.443460180809,4.442971165159925,1.923395015345723,1.875,58.51952801968311,48.305269604742115,17.4544442865387,1
16,40,743.3804539632952,110.53070265715432,1001.5886910488091,4.453427574593257,1.9772004165936876,1.875,58.41130895119085,48.840740056172415,16.384787581144103,1
16,41,742.725749307919,110.41464622625267,1001.7458201660994,4.463784831949171,1.9219182446591299,1.875,58.29676081356154,47.875715035110076,17.875857308399926,1
16,42,742.0188833334719,110.29166234150091,1001.9154679999667,4.474037766666943,1.9027461512601422,1.875,58.175744761936436,47.90159958811659,17.660530545613355,1
16,43,741.2573530087551,110.16139235911498,1002.0982352778988,4.484181372684176,1.9334241193605866,1.875,58.0481532298616,48.281382337498066,16.825291329577098,1
16,44,740.4387758308897,110.02348850966023,1002.2946938005865,4.494210884995113,1.9288958259235502,1.875,57.91391472673955,47.13396148486117,18.61375334881506,1
16,45,739.5609309925637,109.87761920172588,1002.5053765617847,4.504121861985127,1.9349628505098715,1.875,57.772998611746914,46.98859536371414,18.666857367933112,1
16,46,738.6218028085214,109.72347469850205,1002.7307673259548,4.5139102722837094,1.959410114414068,1.875,57.62541971656098,46.91248536678957,18.59064003778981,1
16,47,737.6196255851265,109.56077307240098,1002.9712898595697,4.523572584503587,1.9449572769475851,1.875,57.471242672706694,46.82373112574227,18.526677085444277,1
16,48,736.5529289315002,109.38926631733001,1003.22729705644,4.533105857863,1.9379821692331891,1.875,57.310585786300045,47.85644962461395,16.49631744637669,1
16,49,735.420582338606,109.20874647369328,1003.4990602387346,4.542507831343879,1.9516010831526378,1.875,57.14362429491056,47.03246428820078,17.694292463018176,1
16,50,734.2218377065317,109.01905159932234,1003.7867589504324,4.551777008746397,1.9437640555451403,1.875,56.970592839654074,47.20302143544224,17.144935513841396,1
16,51,732.9563683936927,108.82007140211682,1004.0904715855137,4.560912736787386,1.95384073224079,1.875,56.79178699175393,46.703170846682426,17.7642167634844,1
16,52,731.6243033081485,108.6117523390502,1004.4101672060444,4.569915273282963,1.9562394708008686,1.875,56.60756368765817,46.206575717399076,18.373848462456905,1
16,53,730.2262545726071,108.39410198307051,1004.7456989025743,4.578785842478547,1.9317904342766457,1.875,56.418340450887314,46.74984677986151,17.13714652674394,1
16,54,728.7633373801043,108.16719246570294,1005.096799028775,4.587526674760209,1.9570546618453466,1.875,56.22459331201855,46.816664482644406,16.732764570060674,1
16,55,727.2371808216844,107.93116281974893,1005.4630766027957,4.5961410283100355,1.9162768642467962,1.875,56.02685337978492,46.370558410187535,17.23511920996348,1
16,56,725.6499287103017,107.6862200736278,1005.8440171095276,4.604633190753937,1.94836172551487,1.875,55.825702064623144,46.5524418488583,16.611094662150833,1
16,57,724.0042297400943,107.43263898609554,1006.2389848623774,4.613008459480189,1.932805643131207,1.875,55.621765008857984,46.299741945999486,16.75966784113005,1
16,58,722.3032166943483,107.17076035593819,1006.6472279933564,4.6212731000553635,1.9583114852671077,1.875,55.415704832168,46.18543850652521,16.656408780863785,1
16,59,720.5504748301998,106.90098789360393,1007.067886040752,4.629434282993733,1.9426263004433404,1.875,55.20821285372743,46.85187321391668,15.136044454021052,1
16,60,718.75,106.62378369775116,1007.5,4.6375,1.9159144725862434,1.875,55.0,45.49330779085467,17.284894925718778,1
16,61,716.9061474919403,106.33966243600918,1007.9425246019343,4.645478961650547,1.9600599186198941,1.875,54.79178714627257,45.74689003795317,16.507760705401108,1
16,62,715.023572958915,106.04918438233015,1008.3943424898604,4.6533804792511635,1.9380233747690696,1.875,54.584295167831996,45.562126204402304,16.52887325134263,1
16,63,713.1071671293695,105.75294750972661,1008.8542798889513,4.661214334258739,1.9391921225085718,1.875,54.378234991142016,46.1382635524312,15.153068943949863,1
16,64,711.1619862358457,105.4515788739368,1009.321123303397,4.668990639138358,1.9604306944962844,1.875,54.174297935376856,45.79370062076068,15.469692518421146,1
16,65,709.1931802410396,105.14572554835547,1009.7936367421505,4.6767196938154125,1.916063584208069,1.875,53.97314662021508,45.011958413799746,16.60304941913284,1
16,66,707.2059209798724,104.83604538204305,1010.2705789648306,4.684411841959745,1.8876065521342134,1.875,53.77540668798145,44.948291098295265,16.41478165084525,1
16,67,705.2053322698489,104.5231978504404,1010.7507202552363,4.692077331206365,1.963522189051635,1.875,53.581659549112686,45.26266289919694,15.525828650922232,1
16,68,703.196423879088,104.20783525325582,1011.2328582690188,4.699726181091509,1.9399578600648795,1.875,53.39243631234183,44.93731641528272,15.835800875609563,1
16,69,701.1840309967686,103.89059448745454,1011.7158325607755,4.707368061993537,1.9306104144724139,1.875,53.20821300824607,44.85312250037379,15.70263317540363,1
16,70,699.172760544189,103.57208958768506,1012.1985374693946,4.715012187755045,1.9597056909135342,1.875,53.029407160345926,44.18559019484882,16.677193729049062,1
16,71,697.1669453188906,103.2529051846069,1012.6799331234663,4.722667223971115,1.9503810790806688,1.875,52.85637570508944,44.798541724217934,15.244772032479014,1
16,72,695.1706066027496,102.93359098640576,1013.15905441534,4.730341213205499,1.9360861195446546,1.875,52.68941421369995,44.5743168871637,15.401760387053645,1
16,73,693.1874255096262,102.61465734318813,1013.6350178776897,4.738041517685919,2.000681214213373,1.875,52.528757327293306,44.242289718557195,15.775106875468692,1
16,74,691.2207230181758,102.29657191051889,1014.1070264756378,4.745774779369685,1.9522542663240283,1.875,52.37458028343902,43.87255694674516,16.233110204765154,1
16,75,689.2734483457273,101.97975738921578,1014.5743723970255,4.7535468966914545,1.9480131485759629,1.875,52.227001388253086,44.089306517485596,15.58139401929712,1
16,76,687.3481750799785,101.66459028518175,1015.0364379808051,4.761363016826624,1.9482849721293247,1.875,52.08608527326045,43.50787842840795,16.469286950340873,1
16,77,685.4471043021517,101.35140060647939,1015.4926949674835,4.769227541937637,1.9485153607504309,1.875,51.9518467701384,44.116828029079656,15.081309381983832,1
16,78,683.5720738092664,101.04047239539415,1015.942702285776,4.777144147618533,1.9533608406142124,1.875,51.824255238063564,43.836819357615646,15.412543496778234,1
16,79,681.7245724717332,100.73204498075808,1016.386102606784,4.785115811610133,1.9396478859236694,1.875,51.70323918643846,43.63048115983797,15.613640757575475,1
16,80,679.9057587400763,100.42631482978263,1016.8226179023817,4.793144850813486,1.9499734820882524,1.875,51.58869104880915,42.99891448818106,16.650503019161945,1
16,81,678.1164823339237,100.12343787825564,1017.2520442398583,4.8012329646678475,1.9507585454198995,1.875,51.48047198031689,42.859935845387,16.745254663216528,1
16,82,676.3573081990883,99.82353222221217,1017.6742460322188,4.809381283064843,1.931730519826226,1.875,51.37841656964936,43.073897649945515,16.16343880206217,1
16,83,674.6285418960199,99.52668106203328,1018.0891499449552,4.817590417125373,1.9503330107915244,1.875,51.282337375925195,42.55235203859092,17.023376437269455,1
16,84,672.9302556769353,99.23293580032768,1018.4967386375355,4.82586051135387,1.9654678407475794,1.875,51.19202922022117,42.972235767810474,16.05678379548164,1
16,85,671.2623146121367,98.94231920694841,1018.8970444930872,4.83419129589094,1.9302935566117043,1.875,51.10727317972368,42.192871990934215,17.442529476071062,1
16,86,669.6244022321705,98.6548285772569,1019.2901434642791,4.842582137797674,1.9414900337422933,1.875,51.02784024917251,42.41319558605251,16.882244322029095,1
16,87,668.0160452564819,98.37043882258094,1019.6761491384443,4.851032090512963,1.9466509344649823,1.875,50.9534946489911,42.32822907911465,16.92772130605419,1
16,88,666.4366370773137,98.08910544417817,1020.0552071014447,4.859539940821294,1.9042389881090218,1.875,50.88399677207058,42.17492188212721,17.11554799626834,1
16,89,664.8854597571083,97.81076735352443,1020.427489658294,4.86810425284755,1.9382757431025557,1.875,50.819105771553254,42.39902447415707,16.56873171922172,1
16,90,663.3617043769916,97.53534951213135,1020.793190949522,4.876723408753983,1.930424131831701,1.875,50.75858180021243,42.598535814223276,16.076189870921503,1
16,91,661.8644896422711,97.262765373216,1021.1525224858549,4.885395645951209,1.9061553143108867,1.875,50.702187918305526,42.36310839606082,16.447178839069323,1
16,92,660.3928787081636,96.99291911533706,1021.5057091100407,4.894119090749661,1.9399017459063599,1.875,50.64969169128664,42.15075165083085,16.779845556133722,1
16,93,658.9458942356069,96.7257076645979,1021.8529853834543,4.902891788471214,1.9459841550050965,1.875,50.60086650174007,42.137538040008856,16.725659157319324,1
16,94,657.5225317237662,96.4610225072602,1022.1945923862961,4.911711730114199,1.9366408860328657,1.875,50.55549260157612,41.35827386489784,18.192323451698595,1
16,95,656.1217711937032,96.19875129871869,1022.5307749135112,4.92057687572074,1.9727982110693432,1.875,50.513357931153166,41.58406361614138,17.677095090732056,1
16,96,654.7425873177566,95.93877927787985,1022.8617790437384,4.929485174635513,1.948819294796406,1.875,50.47425873177566,41.87225557224385,17.04235659060108,1
16,97,653.3839581026007,95.68099049819762,1023.1878500553759,4.938434582871868,1.9237490204820331,1.875,50.43799997716461,41.56483484253261,17.5922224089957,1
16,98,652.0448722418379,95.42526888808231,1023.5092306619589,4.9474230778170085,1.932590230194664,1.875,50.404395648180035,41.25945809563233,18.143135008261726,1
16,99,650.7243352573634,95.17149915424177,1023.8261595382328,4.956448670514726,1.9458337046316077,1.875,50.3732688734413,40.76684754954545,19.070474358198172,1
16,100,649.4213745485637,94.91956754185472,1024.1388701083447,4.965509415763794,1.9288113844675132,1.875,50.34445195666211,41.517119857510885,17.533872663367234,1
16,101,648.1350434655023,94.66936246542272,1024.4475895682795,4.974603420264338,1.9621119490956178,1.875,50.3177863095923,41.029370888686,18.459507267980914,1
16,102,646.8644245173316,94.42077502379144,1024.7525381158405,4.983728849034663,1.9492505944941798,1.875,50.29312230751356,40.86048133711655,18.755329829637198,1
16,103,645.6086318208356,94.17369941225392,1025.0539283629994,4.992883930308338,1.9715197930404815,1.875,50.27031908233032,40.81843608006412,18.802114597256402,1
16,104,644.3668128867707,93.92803324391647,1025.351964907175,5.002066959106875,1.9490249671666189,1.875,50.24924426647114,41.11735785261097,18.173181601366743,1
16,105,643.1381498339091,93.68367779167474,1025.646844039862,5.011276299667818,1.9288406956270039,1.875,50.22977369910026,41.13901237527452,18.098352141269107,1
16,106,641.921860112747,93.4405381612593,1025.9387535729406,5.020510386892161,1.9137788971290544,1.875,50.21179110455068,41.063108083612526,18.220188564651718,1
16,107,640.7171968129254,93.19852340490158,1026.227872764898,5.029767726959184,1.9369346136448824,1.875,50.19518775144004,40.435680950675575,19.44311245351299,1
16,108,639.5234486207354,92.95754658426753,1026.5143723310234,5.03904689724147,1.906587921900263,1.875,50.17986209962092,40.26433553879712,19.759971721601655,1
16,109,638.3399394857568,92.71752479042914,1026.7984145234184,5.04834654563818,1.9235919947033842,1.875,50.165719440947385,40.14940568458188,19.966450931011202,1
16,110,637.1660280487929,92.47837912780744,1027.0801532682897,5.05766538943092,1.9416419060081442,1.875,50.152671538803745,40.55151502859843,19.143858573469572,1
16,111,636.0011068768752,92.24003466823206,1027.3597343495499,5.06700221375375,1.9485401923519343,1.875,50.14063627043245,40.28070933137749,19.664542918593334,1
16,112,634.8446015452478,92.00242038053122,1027.6372956291405,5.076355869757162,1.9224777375470106,1.875,50.12953727530696,39.82267132942012,20.56046495957553,1
16,113,633.6959696008981,91.76546904039162,1027.9129672957845,5.08572527253513,1.9803626256909481,1.875,50.1193036121117,39.832578575176186,20.52447718856503,1
16,114,632.554699437383,91.52911712461389,1028.1868721350281,5.095109398874766,1.977512290365068,1.875,50.109869426305934,39.8984293591643,20.378101527802002,1
16,115,631.4203091063773,91.29330469333235,1028.4591258144694,5.104507284879421,1.944433884046792,1.875,50.10117362974976,40.18700492222012,19.788296339714226,1
16,116,630.2923450875288,91.05797526326894,1028.729837178993,5.113918023508391,1.969825973762695,1.875,50.093159593450665,39.77446458843434,20.59901010190106,1
16,117,629.1703810347962,90.823075674644,1028.999108551649,5.123340762069592,1.936623264253491,1.875,50.08577485413712,39.68632790805916,20.763274555228243,1
16,118,628.0540165144536,90.58855595397014,1029.2670360365312,5.132774699695574,1.9511472758885642,1.875,50.07897083507419,39.904502235571115,20.31684842927543,1
16,119,626.9428757473265,90.35436917460592,1029.5337098206417,5.142219084827986,1.944472722503805,1.875,50.07270258129694,39.740228533347114,20.6349438222837,1
17,0,1000.0,150.0,900.0,4.5,2.161221231892829,1.51875,79.89960723613572,71.39379289551688,10.645627225025915,1
17,1,999.9886402216723,149.9801794943977,900.0027263467987,4.515706447110011,2.1166892887351048,1.51875,79.8909461280546,70.87120256717871,11.290069773887053,1
17,2,999.9753216140393,149.95434006185857,900.0059228126306,4.531408976561412,2.14851977362592,1.51875,79.88154374738872,71.03962531585151,11.068787628213865,1
17,3,999.9597930371232,149.9255050163949,900.0096496710904,4.547107086074247,2.1198621169825107,1.51875,79.87133771879432,71.42158269862297,10.57920808828905,1
17,4,999.9417752540934,149.8944542192961,900.0139739390175,4.562800217174853,2.1588397752334094,1.51875,79.860260609824,71.1509308136868,10.905711713975826,1
17,5,999.9209581017581,149.8615689593286,900.018970055578,4.5784877495368494,2.1682977977282922,1.51875,79.84823955537537,71.43977705113838,10.530554650995981,1
17,6,999.8969974128382,149.82706878887984,900.0247206209189,4.594168994825677,2.1265969705296133,1.51875,79.8351958605411,71.05926159175937,10.99256308472249,1
17,7,999.8695116742529,149.79108824825494,900.0313171981793,4.609843190015172,2.1867595384411915,1.51875,79.82104458183245,71.04188565407954,10.99855179012664,1
17,8,999.8380784058663,149.75370978385163,900.0388611825921,4.625509490145066,2.1448105853643282,1.51875,79.80569408703956,70.85379506669922,11.217118180285489,1
17,9,999.8022302447043,149.71498022459312,900.0474647412709,4.641166960489409,2.1559771331909663,1.51875,79.78904559435132,70.82443236757709,11.235393480391354,1
17,10,999.7614507206191,149.6749198470016,900.0572518270515,4.6568145681079045,2.160779750885747,1.51875,79.77099269179439,71.49348275977863,10.376591355703692,1
17,11,999.7151697108717,149.63352765770026,900.0683592693908,4.672451172755077,2.1518886779163444,1.51875,79.75142083857892,70.88352955425549,11.1194147904556,1
17,12,999.6627585632108,149.59078455886953,900.0809379448294,4.688075517126421,2.1730315849081006,1.51875,79.73020685056862,70.98969786294111,10.962606686834617,1
17,13,999.6035248798875,149.54665523900422,900.095154028827,4.7036862164264415,2.1372522705601966,1.51875,79.70721837283995,70.98996297328691,10.936594674245242,1
17,14,999.5367069587954,149.5010892480246,900.1111903298892,4.719281747250924,2.161858144579156,1.51875,79.68231334317399,71.31484095430862,10.501040993662578,1
17,15,999.4614678927338,149.45402152240666,900.1292477057439,4.734860435785468,2.144392925263041,1.51875,79.65533945134962,71.29625522297637,10.494066419086257,1
17,16,999.3768893338222,149.40537252209384,900.1495465598827,4.750420445334311,2.161879356985095,1.51875,79.62613360029329,70.6757404456654,11.240522112447417,1
17,17,999.2819649375601,149.35504808232704,900.1723284149856,4.765959763208453,2.137660406985556,1.51875,79.59452137650452,71.56073085453528,10.09339635823318,1
17,18,999.1755935101181,149.30293904922064,900.1978575575716,4.781476187020236,2.160637652770385,1.51875,79.56031653872965,71.27040939392182,10.4196507825259,1
17,19,999.0565718933979,149.24892074737232,900.2264227455845,4.7969673104534625,2.1296735853349316,1.51875,79.52332053561155,71.7455475543851,9.780493229961975,1
17,20,998.9235876354309,149.19285231543518,900.2583389674966,4.812430508604195,2.181700865794437,1.51875,79.48332206500683,70.90755616309441,10.789390376635968,1
17,21,998.7752115090208,149.13457593831927,900.293949237835,4.827862923018041,2.157712656069984,1.51875,79.44009668983806,71.17235436957087,10.407517947199068,1
17,22,998.6098899593811,149.07391600075937,900.3336264097485,4.843261446585429,2.177379606961595,1.51875,79.39340652772995,71.00795848886679,10.56189475373418,1
17,23,998.4259375820646,149.01067818534952,900.3777749803045,4.858622708497463,2.1640535483911387,1.51875,79.34300003425308,71.0947166387031,10.395729165760203,1
17,24,998.2215297558413,148.94464853816598,900.4268328585981,4.873943059511682,2.1290019021654905,1.51875,79.2886119023365,70.76903727126589,10.745016751667404,1
17,25,997.9946955814329,148.87559252638636,900.4812730604561,4.889218557829532,2.1308986960612373,1.51875,79.22996310327025,71.04341382758791,10.332643049463234,1
17,26,997.743311306097,148.8032541145993,900.5416052865368,4.904444955945527,2.150319693806428,1.51875,79.16676109763583,70.38404744303017,11.093940857039733,1
17,27,997.4650944457841,148.72735488960174,900.6083773330118,4.919617688891568,2.1479602427467146,1.51875,79.09870024738989,70.87403773363503,10.397974287859741,1
17,28,997.157598850621,148.64759326724618,900.682176275851,4.934731864367908,2.159731405575978,1.51875,79.02546246307004,70.45973457130803,10.839199955033381,1
17,29,996.8182109951781,148.5636438191911,900.7636293611573,4.949782255323689,2.1297386011924817,1.51875,78.94671812254171,70.78010915981291,10.344456561262657,1
17,30,996.4441478115042,148.4751567620653,900.853404525239,4.964763295623008,2.152220611092085,1.51875,78.86212729968135,70.66569860274164,10.393364949176084,1
17,31,996.0324564190389,148.38175765640887,900.9522104594306,4.9796690795047445,2.160642269477328,1.51875,78.77134134267013,70.84279662337454,10.06526559552278,1
17,32,995.5800161396471,148.28304736757767,901.0607961264847,4.994493365612628,2.1807749032624923,1.51875,78.67400484189412,70.73419019747135,10.0920433126277,1
17,33,995.0835432161397,148.17860234532833,901.1799496281265,5.009229586432279,2.1574267222319015,1.51875,78.56975802651336,70.63549495087254,10.098367711611633,1
17,34,994.539598676271,148.06797528271215,901.310496317695,5.023870864019209,2.157051233881902,1.51875,78.45823962624122,70.08736098882592,10.669215467097441,1
17,35,993.9445997983861,147.9506962178114,901.4532960483873,5.038410032930106,2.185674896652886,1.51875,78.33909023041447,70.82196355721698,9.595626718523004,1
17,36,993.2948356362559,147.8262741433018,901.6092394472986,5.052839671272512,2.2036026530987063,1.51875,78.21195616966824,71.1925538455175,8.974845621970232,1
17,37,992.5864870454325,147.6941991883148,901.7792431090962,5.067152140757532,2.140315570582039,1.51875,78.07649393611221,70.29517921856613,9.966270672852334,1
17,38,991.815651617707,147.5539454340573,901.9642436117504,5.081339636568747,2.214066765164497,1.51875,77.93237514552597,70.37521918750538,9.69706870079198,1
17,39,990.9783738699439,147.4049744185554,902.1651902712134,5.095394247739888,2.1687201912780294,1.51875,77.77929202952465,69.82157275882714,10.231154158200356,1
17,40,990.0706809449428,147.24673937617155,902.3830365732138,5.109308028556552,2.1668417458586298,1.51875,77.61696342678627,70.77667681739479,8.812875829448956,1
17,41,989.0886239618786,147.07869024370714,902.6187302491492,5.123073081257091,2.1895684894291647,1.51875,77.44514122034231,69.94651161095207,9.682504920554772,1
17,42,988.0283250002078,146.90027944656484,902.8732019999501,5.1366816500004155,2.155909645895726,1.51875,77.26361714290465,69.67075765055027,9.827212047697477,1
17,43,986.8860295131326,146.71096845540833,903.1473529168481,5.150126225692932,2.1468127104221,1.51875,77.0722298447924,69.3300354129334,10.045374900207493,1
17,44,985.6581637463345,146.51023507608232,903.4420407008797,5.163399660826002,2.1621395797338994,1.51875,76.87087209010933,70.2613449847769,8.598220529597523,1
17,45,984.3413964888455,146.29758140361469,903.7580648426771,5.176495292977691,2.1709446117089692,1.51875,76.65949791762037,70.11050569663924,8.542962579821218,1
17,46,982.932704212782,146.07254233570038,904.0961509889323,5.18940707509223,2.185300961245614,1.51875,76.43812957484147,69.42543478117734,9.174341173272579,1
17,47,981.4294383776898,145.83469450336617,904.4569347893545,5.2021297100887125,2.148645839998965,1.51875,76.20686400906004,69.21302335035969,9.177441887477315,1
17,48,979.8293933972503,145.58366543821558,904.84094558466,5.214658786794501,2.129494734258253,1.51875,75.96587867945007,69.28467792333998,8.795002272405036,1
17,49,978.130873507909,145.31914275885936,905.2485903581019,5.226990913682485,2.1057466852955526,1.51875,75.71543644236584,69.28589557231277,8.491717372516506,1
17,50,976.3327565597974,145.04088312632268,905.6801384256486,5.239123846452928,2.165273591941472,1.51875,75.45588925948111,69.14151000863447,8.368305393807592,1
17,51,974.4345525905392,144.74872069209286,906.1357073782706,5.251056605181079,2.184976298886057,1.51875,75.1876804876309,68.91094134249539,8.348095199143819,1
17,52,972.4364549622227,144.44257474578265,906.6152508090665,5.262789576591112,2.1964674079801894,1.51875,74.91134553148726,68.87406215714853,8.059237664875603,1
17,53,970.3393818589105,144.12245626469817,907.1185483538615,5.274324597051154,2.148693436290773,1.51875,74.62751067633097,68.39655483681923,8.349408660482037,1
17,54,968.1450060701565,143.7884730770157,907.6451985431625,5.285665012140313,2.1186101526920913,1.51875,74.33688996802782,67.98355227077666,8.546682138550219,1
17,55,965.8557712325266,143.4408333751547,908.1946149041936,5.29681570913172,2.1562160451084265,1.51875,74.04028006967738,68.25062268969505,7.819604915775351,1
17,56,963.4748930654525,143.07984735666125,908.7660256642914,5.307783119464238,2.148828752656258,1.51875,73.73855309693472,67.50174294454901,8.458004517917475,1
17,57,961.0063446101415,142.70592682570015,909.358477293566,5.318575189220283,2.1260853351669318,1.51875,73.43264751328698,67.46600951770992,8.125320545602621,1
17,58,958.4548250415226,142.31958265704776,909.9708419900346,5.329201316749712,2.202853009274453,1.51875,73.123557248252,67.56833702855344,7.597032240702911,1
17,59,955.8257122452997,141.92142010302933,910.6018290611281,5.339672257823933,2.182627561474198,1.51875,72.81231928059114,66.97510251823496,8.016798283628011,1
17,60,953.125,141.5121320078628,911.25,5.35,2.13236697802505,1.51875,72.5,66.60706005512777,8.128193027409965,1
17,61,950.3592212379104,141.09249007835203,911.9137869029015,5.360197609142488,2.1618933510439415,1.51875,72.18768071940886,66.1620018013891,8.347239941731027,1
17,62,947.5353594383726,140.6633344394951,912.5915137347906,5.370279052210078,2.1437041648988986,1.51875,71.876442751748,66.32840012779207,7.718860883416507,1
17,63,944.6607506940542,140.22556177319626,913.281419833427,5.380259001388108,2.1374174671058284,1.51875,71.56735248671302,65.61682346405946,8.314585933241435,1
17,64,941.7429793537685,139.78011239339386,913.9816849550956,5.390152625374204,2.1696290471912896,1.51875,71.26144690306528,66.04480327481669,7.320429004682754,1
17,65,938.7897703615594,139.3279566481084,914.6904551132258,5.399975374056452,2.1794165705796966,1.51875,70.95971993032262,65.45445600044455,7.758294332733902,1
17,66,935.8088814698087,138.8700810561282,915.4058684472459,5.409742762939618,2.179034428088044,1.51875,70.66311003197218,65.99282047304905,6.609232960182497,1
17,67,932.8079984047735,138.40747458277278,916.1260803828544,5.4194701634762135,2.1690802678718315,1.51875,70.37248932366903,65.08853706533166,7.50854816863806,1
17,68,929.794635818632,137.94111543643206,916.8492874035284,5.4291726049705975,2.166737586217279,1.51875,70.08865446851274,64.8171034992761,7.52126147835365,1
17,69,926.776046495153,137.47195872777542,917.5737488411633,5.4388645929903054,2.147350302073519,1.51875,69.8123195123691,64.94866459406762,6.9667573750214,1
17,70,923.7591408162835,137.00092528013133,918.2978062040919,5.448559948299234,2.16105496683135,1.51875,69.54411074051889,64.86148025300773,6.733324270954971,1
17,71,920.7504179783359,136.5288918167333,919.0198996851993,5.4582716692900055,2.1549875134422227,1.51875,69.28456355763416,64.13913709606253,7.42651205025117,1
17,72,917.7559099041245,136.05668268276,919.7385816230101,5.468011819808249,2.152505753322465,1.51875,69.03412132054993,63.65143448412337,7.797139636836735,1
17,73,914.7811382644393,135.58506319170678,920.4525268165346,5.477791443195545,2.180124471199426,1.51875,68.79313599093996,64.41533409960098,6.363719037195123,1
17,74,911.8310845272637,135.1147346204835,921.1605397134567,5.487620502387861,2.156191428455771,1.51875,68.56187042515853,63.288821140103515,7.690935577393597,1
17,75,908.9101725185908,134.64633081890793,921.8615585955382,5.497507845037182,2.1489295035529525,1.51875,68.34050208237963,63.03855567540278,7.758132067255996,1
17,76,906.0222626199678,134.18041634926638,922.5546569712077,5.507461191906602,2.1968316469519102,1.51875,68.12912790989067,62.82369862628348,7.787314246300475,1
17,77,903.1706564532276,133.71748603174686,923.2390424512254,5.517487146239788,2.152130637209303,1.51875,67.9277701552076,62.39321356157812,8.147708339289826,1
17,78,900.3581107138997,133.25796574236384,923.914053428664,5.5275912214278,2.1697089487043555,1.51875,67.73638285709535,62.52465937132837,7.694127241429833,1
17,79,897.5868587075997,132.80221429128267,924.579153910176,5.537777884081866,2.141092397711043,1.51875,67.55485877965769,62.02331057189123,8.188231472452042,1
17,80,894.8586381101144,132.3505262004148,925.2339268535725,5.548050609553562,2.194494640637805,1.51875,67.38303657321373,62.11682555383773,7.8153364514140025,1
17,81,892.1747235008856,131.9031351985672,925.8780663597875,5.558411947001772,2.1658696811360403,1.51875,67.22070797047535,61.892938802849415,7.925785562933957,1
17,82,889.5359622986324,131.46021825880874,926.5113690483282,5.5688635912639315,2.191728480991318,1.51875,67.06762485447403,61.349546410087605,8.525840085725028,1
17,83,886.9428128440298,131.02190001448548,927.1337249174328,5.579406459021393,2.155908062823565,1.51875,66.92350606388779,61.36901942855795,8.299754394259184,1
17,84,884.395383515403,130.58825740591632,927.7451079563033,5.590040767030805,2.1294124567212998,1.51875,66.78804383033176,60.91299139741425,8.796563121151564,1
17,85,881.893471918205,130.15932442779646,928.3455667396307,5.600766110503077,2.184769469772713,1.51875,66.66090976958552,61.2535393877331,8.111756050949616,1
17,86,879.4366033482557,129.73509686647813,928.9352151964187,5.611581540029845,2.1825773107291346,1.51875,66.54176037375878,60.64433070317857,8.862749704027822,1
17,87,877.0240678847227,129.31553693554656,929.5142237076666,5.622485635769445,2.1545220684247175,1.51875,66.43024197348664,60.0634372720604,9.584196161692951,1
17,88,874.6549556159706,128.90057773665976,930.082810652167,5.633476577898608,2.1824746640734203,1.51875,66.32599515810588,60.75627626526801,8.397490123685206,1
17,89,872.3281896356623,128.4901274898793,930.641234487441,5.644552212604658,2.185514392557806,1.51875,66.22865865732987,60.71971757572271,8.318062290995016,1
17,90,870.0425565654873,128.08407349330042,931.189786424283,5.655710113130975,2.172278145096892,1.51875,66.13787270031865,60.50734734010735,8.513314883477003,1
17,91,867.7967344634067,127.68228578546305,931.7287837287824,5.6669476355934805,2.1598264810439365,1.51875,66.05328187745829,59.316083038748246,10.199642844709608,1
17,92,865.5893180622454,127.28462049571766,932.258563665061,5.678261969457824,2.1810504667718966,1.51875,65.97453753692996,59.14121966870199,10.357507795189838,1
17,93,863.4188413534105,126.89092287744434,932.7794780751815,5.689650182706821,2.1672400142169614,1.51875,65.90129975261011,59.780381697762735,9.288008093656684,1
17,94,861.2837975856492,126.50103002689146,933.2918885794442,5.701109261837965,2.170321149147798,1.51875,65.83323890236417,60.00526082710416,8.852637622620026,1
17,95,859.1826567905548,126.11477329655956,933.7961623702669,5.712636146914443,2.1245173933441546,1.51875,65.77003689672975,59.08878239690098,10.158508060926717,1
17,96,857.1138809766351,125.7319804166938,934.2926685656076,5.72422776195327,2.164185082532147,1.51875,65.7113880976635,58.573462253209314,10.862540042291377,1
17,97,855.0759371539011,125.35247734176532,934.7817750830637,5.735881040974469,2.1407613174126086,1.51875,65.65699996574692,58.53842300048748,10.842068582136232,1
17,98,853.0673083627568,124.97608984101518,935.2638459929384,5.747592950058847,2.141843027346109,1.51875,65.60659347227005,58.596993679265175,10.684291657312802,1
17,99,851.0865028860451,124.60264485339917,935.7392393073492,5.75936050577209,2.151776675224051,1.51875,65.55990331016194,58.57170542607217,10.659255934269481,1
17,100,849.1320618228455,124.23197162778371,936.208305162517,5.771180790312358,2.1768245825511556,1.51875,65.51667793499317,58.51220208823791,10.691134024996234,1
17,101,847.2025651982535,123.86390266916197,936.6713843524192,5.78305096372984,2.155633448323399,1.51875,65.47667946438845,58.249536782368736,11.037735482524623,1
17,102,845.2966367759975,123.49827451112625,937.1288071737606,5.794968273551995,2.184538551550629,1.51875,65.43968346127035,58.166529877806234,11.114286009296851,1
17,103,843.4129477312537,123.13492833396573,937.5808925444991,5.806930062129174,2.201015527115963,1.51875,65.40547862349548,58.188188485390235,11.034687445147133,1
17,104,841.5502193301561,122.77371044666017,938.0279473607626,5.818933771993645,2.1982041146800633,1.51875,65.37386639970671,56.992917000985905,12.820030174562854,1
17,105,839.7072247508636,122.41447264979081,938.4702660597927,5.830976949501727,2.165769495649899,1.51875,65.34466054865038,57.468564203564085,12.053159782232532,1
17,106,837.8827901691205,122.05707249505772,938.9081303594111,5.843057247004907,2.1613363786208097,1.51875,65.31768665682601,57.17341934340661,12.468701404274688,1
17,107,836.075795219388,121.70137345572927,939.3418091473469,5.8551724237721094,2.1717599612347778,1.51875,65.29278162716005,56.7349921047782,13.106792679241652,1
17,108,834.285172931103,121.34724502099495,939.7715584965352,5.867320345862206,2.17190471048452,1.51875,65.26979314943138,56.9018077322574,12.820609677766196,1
17,109,832.5099092286351,120.99456272587685,940.1976217851276,5.879498985123937,2.1538282514246854,1.51875,65.24857916142108,57.10748458389998,12.477044990329237,1
17,110,830.7490420731892,120.64320812709974,940.6202299024346,5.891706417479712,2.165411527784421,1.51875,65.22900730820561,57.15973803924887,12.37067617912629,1
17,111,829.0016603153128,120.29306873413785,941.0396015243249,5.903940820630626,2.1444459031101744,1.51875,65.21095440564868,56.66214914588681,13.109461957240361,1
17,112,827.2669023178717,119.94403790355813,941.4559434437108,5.91620047130241,2.181611435567317,1.51875,65.19430591296043,56.68516303049201,13.051972504820894,1
17,113,825.5439544013472,119.59601470377066,941.8694509436767,5.928483742136027,2.1723478582963502,1.51875,65.17895541816755,56.763585106527906,12.911177016644851,1
17,114,823.8320491560744,119.24890375637281,942.2803082025422,5.940789098312148,2.1557111242497036,1.51875,65.1648041394589,56.09559962630479,13.917335642941767,1
17,115,822.130463659566,118.9026150594419,942.6886887217041,5.953115093985799,2.175354061965741,1.51875,65.15176044462464,56.115265504195555,13.869916758595652,1
17,116,820.4385176312933,118.55706379737993,943.0947557684896,5.96546036859592,2.1862800445810486,1.51875,65.139739390176,56.14438844971053,13.809313676532911,1
17,117,818.7555715521942,118.21217014124475,943.4986628274734,5.977823643104388,2.151368959621289,1.51875,65.12866228120568,55.97249916493012,14.058576969909256,1
17,118,817.0810247716804,117.86785904290753,943.9005540547967,5.9902037162100275,2.1457819799426434,1.51875,65.11845625261128,56.01683508945371,13.97702231737503,1
17,119,815.4143136209899,117.52406002585008,944.3005647309624,6.002599460575313,2.135892927096131,1.51875,65.1090538719454,55.958446007477036,14.054278660638381,1
18,0,875.0,131.25,950.0,4.25,2.0731884304390897,1.6921875,70.06692850924284,58.61041436329657,16.350815412773507,1
18,1,875.0075731855518,131.23362508261698,949.9981824354676,4.26371306303777,2.025807905455468,1.6921875,70.07270258129694,59.320635402811966,15.344159397891982,1
18,2,875.0164522573072,131.21246323453136,949.9960514582463,4.277428737847948,2.054035302194333,1.6921875,70.07897083507419,60.007164529498084,14.372080790511857,1
18,3,875.0268046419178,131.18908506461517,949.9935668859397,4.291147359283836,2.068370656371914,1.6921875,70.08577485413711,59.38115792798323,15.273594318436784,1
18,4,875.0388164972711,131.16419435120136,949.990684040655,4.304869299661209,2.0315817329954986,1.6921875,70.09315959345066,59.25950459998548,15.456080245635626,1
18,5,875.052694598828,131.13816609941216,949.9873532962813,4.318594972530989,2.0767657802449033,1.6921875,70.10117362974975,59.090005972644924,15.70753681708957,1
18,6,875.0686683914412,131.11124534844058,949.9835195860541,4.332324836782883,2.0445132155206536,1.6921875,70.10986942630593,59.157208407766696,15.62213866344713,1
18,7,875.0869922171648,131.08361219496993,949.9791218678804,4.346059401100996,2.0335675333659515,1.6921875,70.11930361211171,59.18820455797788,15.589286389098845,1
18,8,875.1079477294224,131.05541017595476,949.9740925449386,4.359799228792178,2.0517369497609095,1.6921875,70.12953727530696,59.56772775693685,15.060429497641914,1
18,9,875.1318465035304,131.02676091267787,949.9683568391526,4.373544943007061,2.043069658145182,1.6921875,70.14063627043245,59.32113345399752,15.425441501157094,1
18,10,875.1590328529205,130.99777258845626,949.9618321152991,4.387297232372508,2.043666201355555,1.6921875,70.15267153880374,59.313300568174306,15.451116447694835,1
18,11,875.1898868594188,130.96854530929252,949.9544271537395,4.401056857052171,2.0418563378795582,1.6921875,70.16571944094738,59.294441570065786,15.49371681427858,1
18,12,875.2248276245261,130.9391747504428,949.9460413701137,4.414824655249053,2.061422223577165,1.6921875,70.17986209962092,58.82085822111785,16.185560271376513,1
18,13,875.2643167467418,130.90975480043505,949.936563980782,4.42860155016015,2.068905015408808,1.6921875,70.19518775144003,59.100065650576575,15.806100754586048,1
18,14,875.3088620274697,130.88037959136557,949.9258731134073,4.442388557388273,2.037461573102873,1.6921875,70.21179110455067,58.9154249009762,16.088987370729978,1
18,15,875.3590214048442,130.85114514081332,949.9138348628375,4.456186792809688,2.052821512557361,1.6921875,70.22977369910025,59.143352434835734,15.785927649096996,1
18,16,875.4154071107853,130.8221507421889,949.9003022934115,4.469997480888237,2.0542736507062296,1.6921875,70.24924426647114,59.267490124514374,15.632558409170223,1
18,17,875.4786900416266,130.79350018961782,949.8851143900096,4.483821963416586,2.0590291999023997,1.6921875,70.27031908233032,59.99219024653613,14.626557798538089,1
18,18,875.5496043265879,130.76530289289497,949.8680949616189,4.497661708653176,2.047651342142033,1.6921875,70.29312230751356,58.93551978798908,16.157487598627377,1
18,19,875.6289520710682,130.73767491872275,949.8490515029437,4.511518320808803,2.0064612403486315,1.6921875,70.31778630959231,58.7707105751399,16.421273109499506,1
18,20,875.717608243046,130.7107399816037,949.8277740216689,4.525393549819426,2.0715644800104545,1.6921875,70.34445195666211,59.404478546687535,15.552006029863573,1
18,21,875.8165256606528,130.68463039875562,949.8040338414434,4.539289301321306,2.019857786065096,1.6921875,70.37326887344129,59.89433620801501,14.890501511691188,1
18,22,875.9267400270792,130.65948801671453,949.777582393501,4.553207646720825,2.0533927965486263,1.6921875,70.40439564818003,59.32883901396917,15.731342528038816,1
18,23,876.0493749452902,130.63546511196517,949.7481500131304,4.567150833223914,2.0917420105941176,1.6921875,70.43799997716461,59.75310079367951,15.169225683507555,1
18,24,876.1856468294392,130.61272526341895,949.7154447609346,4.581121293658878,2.062480256512039,1.6921875,70.47425873177566,59.46755456383776,15.61804886778492,1
18,25,876.336869612378,130.59144419048172,949.6791512930292,4.595121655891423,2.0653132089188135,1.6921875,70.51335793115317,59.16090299054761,16.099722483348053,1
18,26,876.5044591292686,130.57181054659216,949.6389298089755,4.609154751591871,2.05259336494628,1.6921875,70.55549260157612,59.40876438580662,15.798526528210358,1
18,27,876.689937036144,130.55402665431953,949.5944151113255,4.623223624072288,2.0443218551078277,1.6921875,70.60086650174007,58.9551132365631,16.495198773360585,1
18,28,876.8949340995861,130.53830916431323,949.5452158160994,4.637331534865838,2.0415348989692226,1.6921875,70.64969169128663,58.96258620214243,16.54233048915852,1
18,29,877.1211926698812,130.5248896165651,949.4909137592285,4.651481968673096,2.048144958412841,1.6921875,70.70218791830553,58.74828212706306,16.907405758156855,1
18,30,877.3705681256639,130.51401487859548,949.4310636498407,4.665678636251328,2.053678277205547,1.6921875,70.75858180021244,58.81748717324963,16.875825268344986,1
18,31,877.645029053974,130.5059474313676,949.3651930270462,4.679925474774615,2.038788045795536,1.6921875,70.81910577155325,59.46822840895308,16.027987417993653,1
18,32,877.9466559069019,130.5009654700705,949.2928025823435,4.694226645147137,2.0626804412256465,1.6921875,70.88399677207059,59.562045619233864,15.972506727072352,1
18,33,878.277637855907,130.4993627835395,949.2133669145824,4.708586525711814,2.0532521852848737,1.6921875,70.9534946489911,59.04360108486338,16.78549255825423,1
18,34,878.6402675491527,130.50144837319615,949.1263357882034,4.723009701764972,2.066469674092731,1.6921875,71.02784024917251,59.09017186571853,16.80702713411458,1
18,35,879.0369334677425,130.50754577023042,949.0311359677418,4.737500950268818,2.0687490234044827,1.6921875,71.10727317972368,59.64110312034651,16.125171936204637,1
18,36,879.4701095758294,130.5179920086015,948.9271737018009,4.752065219151659,2.074035537290187,1.6921875,71.19202922022117,59.49929864037831,16.424213086655058,1
18,37,879.9423419697117,130.5331362116285,948.8138379272692,4.7667076006060904,1.6304822248511757,1.6921875,71.2823373759252,58.78716478033288,17.529128611055363,1
18,38,880.456232254862,130.55333775183354,948.6905042588331,4.781433297843058,1.6232259203039376,1.6921875,71.37841656964936,58.719447551788654,17.73500958165468,1
18,39,881.0144174200374,130.57896394766516,948.556539819191,4.796247584840074,1.6656975653341275,1.6921875,71.48047198031689,59.60958100864391,16.60718045474265,1
18,40,881.6195460367048,130.61038726712493,948.4113089511909,4.811155758740076,1.657931505500533,1.6921875,71.58869104880915,59.32191974169285,17.13506858052876,1
18,41,882.2742506920808,130.64798201748144,948.2541798339006,4.826163084717495,1.6880766957246465,1.6921875,71.70323918643845,59.379198271886416,17.187565100800825,1
18,42,882.9811166665281,130.69212051242394,948.0845320000333,4.841274733333056,1.651275843158274,1.6921875,71.82425523806356,59.42175920245293,17.267837994981218,1
18,43,883.7426469912449,130.74316872331866,947.9017647221012,4.856495710649156,1.6400913456661272,1.6921875,71.9518467701384,59.67779596153577,17.058701561634734,1
18,44,884.5612241691103,130.80148143964394,947.7053061994135,4.871830781671554,1.6341875732113056,1.6921875,72.08608527326045,59.33956495839995,17.682358899837062,1
18,45,885.4390690074363,130.86739698493795,947.4946234382153,4.887284388014873,1.6604868947035831,1.6921875,72.22700138825309,59.492258911153655,17.631553618908224,1
18,46,886.3781971914786,130.94123155818306,947.2692326740452,4.902860561049624,1.6495271475568998,1.6921875,72.37458028343903,59.60611378647047,17.642197643100218,1
18,47,887.3803744148735,131.02327329565793,947.0287101404303,4.91856283216308,1.646626481030863,1.6921875,72.5287573272933,59.58506808038336,17.846285699478138,1
18,48,888.4470710684998,131.11377617380268,946.77270294356,4.934394142136999,1.6340457319404142,1.6921875,72.68941421369995,59.617184753722746,17.983676992561932,1
18,49,889.579417661394,131.21295389815413,946.5009397612655,4.950356751989455,1.6637241091926251,1.6921875,72.85637570508943,60.02987759296943,17.60518278323307,1
18,50,890.7781622934683,131.3209739452683,946.2132410495676,4.96645215792027,1.6652285234712694,1.6921875,73.02940716034593,60.38401723244815,17.315476627289488,1
18,51,892.0436316063073,131.43795194195388,945.9095284144862,4.9826810132126145,1.6376592204526828,1.6921875,73.20821300824608,60.42116371089091,17.466686826401364,1
18,52,893.3756966918515,131.5639465772541,945.5898327939556,4.9990430600503695,1.6465750925567275,1.6921875,73.39243631234183,60.224018084475944,17.94247321593745,1
18,53,894.7737454273929,131.69895524572823,945.2543010974257,5.015537074188119,1.6719048489286117,1.6921875,73.58165954911269,60.57123194696257,17.681617514302186,1
18,54,896.2366626198957,131.84291061430028,944.903200971225,5.032160825239791,1.6398090218941215,1.6921875,73.77540668798146,60.64461950613953,17.798325717641934,1
18,55,897.7628191783157,131.99567828834404,944.5369233972043,5.048911055023298,1.6215432539520043,1.6921875,73.97314662021509,60.68133849576911,17.96842331540571,1
18,56,899.3500712896983,132.1570557255178,944.1559828904724,5.06578347591273,1.6168656759782325,1.6921875,74.17429793537686,60.4369152606484,18.520408088927148,1
18,57,900.9957702599057,132.3267725086657,943.7610151376226,5.082772790519812,1.6585503009607785,1.6921875,74.37823499114202,60.09819543832384,19.199218097228098,1
18,58,902.6967833056517,132.5044920432356,943.3527720066436,5.09987273327797,1.6829077441768912,1.6921875,74.584295167832,61.30740042247393,17.80119355620639,1
18,59,904.4495251698002,132.68981469229138,942.932113959248,5.117076133672934,1.6100868445456014,1.6921875,74.79178714627257,61.86097385921257,17.289081836981396,1
18,60,906.25,132.88228230618023,942.5,5.134375,1.7003395848451164,1.6921875,75.0,61.30612417017916,18.258501106427786,1
18,61,908.0938525080597,133.08138404759333,942.0574753980657,5.1517606216827865,1.6283277257013913,1.6921875,75.20821285372743,61.9588709099895,17.61688177527446,1
18,62,909.976427041085,133.28656335967162,941.6056575101396,5.169223687415504,1.639981704246591,1.6921875,75.415704832168,61.66423506326011,18.234225615885656,1
18,63,911.8928328706304,133.49722587839102,941.1457201110487,5.186754415741261,1.6712033016738514,1.6921875,75.62176500885798,61.75137940910307,18.34179035378266,1
18,64,913.8380137641543,133.71274805371027,940.678876696603,5.204342694194976,1.6420364219890629,1.6921875,75.82570206462314,61.5514200982122,18.82512337867384,1
18,65,915.8068197589603,133.93248621916692,940.2063632578495,5.221978222851254,1.6342466450806359,1.6921875,76.02685337978491,62.009807491806235,18.43696702526653,1
18,66,917.7940790201275,134.15578583813002,939.7294210351694,5.239650658040255,1.6220862432147027,1.6921875,76.22459331201854,61.89673563821928,18.796896186968763,1
18,67,919.7946677301511,134.3819906571013,939.2492797447637,5.257349752126968,1.647529533328276,1.6921875,76.41834045088731,61.87062505729418,19.036942320073923,1
18,68,921.803576120912,134.61045151161588,938.7671417309812,5.2750654855751575,1.6292742466829695,1.6921875,76.60756368765817,63.159226713346555,17.554842272680453,1
18,69,923.8159690032313,134.84053455682863,938.2841674392245,5.292788188006463,1.6399481340525948,1.6921875,76.79178699175392,62.60854302323174,18.469740741995253,1
18,70,925.827239455811,135.0716287304663,937.8014625306054,5.310508645578288,1.6398585903050993,1.6921875,76.97059283965407,62.814893072289856,18.39104941916391,1
18,71,927.8330546811093,135.30315229769462,937.3200668765338,5.328218192695552,1.6583548843921638,1.6921875,77.14362429491055,63.24656700405723,18.01452474896251,1
18,72,929.8293933972504,135.53455837262675,936.84094558466,5.345908786794501,1.6390423387341058,1.6921875,77.31058578630005,63.18006542137177,18.277600953622965,1
18,73,931.8125744903738,135.7653393567923,936.3649821223103,5.363573065647414,1.6731129693551974,1.6921875,77.4712426727067,62.98202340471704,18.70270666652704,1
18,74,933.7792769818242,135.9950302783142,935.8929735243622,5.3812043872969815,1.6457058666644218,1.6921875,77.62541971656097,63.616209438116584,18.047194243325418,1
18,75,935.7265516542727,136.22321105468913,935.4256276029745,5.3987968533085455,1.6313238497934137,1.6921875,77.77299861174691,63.69059202048343,18.10706394588785,1
18,76,937.6518249200215,136.44950773539924,934.9635620191949,5.4163453165067095,1.6286239777793585,1.6921875,77.91391472673955,64.0734660987018,17.763770023081378,1
18,77,939.5528956978483,136.67359280715957,934.5073050325165,5.43384537472903,1.6200933738853085,1.6921875,78.0481532298616,64.35168479930906,17.548741211357974,1
18,78,941.4279261907336,136.89518466406184,934.057297714224,5.451293352381468,1.645391403853605,1.6921875,78.17574476193644,64.07430018548723,18.038132696262032,1
18,79,943.275427528267,137.11404635735008,933.6138973932159,5.4686862717232,1.6267635650023107,1.6921875,78.29676081356155,64.65635637654223,17.4214160270302,1
18,80,945.0942412599237,137.32998374558613,933.1773820976183,5.486021815853181,1.6338202643147168,1.6921875,78.41130895119085,64.15374194690006,18.18304935218692,1
18,81,946.8835176660763,137.54284316635577,932.7479557601417,5.503298285332153,1.6678867733755585,1.6921875,78.51952801968311,64.40867406283623,17.97113955309258,1
18,82,948.6426918009117,137.75250874641162,932.3257539677812,5.520514550268491,1.6449678607125064,1.6921875,78.62158343035064,65.05369822223732,17.257201669224653,1
18,83,950.3714581039801,137.95889945930412,931.9108500550448,5.5376699995412935,1.6500166590510152,1.6921875,78.7176626240748,65.47537623860319,16.822509642736307,1
18,84,952.0697443230647,138.16196602915005,931.5032613624645,5.554764488646129,2.0301584996296427,1.6921875,78.80797077977883,65.33869110511631,17.091265694812904,1
18,85,953.7376853878633,138.3616877671916,931.1029555069128,5.571798287442394,2.0441939441900425,1.6921875,78.89272682027632,65.7386439756841,16.6733783642163,1
18,86,955.3755977678295,138.5580694150371,930.7098565357209,5.588772028868993,2.0726299695521577,1.6921875,78.97215975082749,65.73391832881042,16.76317510346215,1
18,87,956.9839547435181,138.75113805564172,930.3238508615557,5.605686659487036,2.0441042303881902,1.6921875,79.0465053510089,65.37857010053779,17.29100507325169,1
18,88,958.5633629226863,138.94094014071942,929.9447928985553,5.622543392512039,2.0491051307913297,1.6921875,79.11600322792941,65.7645218276915,16.875828979597134,1
18,89,960.1145402428917,139.12753867177068,929.572510341706,5.639343663819117,2.0592262332073714,1.6921875,79.18089422844675,65.97468982782003,16.678523941047157,1
18,90,961.6382956230084,139.31101056152468,929.206809050478,5.656089091246017,2.0420447459079947,1.6921875,79.24141819978756,65.77346104523163,16.996108172369937,1
18,91,963.1355103577289,139.49144419347633,928.8474775141451,5.672781437382124,2.010628465320145,1.6921875,79.29781208169447,66.87026990752562,15.671986209866299,1
18,92,964.6071212918364,139.668937189406,928.4942908899593,5.689422575917006,2.0494511851867014,1.6921875,79.35030830871335,66.58784540726494,16.083696678021585,1
18,93,966.0541057643931,139.84359438828494,928.1470146165457,5.706014461528786,2.028611607731741,1.6921875,79.39913349825993,66.8340677236578,15.825192569485033,1
18,94,967.4774682762338,140.01552603472453,927.8054076137039,5.722559103219134,2.060760304913483,1.6921875,79.44450739842388,66.47604365204498,16.323927444524863,1
18,95,968.8782288062968,140.18484617102135,927.4692250864888,5.739058540945927,2.0256673982784883,1.6921875,79.48664206884683,66.58676760353235,16.228984052617722,1
18,96,970.2574126822434,140.35167122375788,927.1382209562616,5.755514825364487,2.046291854021254,1.6921875,79.52574126822434,66.98925450993552,15.76406149551724,1
18,97,971.6160418973993,140.51611877370675,926.8121499446241,5.771930000461465,2.047625387160169,1.6921875,79.56200002283539,67.44425603534933,15.230567336175692,1
18,98,972.9551277581622,140.67830649632546,926.4907693380411,5.788306088849658,2.032558369993475,1.6921875,79.59560435181997,66.8294651003116,16.038749068454653,1
18,99,974.2756647426366,140.8383512592835,926.1738404617672,5.804645079485273,2.0468594874324326,1.6921875,79.62673112655871,66.77037256760046,16.145782172728346,1
18,100,975.5786254514363,140.99636836312393,925.8611298916553,5.82094891756954,2.0607722569656084,1.6921875,79.65554804333789,67.42880273343232,15.349521295432439,1
18,101,976.8649565344975,141.15247091121475,925.5524104317205,5.837219496402328,2.040096746177197,1.6921875,79.68221369040769,67.3734621730133,15.447301157091411,1
18,102,978.1355754826684,141.30676929550052,925.2474618841595,5.853458650965337,2.0650574226378207,1.6921875,79.70687769248644,67.8823396476756,14.835028528442143,1
18,103,979.3913681791644,141.4593707851431,924.9460716370006,5.869668153024995,2.0419300698271288,1.6921875,79.72968091766968,67.88413912085583,14.85712931555034,1
18,104,980.6331871132293,141.61037920587273,924.648035092825,5.885849707559792,2.0641249162322026,1.6921875,79.75075573352886,67.93012349560435,14.821968932082328,1
18,105,981.8618501660909,141.75989469870208,924.3531559601382,5.902004950332182,2.0427482066028215,1.6921875,79.77022630089974,68.03076910397955,14.716590062861304,1
18,106,983.0781398872531,141.90801354754635,924.0612464270592,5.918135446441172,2.0260757741368085,1.6921875,79.78820889544933,68.02748457040404,14.739927725982646,1
18,107,984.2828031870746,142.05482806619855,923.7721272351021,5.934242689707483,2.042194981882871,1.6921875,79.80481224855997,68.00423958452201,14.786793341839974,1
18,108,985.4765513792646,142.2004265360149,923.4856276689765,5.9503281027585295,2.0123270867581273,1.6921875,79.82013790037908,67.89031417003838,14.945882134693786,1
18,109,986.6600605142432,142.3448931865402,923.2015854765816,5.966393037695154,2.0371396105128885,1.6921875,79.83428055905262,68.58743709284272,14.087736981472162,1
18,110,987.8339719512071,142.48830821214077,922.9198467317103,5.982438777235748,2.0525739768034756,1.6921875,79.84732846119626,68.71290316952317,13.944643491840965,1
18,111,988.9988931231248,142.63074781850122,922.64026565045,5.99846653624625,2.0717157746433985,1.6921875,79.85936372956755,68.64413159287494,14.043728390663624,1
18,112,990.1553984547522,142.77228429357163,922.3627043708594,6.014477463576171,2.049663375209002,1.6921875,79.87046272469304,68.33416723779908,14.443756920075234,1
18,113,991.3040303991017,142.91298609822638,922.0870327042155,6.030472644131537,2.086590932286862,1.6921875,79.88069638788829,68.32801170105392,14.46242360073618,1
18,114,992.445300562617,143.0529179725104,921.8131278649719,6.046453101125234,2.049232188759566,1.6921875,79.89013057369407,69.0705064331105,13.54312987460083,1
18,115,993.5796908936227,143.19214105390378,921.5408741855306,6.062419798453912,2.0637922585460227,1.6921875,79.89882637025025,68.58244824162892,14.163384673738957,1
18,116,994.7076549124712,143.33071300453673,921.2701628210069,6.078373643158276,2.0384594469380444,1.6921875,79.90684040654934,68.76519153504351,13.943297989032525,1
18,117,995.8296189652038,143.46868814473208,921.000891448351,6.094315487930408,2.0072488224040756,1.6921875,79.91422514586289,69.11472126889976,13.513869223222036,1
18,118,996.9459834855464,143.6061175906499,920.7329639634688,6.11024613363776,2.0325051990705965,1.6921875,79.92102916492581,69.64276468640739,12.860525678802379,1
18,119,998.0571242526735,143.74304939415828,920.4662901793583,6.1261663318386805,2.0591609957591697,1.6921875,79.92729741870306,69.31976606868294,13.271475068714075,1
19,0,750.0,112.5,1000.0,4.0,1.9469755872839922,1.875,60.06692850924285,48.3966604554879,19.42877444109562,1
19,1,750.0075731855518,112.48602415730221,999.9981824354676,4.01168181303777,1.9579083017137686,1.875,60.07270258129694,48.525138775909774,19.222647407547115,1
19,2,750.0164522573072,112.46797486082025,999.9960514582463,4.023366237847948,1.894707271126565,1.875,60.07897083507419,48.42692683406071,19.394546609328735,1
19,3,750.0268046419178,112.4480508693007,999.9935668859397,4.035053609283835,1.9447516261785802,1.875,60.08577485413712,48.14629361876406,19.870728578198545,1
19,4,750.0388164972711,112.42685674330417,999.990684040655,4.046744299661209,1.9686151803261547,1.875,60.093159593450665,48.81779763213595,18.763137165021984,1
19,5,750.052694598828,112.40471647192854,999.9873532962813,4.0584387225309895,1.9665101096437414,1.875,60.10117362974976,48.22152266332252,19.766088162622633,1
19,6,750.0686683914412,112.38184335862755,999.9835195860541,4.070137336782882,1.931209933760135,1.875,60.109869426305934,47.4481508929033,21.06429219402276,1
19,7,750.0869922171648,112.35839562520184,999.9791218678805,4.081840651100996,1.9563803666945403,1.875,60.1193036121117,48.54521467036405,19.25186794648088,1
19,8,750.1079477294224,112.33450071391238,999.9740925449386,4.093549228792178,1.9506927765609525,1.875,60.12953727530696,48.64862669704134,19.093628686513142,1
19,9,750.1318465035304,112.31026785356383,999.9683568391526,4.1052636930070605,1.9263262420462632,1.875,60.14063627043245,48.29939773565383,19.689247186432336,1
19,10,750.1590328529205,112.28579535982458,999.9618321152991,4.116984732372508,1.9477240275711554,1.875,60.152671538803745,48.33685697076579,19.643042055772572,1
19,11,750.1898868594188,112.26117527569042,999.9544271537395,4.128713107052171,1.9760886800219912,1.875,60.165719440947385,48.36340066323783,19.61635111717316,1
19,12,750.2248276245261,112.23649655127882,999.9460413701137,4.140449655249053,1.9468341977474626,1.875,60.17986209962091,48.09301471521067,20.084538187212594,1
19,13,750.2643167467418,112.21184737126443,999.936563980782,4.15219530016015,1.9793016361913425,1.875,60.19518775144004,47.97354584755654,20.30335374041777,1
19,14,750.3088620274698,112.18731696244272,999.9258731134073,4.163951057388273,1.941670058105965,1.875,60.21179110455068,48.88426098134885,18.812810440288853,1
19,15,750.3590214048442,112.16299707413079,999.9138348628373,4.175718042809688,1.9620949127243439,1.875,60.22977369910026,48.39006067676226,19.657575141304015,1
19,16,750.4154071107853,112.13898324838473,999.9003022934115,4.187497480888237,1.9531638878734388,1.875,60.24924426647114,48.10920802025611,20.14969049656775,1
19,17,750.4786900416266,112.11537595357709,999.8851143900096,4.199290713416587,1.9513595018657628,1.875,60.27031908233032,48.29137880476639,19.875355664204275,1
19,18,750.549604326588,112.09228162864832,999.8680949616189,4.2110992086531756,1.9563226187520133,1.875,60.29312230751356,47.953659483787774,20.46578838758874,1
19,19,750.628952071068,112.06981366869807,999.8490515029437,4.222924570808803,1.9606870869182995,1.875,60.3177863095923,48.71985656252848,19.228042765918634,1
19,20,750.717608243046,112.04809337145014,999.8277740216689,4.234768549819425,1.9486535842605017,1.875,60.34445195666211,48.60590041735611,19.4525779233795,1
19,21,750.8165256606528,112.02725085624466,999.8040338414434,4.2466330513213055,1.9589369722598047,1.875,60.3732688734413,48.24496173747172,20.088869399127272,1
19,22,750.9267400270793,112.00742596126419,999.777582393501,4.258520146720825,1.931559533033771,1.875,60.404395648180035,48.13798398213189,20.30715072044219,1
19,23,751.0493749452902,111.98876911989505,999.7481500131304,4.2704320832239135,1.9585878981460074,1.875,60.43799997716461,48.427313819633035,19.87273927342002,1
19,24,751.1856468294392,111.9714422129706,999.7154447609346,4.282371293658878,1.9782319072005472,1.875,60.47425873177567,48.70717295595052,19.45800746068879,1
19,25,751.336869612378,111.95561938982719,999.6791512930292,4.294340405891423,1.9685057464254592,1.875,60.513357931153166,48.552196814275625,19.766150030024626,1
19,26,751.5044591292686,111.94148784743068,999.6389298089755,4.306342251591871,1.9334860677764798,1.875,60.55549260157612,48.555206990099606,19.817006015345623,1
19,27,751.689937036144,111.92924855318,999.5944151113255,4.318379874072288,1.9540071100634777,1.875,60.60086650174008,48.14617520413137,20.55200200355401,1
19,28,751.8949340995861,111.91911689330155,999.5452158160994,4.330456534865839,1.9769290319340873,1.875,60.64969169128664,48.85182130954923,19.4524820369901,1
19,29,752.1211926698812,111.91132322499544,999.4909137592285,4.342575718673096,1.929847063874572,1.875,60.702187918305526,48.308806391720985,20.41669658310151,1
19,30,752.3705681256638,111.90611330670583,999.4310636498407,4.354741136251327,1.9417310423741037,1.875,60.75858180021243,48.71098933345338,19.828626853691528,1
19,31,752.645029053974,111.90374857712649,999.3651930270462,4.366956724774615,1.962624550371993,1.875,60.819105771553254,48.578304296200585,20.126572596004895,1
19,32,752.9466559069019,111.90450624992543,999.2928025823435,4.3792266451471376,1.9582071923708957,1.875,60.88399677207058,48.197397810616685,20.83732940356774,1
19,33,753.277637855907,111.90867918782936,999.2133669145824,4.391555275711814,1.9603572723900822,1.875,60.9534946489911,48.579549230576795,20.300633277339276,1
19,34,753.6402675491527,111.91657551684446,999.1263357882034,4.403947201764972,1.9391491831117413,1.875,61.02784024917252,48.15984202637332,21.085455703921426,1
19,35,754.0369334677426,111.92851793924896,999.0311359677418,4.416407200268819,1.9532692698866403,1.875,61.107273179723684,48.76723914156455,20.194051208709052,1
19,36,754.4701095758294,111.94484270286075,998.9271737018009,4.4289402191516585,1.9186804107287814,1.875,61.19202922022117,48.66998675068604,20.463518907781484,1
19,37,754.9423419697117,111.96589818429024,998.8138379272692,4.44155135060609,1.955174841799883,1.875,61.282337375925195,48.562217708644084,20.756583726974842,1
19,38,755.456232254862,111.99204304578988,998.6905042588331,4.454245797843058,1.9603268108108167,1.875,61.37841656964936,48.73074280120362,20.60606068925508,1
19,39,756.0144174200374,112.0236439292839,998.556539819191,4.467028834840074,1.9583934668696406,1.875,61.48047198031689,48.970482602397595,20.347907189008563,1
19,40,756.6195460367048,112.06107265756499,998.4113089511909,4.479905758740077,1.9634261848859236,1.875,61.58869104880915,49.16397308643058,20.173700318670456,1
19,41,757.274250692081,112.10470292180959,998.2541798339006,4.492881834717495,1.9594965505386048,1.875,61.70323918643846,48.76103937256921,20.974911503047593,1
19,42,757.9811166665281,112.1549064467374,998.0845320000333,4.505962233333056,1.9397742458678493,1.875,61.824255238063564,48.62162016813461,21.35510572523717,1
19,43,758.7426469912449,112.21204864005455,997.9017647221012,4.519151960649157,1.9557536396251713,1.875,61.9518467701384,49.406088564437404,20.2508219847745,1
19,44,759.5612241691103,112.27648375123593,997.7053061994135,4.532455781671554,1.9455609946431702,1.875,62.08608527326045,49.19696253573839,20.760082844316827,1
19,45,760.4390690074363,112.34854958596381,997.4946234382153,4.5458781380148725,1.93768444667261,1.875,62.227001388253086,49.179169154419796,20.968119855919003,1
19,46,761.3781971914786,112.42856184613035,997.2692326740452,4.559423061049624,1.977916989324402,1.875,62.37458028343902,49.42830149898501,20.755696832947446,1
19,47,762.3803744148735,112.51680819042261,997.0287101404303,4.57309408216308,1.92131380610013,1.875,62.528757327293306,49.42256789389668,20.960258917021342,1
19,48,763.4470710684998,112.61354213602326,996.77270294356,4.586894142137,1.9650545623387843,1.875,62.689414213699955,49.417430283761924,21.171012835908126,1
19,49,764.579417661394,112.71897694647356,996.5009397612654,4.600825501989455,1.96608048901696,1.875,62.85637570508944,49.2000949321901,21.726166390776495,1
19,50,765.7781622934683,112.83327967260746,996.2132410495676,4.61488965792027,1.9539953098589948,1.875,63.029407160345926,49.862442170746355,20.89019329676225,1
19,51,767.0436316063073,112.95656553087153,995.9095284144863,4.6290872632126145,1.9731290364322405,1.875,63.20821300824607,49.80302785256001,21.20797997237675,1
19,52,768.3756966918515,113.08889281446145,995.5898327939556,4.64341806005037,1.9350701422928955,1.875,63.39243631234183,49.394949843618335,22.080688616787448,1
19,53,769.7737454273929,113.23025853582064,995.2543010974257,4.657880824188119,1.9550209202517803,1.875,63.581659549112686,49.88117202327798,21.547860850111924,1
19,54,771.2366626198957,113.38059499276156,994.903200971225,4.672473325239792,1.9507226113173681,1.875,63.77540668798145,49.690851220616594,22.084618819089567,1
19,55,772.7628191783156,113.53976743387534,994.5369233972043,4.687192305023298,1.961469268270721,1.875,63.97314662021508,50.08750372764382,21.705424269663006,1
19,56,774.3500712896983,113.70757297173736,994.1559828904724,4.70203347591273,1.9585265330939226,1.875,64.17429793537686,50.3483353951566,21.544392358047947,1
19,57,775.9957702599057,113.88374085522251,993.7610151376226,4.716991540519811,1.947257051009353,1.875,64.37823499114202,50.137315827322496,22.120704560755623,1
19,58,777.6967833056517,114.06793416637608,993.3527720066436,4.73206023327797,1.9748813532290856,1.875,64.584295167832,50.20571395318091,22.26327805743824,1
19,59,779.4495251698002,114.25975295491482,992.932113959248,4.747232383672934,1.943346562773673,1.875,64.79178714627257,50.908814325055666,21.427056472257814,1
19,60,781.25,114.45873876741628,992.5,4.7625,1.9417895617427199,1.875,65.0,50.6422342656219,22.088870360581687,1
19,61,783.0938525080597,114.66438047193161,992.0574753980657,4.777854371682786,1.9444906493806526,1.875,65.20821285372743,50.276901652192876,22.8978997400648,1
19,62,784.976427041085,114.8761212256715,991.6056575101396,4.793286187415504,1.9502638937228172,1.875,65.415704832168,50.65421053011944,22.565673395893203,1
19,63,786.8928328706304,115.09336638699735,991.1457201110487,4.808785665741261,1.9578216554157843,1.875,65.62176500885798,51.43870940812332,21.61334063297467,1
19,64,788.8380137641543,115.31549213619894,990.678876696603,4.824342694194975,1.9084465720994401,1.875,65.82570206462314,51.091309400377064,22.38395064860967,1
19,65,790.8068197589603,115.54185454474211,990.2063632578495,4.839946972851254,1.9617765114222128,1.875,66.02685337978491,50.74882215245997,23.139117563949416,1
19,66,792.7940790201275,115.77179882119363,989.7294210351694,4.855588158040255,1.9794553539713577,1.875,66.22459331201854,51.6812440881169,21.96064708979088,1
19,67,794.7946677301511,116.0046684642135,989.2492797447637,4.871256002126969,1.9743943032015512,1.875,66.41834045088731,51.544496740192635,22.394181501257265,1
19,68,796.803576120912,116.23981406816422,988.7671417309812,4.886940485575157,1.9438636313573894,1.875,66.60756368765817,51.79220182801245,22.242761991895048,1
19,69,798.8159690032313,116.47660155342224,988.2841674392245,4.902631938006462,1.995494227713944,1.875,66.79178699175392,52.42885523388664,21.50403875201082,1
19,70,800.827239455811,116.71441962907004,987.8014625306054,4.918321145578289,1.9553770007530882,1.875,66.97059283965407,52.22935037109271,22.01151556752071,1
19,71,802.8330546811093,116.95268633751758,987.3200668765338,4.933999442695552,1.9654281229946118,1.875,67.14362429491055,53.02997344938754,21.020090877925423,1
19,72,804.8293933972504,117.1908545757781,986.84094558466,4.949658786794501,1.9603844426240542,1.875,67.31058578630005,52.473127380361845,22.04327630284585,1
19,73,806.8125744903738,117.42841653371687,986.3649821223103,4.965291815647414,1.9459580788306134,1.875,67.4712426727067,52.66829131860097,21.93964534774128,1
19,74,808.7792769818242,117.66490703301935,985.8929735243622,4.980891887296981,1.940989610395889,1.875,67.62541971656097,52.89158446602371,21.78742152328417,1
19,75,810.7265516542727,117.89990578977337,985.4256276029745,4.9964531033085455,1.9240781141670824,1.875,67.77299861174691,52.79866170043959,22.094841925308973,1
19,76,812.6518249200215,118.13303865689302,984.9635620191949,5.0119703165067095,1.9674227038574599,1.875,67.91391472673955,53.1682791513463,21.712245030674833,1
19,77,814.5528956978483,118.36397792918733,984.5073050325165,5.02743912472903,1.94347755436188,1.875,68.0481532298616,53.11313156963518,21.94772517892885,1
19,78,816.4279261907336,118.59244181333445,984.057297714224,5.042855852381467,1.9734367404967574,1.875,68.17574476193644,52.98609256760295,22.280141195925893,1
19,79,818.275427528267,118.81819317749562,983.6138973932159,5.058217521723201,1.9286381738046865,1.875,68.29676081356155,53.17502609770201,22.141218025170012,1
19,80,820.0942412599237,119.041037701327,983.1773820976183,5.07352181585318,1.9525164894775804,1.875,68.41130895119085,53.20448109696238,22.228529299268374,1
19,81,821.8835176660763,119.26082154753949,982.7479557601417,5.088767035332152,1.9717900786182327,1.875,68.51952801968311,53.48598831683843,21.940518473107552,1
19,82,823.6426918009117,119.47742867190209,982.3257539677812,5.10395205026849,1.9572171579177757,1.875,68.62158343035064,53.71207268605594,21.72714472470242,1
19,83,825.3714581039801,119.69077788073972,981.9108500550448,5.119076249541293,1.9514201051461186,1.875,68.7176626240748,53.53212322546689,22.098451575225372,1
19,84,827.0697443230647,119.90081973457484,981.5032613624645,5.134139488646129,1.9727563716671124,1.875,68.80797077977883,53.87149849724861,21.707473877313824,1
19,85,828.7376853878633,120.10753338456543,981.1029555069128,5.1491420374423935,1.9314057123420392,1.875,68.89272682027632,54.96810847413655,20.212029613032414,1
19,86,830.3755977678295,120.31092341562987,980.7098565357209,5.164084528868992,1.9638161929820652,1.875,68.97215975082749,54.694402669718535,20.700753945779777,1
19,87,831.9839547435181,120.5110167573169,980.3238508615557,5.178967909487036,1.961907874690151,1.875,69.0465053510089,54.39158656584135,21.22470747891865,1
19,88,833.5633629226863,120.7078597111119,979.9447928985553,5.193793392512039,1.926593049613813,1.875,69.11600322792941,54.53048972801617,21.102946956891326,1
19,89,835.1145402428917,120.90151513136335,979.572510341706,5.208562413819116,1.9331668598724019,1.875,69.18089422844675,54.46894469133113,21.26591409549337,1
19,90,836.6382956230084,121.09205978662806,979.206809050478,5.223276591246017,1.9210663001835193,1.875,69.24141819978756,54.88601059892976,20.73239973138194,1
19,91,838.1355103577289,121.27958191911537,978.8474775141451,5.237937687382124,1.98419828971343,1.875,69.29781208169447,55.18463120848522,20.36598335394972,1
19,92,839.6071212918364,121.46417901211805,978.4942908899593,5.252547575917006,1.950614239005879,1.875,69.35030830871335,55.09128360175069,20.56086707428685,1
19,93,841.0541057643931,121.64595576883242,978.1470146165457,5.267108211528786,1.8917745005150413,1.875,69.39913349825993,55.0405514236763,20.68985785671755,1
19,94,842.4774682762338,121.82502230072569,977.8054076137039,5.2816216032191345,1.9241965288585063,1.875,69.44450739842388,55.34354198191307,20.305371792198567,1
19,95,843.8782288062968,122.0014925195029,977.4692250864888,5.296089790945927,1.9475305269895484,1.875,69.48664206884683,55.169007357651516,20.60487351944495,1
19,96,845.2574126822434,122.17548272363189,977.1382209562616,5.3105148253644865,1.9549679808526852,1.875,69.52574126822434,55.57305602931835,20.068373216011786,1
19,97,846.6160418973993,122.34711036817563,976.8121499446241,5.3248987504614655,1.9831025275520417,1.875,69.56200002283539,55.87531463301531,19.675520234218542,1
19,98,847.9551277581622,122.51649300521717,976.4907693380411,5.339243588849658,1.9570695025636506,1.875,69.59560435181997,55.46767893258359,20.30002548410506,1
19,99,849.2756647426366,122.68374738132002,976.1738404617672,5.353551329485273,1.9312612643807634,1.875,69.62673112655871,56.01294617991992,19.552526344936922,1
19,100,850.5786254514363,122.8489886781256,975.8611298916553,5.367823917569539,1.9487286593141047,1.875,69.65554804333789,56.022787721402196,19.571679076379873,1
19,101,851.8649565344975,123.01232988224264,975.5524104317205,5.382063246402328,1.9722900572463444,1.875,69.68221369040769,55.6123758286397,20.191433533209953,1
19,102,853.1355754826684,123.17388127093959,975.2474618841595,5.396271150965337,1.980670754463493,1.875,69.70687769248644,56.46217344962411,19.000570218180854,1
19,103,854.3913681791644,123.33375000072796,974.9460716370006,5.4104494030249946,1.9116412423231604,1.875,69.72968091766968,56.91931293045577,18.371470826518202,1
19,104,855.6331871132293,123.49203978665818,974.648035092825,5.424599707559792,1.9591575731445423,1.875,69.75075573352886,56.20406366454454,19.42157031349911,1
19,105,856.8618501660909,123.64885066098081,974.3531559601382,5.438723700332182,1.9631112912350117,1.875,69.77022630089974,56.15281113646169,19.5175161188526,1
19,106,858.0781398872531,123.80427880071515,974.0612464270592,5.452822946441173,1.9636526138267842,1.875,69.78820889544933,56.30280048140484,19.323333593855615,1
19,107,859.2828031870746,123.95841641457545,973.7721272351021,5.466898939707483,1.9931372374723253,1.875,69.80481224855997,56.67598376815421,18.807913176038372,1
19,108,860.4765513792646,124.11135168060858,973.4856276689765,5.480953102758529,1.9657265078043697,1.875,69.82013790037908,56.49292965659471,19.087914525175997,1
19,109,861.6600605142432,124.26316872677333,973.2015854765816,5.494986787695153,1.9690599672407803,1.875,69.83428055905262,56.81962457274425,18.636486095540185,1
19,110,862.8339719512071,124.41394764752935,972.9198467317103,5.509001277235747,1.9244930125964743,1.875,69.84732846119626,56.807405971055054,18.669178589107442,1
19,111,863.9988931231248,124.56376455029098,972.64026565045,5.52299778624625,1.9913522681401639,1.875,69.85936372956755,57.28085820684603,18.005468202393242,1
19,112,865.1553984547522,124.71269162633294,972.3627043708594,5.5369774635761715,1.9451505453847833,1.875,69.87046272469304,56.51549362192217,19.113898179539422,1
19,113,866.3040303991017,124.8607972414096,972.0870327042155,5.550941394131537,1.9360802231983005,1.875,69.88069638788829,56.73652243310545,18.809449009814088,1
19,114,867.445300562617,125.00814604196236,971.8131278649719,5.564890601125234,1.9158298866342431,1.875,69.89013057369407,57.46689604564119,17.775377476156628,1
19,115,868.5796908936227,125.15479907334714,971.5408741855306,5.578826048453912,1.9539777946905166,1.875,69.89882637025025,57.88873737720343,17.182103930372218,1
19,116,869.7076549124712,125.3008139070132,971.2701628210069,5.592748643158275,1.9327772087869606,1.875,69.90684040654934,57.420575909396916,17.861291433767366,1
19,117,870.8296189652038,125.44624477401085,971.000891448351,5.606659237930407,1.924846559727975,1.875,69.91422514586289,57.324049982615065,18.008030750510056,1
19,118,871.9459834855464,125.59114270260221,970.7329639634688,5.620558633637759,1.9482878475242615,1.875,69.92102916492581,57.49607620630171,17.76998008612948,1
19,119,873.0571242526735,125.73555565809949,970.4662901793583,5.63444758183868,1.9538008593752232,1.875,69.92729741870306,57.99121280025989,17.069277748535864,1
20,0,875.0,131.25,950.0,4.25,1.7979289505202667,1.6921875,70.06692850924284,59.10940825876845,15.638647909375592,1
20,1,875.0075731855518,131.23362508261698,949.9981824354676,4.26371306303777,1.8223559514418457,1.6921875,70.07270258129694,59.03251439092194,15.755333794306555,1
20,2,875.0164522573072,131.21246323453136,949.9960514582463,4.277428737847948,1.8149481831156582,1.6921875,70.07897083507419,58.83726080871839,16.041488469932517,1
20,3,875.0268046419178,131.18908506461517,949.9935668859397,4.291147359283836,1.791257013011299,1.6921875,70.08577485413711,59.71666712048394,14.794882064489428,1
20,4,875.0388164972711,131.16419435120136,949.990684040655,4.304869299661209,1.8179835746471027,1.6921875,70.09315959345066,58.579289178949935,16.42652504364571,1
20,5,875.052694598828,131.13816609941216,949.9873532962813,4.318594972530989,1.7667470899791387,1.6921875,70.10117362974975,58.75178741523511,16.190008849863474,1
20,6,875.0686683914412,131.11124534844058,949.9835195860541,4.332324836782883,1.8252777385359717,1.6921875,70.10986942630593,58.95403571440551,15.911930521603063,1
20,7,875.0869922171648,131.08361219496993,949.9791218678804,4.346059401100996,1.7569599719625726,1.6921875,70.11930361211171,58.833041427661215,16.09579902117142,1
20,8,875.1079477294224,131.05541017595476,949.9740925449386,4.359799228792178,1.8013923374048273,1.6921875,70.12953727530696,58.198755929258134,17.012491183582537,1
20,9,875.1318465035304,131.02676091267787,949.9683568391526,4.373544943007061,1.8019236914508021,1.6921875,70.14063627043245,58.62178771454557,16.422503656047695,1
20,10,875.1590328529205,130.99777258845626,949.9618321152991,4.387297232372508,1.764729440194032,1.6921875,70.15267153880374,59.379575600760035,15.356643876469848,1
20,11,875.1898868594188,130.96854530929252,949.9544271537395,4.401056857052171,1.7802883243941,1.6921875,70.16571944094738,58.71295984255697,16.32244305287747,1
20,12,875.2248276245261,130.9391747504428,949.9460413701137,4.414824655249053,1.7878287106884647,1.6921875,70.17986209962092,58.922651876001524,16.040513456181614,1
20,13,875.2643167467418,130.90975480043505,949.936563980782,4.42860155016015,1.836766580550916,1.6921875,70.19518775144003,58.60544205770389,16.51074107070592,1
20,14,875.3088620274697,130.88037959136557,949.9258731134073,4.442388557388273,1.7953042981208265,1.6921875,70.21179110455067,58.97096007819948,16.009890717091576,1
20,15,875.3590214048442,130.85114514081332,949.9138348628375,4.456186792809688,1.7840645334666083,1.6921875,70.22977369910025,58.832867436860596,16.228026465057034,1
20,16,875.4154071107853,130.8221507421889,949.9003022934115,4.469997480888237,1.8133303645447896,1.6921875,70.24924426647114,58.73095776427773,16.396313757486077,1
20,17,875.4786900416266,130.79350018961782,949.8851143900096,4.483821963416586,1.7946675182351948,1.6921875,70.27031908233032,58.81840948828067,16.296936948062417,1
20,18,875.5496043265879,130.76530289289497,949.8680949616189,4.497661708653176,1.7993642347871117,1.6921875,70.29312230751356,59.030207632463885,16.022783318369953,1
20,19,875.6289520710682,130.73767491872275,949.8490515029437,4.511518320808803,1.813171583771936,1.6921875,70.31778630959231,59.55594017992443,15.30458607198762,1
20,20,875.717608243046,130.7107399816037,949.8277740216689,4.525393549819426,1.7482708397727142,1.6921875,70.34445195666211,58.879648880703776,16.298091401752032,1
20,21,875.8165256606528,130.68463039875562,949.8040338414434,4.539289301321306,1.7741516469649545,1.6921875,70.37326887344129,58.84289656423986,16.384591043990806,1
20,22,875.9267400270792,130.65948801671453,949.777582393501,4.553207646720825,1.81905771502368,1.6921875,70.40439564818003,59.36261368942783,15.683370132071616,1
20,23,876.0493749452902,130.63546511196517,949.7481500131304,4.567150833223914,1.8263346599461665,1.6921875,70.43799997716461,59.38952595136781,15.6853886103788,1
20,24,876.1856468294392,130.61272526341895,949.7154447609346,4.581121293658878,1.79796166697739,1.6921875,70.47425873177566,59.42673459237431,15.675970685194606,1
20,25,876.336869612378,130.59144419048172,949.6791512930292,4.595121655891423,1.8333773643019153,1.6921875,70.51335793115317,59.08928459073015,16.20128962171549,1
20,26,876.5044591292686,130.57181054659216,949.6389298089755,4.609154751591871,1.8249851004411497,1.6921875,70.55549260157612,59.06675273153508,16.28326788804022,1
20,27,876.689937036144,130.55402665431953,949.5944151113255,4.623223624072288,1.829645018720816,1.6921875,70.60086650174007,59.02449864915909,16.396920358329684,1
20,28,876.8949340995861,130.53830916431323,949.5452158160994,4.637331534865838,1.7892499587759347,1.6921875,70.64969169128663,58.72114060327809,16.884080881954816,1
20,29,877.1211926698812,130.5248896165651,949.4909137592285,4.651481968673096,1.7979677877450453,1.6921875,70.70218791830553,59.107593994429266,16.39920102228449,1
20,30,877.3705681256639,130.51401487859548,949.4310636498407,4.665678636251328,1.7825233151822792,1.6921875,70.75858180021244,59.01491301460276,16.596811986379326,1
20,31,877.645029053974,130.5059474313676,949.3651930270462,4.679925474774615,1.790909382221383,1.6921875,70.81910577155325,58.79560249185035,16.977767720603616,1
20,32,877.9466559069019,130.5009654700705,949.2928025823435,4.694226645147137,1.8221580616408701,1.6921875,70.88399677207059,59.53149103383272,16.015611781517,1
20,33,878.277637855907,130.4993627835395,949.2133669145824,4.708586525711814,1.8220690219756446,1.6921875,70.9534946489911,59.1691898116038,16.60849109079768,1
20,34,878.6402675491527,130.50144837319615,949.1263357882034,4.723009701764972,1.800992712301961,1.6921875,71.02784024917251,58.88775869891564,17.092004357260894,1
20,35,879.0369334677425,130.50754577023042,949.0311359677418,4.737500950268818,1.8097330263146252,1.6921875,71.10727317972368,59.29646840728579,16.609840659458374,1
20,36,879.4701095758294,130.5179920086015,948.9271737018009,4.752065219151659,1.858319316340312,1.6921875,71.19202922022117,59.645395827018255,16.21899743507135,1
20,37,879.9423419697117,130.5331362116285,948.8138379272692,4.7667076006060904,1.8077452669412155,1.6921875,71.2823373759252,59.30428817795469,16.803670641159357,1
20,38,880.456232254862,130.55333775183354,948.6905042588331,4.781433297843058,1.821466499151343,1.6921875,71.37841656964936,59.09435083833452,17.20977617838908,1
20,39,881.0144174200374,130.57896394766516,948.556539819191,4.796247584840074,1.824233124650079,1.6921875,71.48047198031689,59.09004132011576,17.334007900245822,1
20,40,881.6195460367048,130.61038726712493,948.4113089511909,4.811155758740076,1.7902098912655038,1.6921875,71.58869104880915,58.88620087410548,17.743710617705137,1
20,41,882.2742506920808,130.64798201748144,948.2541798339006,4.826163084717495,1.8137218928707801,1.6921875,71.70323918643845,59.584137682371484,16.901748988711105,1
20,42,882.9811166665281,130.69212051242394,948.0845320000333,4.841274733333056,1.790210707914478,1.6921875,71.82425523806356,59.268520910963886,17.481189725508923,1
20,43,883.7426469912449,130.74316872331866,947.9017647221012,4.856495710649156,1.8290148129437998,1.6921875,71.9518467701384,59.59956120712762,17.167433662227072,1
20,44,884.5612241691103,130.80148143964394,947.7053061994135,4.871830781671554,1.786094460919387,1.6921875,72.08608527326045,60.247843705606215,16.42236712227943,1
20,45,885.4390690074363,130.86739698493795,947.4946234382153,4.887284388014873,1.788299110026964,1.6921875,72.22700138825309,60.085376314817196,16.810368477252872,1
20,46,886.3781971914786,130.94123155818306,947.2692326740452,4.902860561049624,1.7784205571295868,1.6921875,72.37458028343903,59.7051430809956,17.505368808808818,1
20,47,887.3803744148735,131.02327329565793,947.0287101404303,4.91856283216308,1.8114861929174462,1.6921875,72.5287573272933,59.901591500551405,17.40987477527093,1
20,48,888.4470710684998,131.11377617380268,946.77270294356,4.934394142136999,1.8063156288400595,1.6921875,72.68941421369995,59.83926985397835,17.678150936728418,1
20,49,889.579417661394,131.21295389815413,946.5009397612655,4.950356751989455,1.7694844453718064,1.6921875,72.85637570508943,60.502593326946794,16.956350434104365,1
20,50,890.7781622934683,131.3209739452683,946.2132410495676,4.96645215792027,1.791883800862317,1.6921875,73.02940716034593,60.2644292216575,17.479229854161616,1
20,51,892.0436316063073,131.43795194195388,945.9095284144862,4.9826810132126145,1.8154795182424448,1.6921875,73.20821300824608,60.39157191509957,17.507108241670725,1
20,52,893.3756966918515,131.5639465772541,945.5898327939556,4.9990430600503695,1.787268543071034,1.6921875,73.39243631234183,60.7321043851167,17.250186209033288,1
20,53,894.7737454273929,131.69895524572823,945.2543010974257,5.015537074188119,1.8117139519102958,1.6921875,73.58165954911269,60.57658078560685,17.674348259059702,1
20,54,896.2366626198957,131.84291061430028,944.903200971225,5.032160825239791,1.8049520644815162,1.6921875,73.77540668798146,61.13477464882856,17.133937455084403,1
20,55,897.7628191783157,131.99567828834404,944.5369233972043,5.048911055023298,1.7868391240247354,1.6921875,73.97314662021509,60.86395804599574,17.721550553369223,1
20,56,899.3500712896983,132.1570557255178,944.1559828904724,5.06578347591273,1.7908677785777949,1.6921875,74.17429793537686,60.290545088586505,18.71774082565142,1
20,57,900.9957702599057,132.3267725086657,943.7610151376226,5.082772790519812,1.7621856779125407,1.6921875,74.37823499114202,60.67778662662028,18.419969721187087,1
20,58,902.6967833056517,132.5044920432356,943.3527720066436,5.09987273327797,1.7882715050895526,1.6921875,74.584295167832,61.79322853980094,17.149812301970783,1
20,59,904.4495251698002,132.68981469229138,942.932113959248,5.117076133672934,1.81540813709592,1.6921875,74.79178714627257,61.54218421750268,17.715317997225068,1
20,60,906.25,132.88228230618023,942.5,5.134375,1.7886987982847913,1.6921875,75.0,61.44935718948366,18.067523747355114,1
20,61,908.0938525080597,133.08138404759333,942.0574753980657,5.1517606216827865,1.8475634281047226,1.6921875,75.20821285372743,61.26404309751804,18.540754030852227,1
20,62,909.976427041085,133.28656335967162,941.6056575101396,5.169223687415504,1.8105651443571447,1.6921875,75.415704832168,62.235778693077776,17.476368043527756,1
20,63,911.8928328706304,133.49722587839102,941.1457201110487,5.186754415741261,1.8207592301192432,1.6921875,75.62176500885798,62.457539475174904,17.407985032009073,1
20,64,913.8380137641543,133.71274805371027,940.678876696603,5.204342694194976,1.805697673540341,1.6921875,75.82570206462314,62.24510350017091,17.910283973207452,1
20,65,915.8068197589603,133.93248621916692,940.2063632578495,5.221978222851254,1.8036358561456058,1.6921875,76.02685337978491,62.3835534822769,17.94536968320154,1
20,66,917.7940790201275,134.15578583813002,939.7294210351694,5.239650658040255,1.7831362401637298,1.6921875,76.22459331201854,62.60766090392442,17.864224414231284,1
20,67,919.7946677301511,134.3819906571013,939.2492797447637,5.257349752126968,1.8073253346651394,1.6921875,76.41834045088731,62.57217075194161,18.11890917448591,1
20,68,921.803576120912,134.61045151161588,938.7671417309812,5.2750654855751575,1.8363682011661155,1.6921875,76.60756368765817,62.66190805912254,18.204019234176926,1
20,69,923.8159690032313,134.84053455682863,938.2841674392245,5.292788188006463,1.825596809102207,1.6921875,76.79178699175392,63.290462564862516,17.581729708075695,1
20,70,925.827239455811,135.0716287304663,937.8014625306054,5.310508645578288,1.8185512561015076,1.6921875,76.97059283965407,62.7685630181423,18.45124130860936,1
20,71,927.8330546811093,135.30315229769462,937.3200668765338,5.328218192695552,1.8086219343566614,1.6921875,77.14362429491055,63.80286308841494,17.293407366363205,1
20,72,929.8293933972504,135.53455837262675,936.84094558466,5.345908786794501,1.7650692977160642,1.6921875,77.31058578630005,63.28874066720986,18.137031270011356,1
20,73,931.8125744903738,135.7653393567923,936.3649821223103,5.363573065647414,1.8246865388031623,1.6921875,77.4712426727067,63.521777506680195,18.00599123594661,1
20,74,933.7792769818242,135.9950302783142,935.8929735243622,5.3812043872969815,1.8176381247492759,1.6921875,77.62541971656097,64.13593859105883,17.37765950220586,1
20,75,935.7265516542727,136.22321105468913,935.4256276029745,5.3987968533085455,1.8060804940727744,1.6921875,77.77299861174691,64.01763547321097,17.686553667815396,1
20,76,937.6518249200215,136.44950773539924,934.9635620191949,5.4163453165067095,1.8032777870814023,1.6921875,77.91391472673955,64.11138018952408,17.715108508696876,1
20,77,939.5528956978483,136.67359280715957,934.5073050325165,5.43384537472903,1.8434924171077238,1.6921875,78.0481532298616,64.19251938735677,17.75267353437339,1
20,78,941.4279261907336,136.89518466406184,934.057297714224,5.451293352381468,1.7943772876508868,1.6921875,78.17574476193644,64.6404253190611,17.31396289743524,1
20,79,943.275427528267,137.11404635735008,933.6138973932159,5.4686862717232,1.7845819217649626,1.6921875,78.29676081356155,64.28899728597654,17.890604134876,1
20,80,945.0942412599237,137.32998374558613,933.1773820976183,5.486021815853181,1.7892734625307458,1.6921875,78.41130895119085,64.55151671658379,17.67575674987704,1
20,81,946.8835176660763,137.54284316635577,932.7479557601417,5.503298285332153,1.7971963791123973,1.6921875,78.51952801968311,64.99314336837375,17.22677783788842,1
20,82,948.6426918009117,137.75250874641162,932.3257539677812,5.520514550268491,1.7945931357046248,1.6921875,78.62158343035064,65.14959635028039,17.135227366674478,1
20,83,950.3714581039801,137.95889945930412,931.9108500550448,5.5376699995412935,1.8187239825066341,1.6921875,78.7176626240748,64.89503327380676,17.55975582796404,1
20,84,952.0697443230647,138.16196602915005,931.5032613624645,5.554764488646129,1.8182944887837673,1.6921875,78.80797077977883,65.51237884230704,16.870872077933612,1
20,85,953.7376853878633,138.3616877671916,931.1029555069128,5.571798287442394,1.7662216396771813,1.6921875,78.89272682027632,65.4179399321638,17.0798848400932,1
20,86,955.3755977678295,138.5580694150371,930.7098565357209,5.588772028868993,1.79131220624378,1.6921875,78.97215975082749,65.87769865937484,16.58111052397226,1
20,87,956.9839547435181,138.75113805564172,930.3238508615557,5.605686659487036,1.7911082447043272,1.6921875,79.0465053510089,65.21922592574646,17.492587893496246,1
20,88,958.5633629226863,138.94094014071942,929.9447928985553,5.622543392512039,1.8008440320764219,1.6921875,79.11600322792941,65.49191126048878,17.22039968094733,1
20,89,960.1145402428917,139.12753867177068,929.572510341706,5.639343663819117,1.8184320737005562,1.6921875,79.18089422844675,65.66237600731546,17.072954723305696,1
20,90,961.6382956230084,139.31101056152468,929.206809050478,5.656089091246017,1.8010902394260329,1.6921875,79.24141819978756,66.48252097257037,16.101298433413696,1
20,91,963.1355103577289,139.49144419347633,928.8474775141451,5.672781437382124,1.823410940854081,1.6921875,79.29781208169447,66.30555153688438,16.384134951195325,1
20,92,964.6071212918364,139.668937189406,928.4942908899593,5.689422575917006,1.798888814158753,1.6921875,79.35030830871335,66.38096380401672,16.34441602197592,1
20,93,966.0541057643931,139.84359438828494,928.1470146165457,5.706014461528786,1.8152200474642994,1.6921875,79.39913349825993,66.10471668432561,16.743780729327067,1
20,94,967.4774682762338,140.01552603472453,927.8054076137039,5.722559103219134,1.8184671132882753,1.6921875,79.44450739842388,66.19242904130454,16.680924573751284,1
20,95,968.8782288062968,140.18484617102135,927.4692250864888,5.739058540945927,1.8128894071100439,1.6921875,79.48664206884683,66.30423639438088,16.584428944737784,1
20,96,970.2574126822434,140.35167122375788,927.1382209562616,5.755514825364487,1.8406962932772106,1.6921875,79.52574126822434,67.00364844787934,15.745961773698522,1
20,97,971.6160418973993,140.51611877370675,926.8121499446241,5.771930000461465,1.7703198628340793,1.6921875,79.56200002283539,66.83251459542736,15.999453789188934,1
20,98,972.9551277581622,140.67830649632546,926.4907693380411,5.788306088849658,1.7910119275281056,1.6921875,79.59560435181997,66.77030846471358,16.113070554018776,1
20,99,974.2756647426366,140.8383512592835,926.1738404617672,5.804645079485273,1.8043824389391667,1.6921875,79.62673112655871,66.80591824865459,16.101141785572885,1
20,100,975.5786254514363,140.99636836312393,925.8611298916553,5.82094891756954,1.8166696837094871,1.6921875,79.65554804333789,67.4155279215844,15.366186565051448,1
20,101,976.8649565344975,141.15247091121475,925.5524104317205,5.837219496402328,1.8084688639086381,1.6921875,79.68221369040769,67.30037437061094,15.53902526842989,1
20,102,978.1355754826684,141.30676929550052,925.2474618841595,5.853458650965337,1.814636734128698,1.6921875,79.70687769248644,67.65597436809013,15.119025701758599,1
20,103,979.3913681791644,141.4593707851431,924.9460716370006,5.869668153024995,1.810538723144632,1.6921875,79.72968091766968,67.1279331894884,15.80559157284735,1
20,104,980.6331871132293,141.61037920587273,924.648035092825,5.885849707559792,1.7856726461324182,1.6921875,79.75075573352886,67.52628553538948,15.328344020945705,1
20,105,981.8618501660909,141.75989469870208,924.3531559601382,5.902004950332182,1.7719245504528045,1.6921875,79.77022630089974,67.76696080681181,15.047300290725815,1
20,106,983.0781398872531,141.90801354754635,924.0612464270592,5.918135446441172,1.8296604725562706,1.6921875,79.78820889544933,68.22452776837933,14.492969935222503,1
20,107,984.2828031870746,142.05482806619855,923.7721272351021,5.934242689707483,1.816232891289896,1.6921875,79.80481224855997,68.15874317934713,14.593191489430499,1
20,108,985.4765513792646,142.2004265360149,923.4856276689765,5.9503281027585295,1.845746279029066,1.6921875,79.82013790037908,68.31848799893237,14.409458820782229,1
20,109,986.6600605142432,142.3448931865402,923.2015854765816,5.966393037695154,1.8199530821455654,1.6921875,79.83428055905262,67.71350170765639,15.182423849151627,1
20,110,987.8339719512071,142.48830821214077,922.9198467317103,5.982438777235748,1.8280967442969238,1.6921875,79.84732846119626,68.37096831420125,14.372879303748054,1
20,111,988.9988931231248,142.63074781850122,922.64026565045,5.99846653624625,1.7998446815011448,1.6921875,79.85936372956755,68.22955053756583,14.562867331856586,1
20,112,990.1553984547522,142.77228429357163,922.3627043708594,6.014477463576171,1.7904684596764135,1.6921875,79.87046272469304,68.79574256788683,13.86585200461385,1
20,113,991.3040303991017,142.91298609822638,922.0870327042155,6.030472644131537,1.8008731898246508,1.6921875,79.88069638788829,68.37128716093615,14.408248484795669,1
20,114,992.445300562617,143.0529179725104,921.8131278649719,6.046453101125234,1.786009432315196,1.6921875,79.89013057369407,68.66126816523023,14.055381218967792,1
20,115,993.5796908936227,143.19214105390378,921.5408741855306,6.062419798453912,1.7942481743254428,1.6921875,79.89882637025025,68.53701303563436,14.220250597881595,1
20,116,994.7076549124712,143.33071300453673,921.2701628210069,6.078373643158276,1.773797249024289,1.6921875,79.90684040654934,69.08095541619916,13.548132969931398,1
20,117,995.8296189652038,143.46868814473208,921.000891448351,6.094315487930408,1.7986799029008032,1.6921875,79.91422514586289,68.58319651366645,14.178988298409392,1
20,118,996.9459834855464,143.6061175906499,920.7329639634688,6.11024613363776,1.7960156455831406,1.6921875,79.92102916492581,69.16666797499371,13.456234613469872,1
20,119,998.0571242526735,143.74304939415828,920.4662901793583,6.1261663318386805,1.8020171858418645,1.6921875,79.92729741870306,69.15892856001604,13.472704828584906,1
21,0,1000.0,150.0,900.0,4.5,2.0072467849494067,1.51875,79.89960723613572,70.96847891370524,11.177937703792933,1
21,1,999.9886402216723,149.9801794943977,900.0027263467987,4.515706447110011,2.0129749413034825,1.51875,79.8909461280546,71.19586750131407,10.883684632803655,1
21,2,999.9753216140393,149.95434006185857,900.0059228126306,4.531408976561412,2.01210750811205,1.51875,79.88154374738872,71.07692770044258,11.022090502894113,1
21,3,999.9597930371232,149.9255050163949,900.0096496710904,4.547107086074247,1.9726103624641014,1.51875,79.87133771879432,70.92295890608483,11.203491851124802,1
21,4,999.9417752540934,149.8944542192961,900.0139739390175,4.562800217174853,2.013844976759063,1.51875,79.860260609824,71.15797832593078,10.896886909010037,1
21,5,999.9209581017581,149.8615689593286,900.018970055578,4.5784877495368494,1.990407810314355,1.51875,79.84823955537537,70.72100631027753,11.430725706567436,1
21,6,999.8969974128382,149.82706878887984,900.0247206209189,4.594168994825677,1.992772812293359,1.51875,79.8351958605411,71.07943008549681,10.967300425164824,1
21,7,999.8695116742529,149.79108824825494,900.0313171981793,4.609843190015172,2.024932446897515,1.51875,79.82104458183245,70.81958188267332,11.277054498993486,1
21,8,999.8380784058663,149.75370978385163,900.0388611825921,4.625509490145066,2.0224140720715718,1.51875,79.80569408703956,70.97408883351113,11.066384867095186,1
21,9,999.8022302447043,149.71498022459312,900.0474647412709,4.641166960489409,2.001769110255782,1.51875,79.78904559435132,70.85396568914044,11.198379224432589,1
21,10,999.7614507206191,149.6749198470016,900.0572518270515,4.6568145681079045,2.0191870530910743,1.51875,79.77099269179439,71.02540772562352,10.963364841102797,1
21,11,999.7151697108717,149.63352765770026,900.0683592693908,4.672451172755077,2.0497713343519837,1.51875,79.75142083857892,70.69247047878851,11.358983030692592,1
21,12,999.6627585632108,149.59078455886953,900.0809379448294,4.688075517126421,2.0146168598396303,1.51875,79.73020685056862,70.75665188913204,11.254899887886818,1
21,13,999.6035248798875,149.54665523900422,900.095154028827,4.7036862164264415,1.986869086059258,1.51875,79.70721837283995,70.88475281590937,11.068590445174555,1
21,14,999.5367069587954,149.5010892480246,900.1111903298892,4.719281747250924,2.0070018753871715,1.51875,79.68231334317399,71.7737045018416,9.925174746460689,1
21,15,999.4614678927338,149.45402152240666,900.1292477057439,4.734860435785468,2.000571909485367,1.51875,79.65533945134962,70.54744894668218,11.434124275159462,1
21,16,999.3768893338222,149.40537252209384,900.1495465598827,4.750420445334311,2.0097150401489188,1.51875,79.62613360029329,70.26399948220703,11.757614861826942,1
21,17,999.2819649375601,149.35504808232704,900.1723284149856,4.765959763208453,2.0024156901469454,1.51875,79.59452137650452,70.87702610738039,10.952381041262777,1
21,18,999.1755935101181,149.30293904922064,900.1978575575716,4.781476187020236,2.020146833457935,1.51875,79.56031653872965,71.16915217828108,10.546921789035094,1
21,19,999.0565718933979,149.24892074737232,900.2264227455845,4.7969673104534625,1.9941834334208766,1.51875,79.52332053561155,70.8006627620757,10.96867901740814,1
21,20,998.9235876354309,149.19285231543518,900.2583389674966,4.812430508604195,1.9889324091868175,1.51875,79.48332206500683,70.49155469561259,11.31277246066812,1
21,21,998.7752115090208,149.13457593831927,900.293949237835,4.827862923018041,2.0104527213866437,1.51875,79.44009668983806,70.45209131875433,11.314192385963539,1
21,22,998.6098899593811,149.07391600075937,900.3336264097485,4.843261446585429,1.9959622877875935,1.51875,79.39340652772995,70.50951366143859,11.189711154651691,1
21,23,998.4259375820646,149.01067818534952,900.3777749803045,4.858622708497463,2.015248489524836,1.51875,79.34300003425308,71.34778149618224,10.076778713458323,1
21,24,998.2215297558413,148.94464853816598,900.4268328585981,4.873943059511682,1.9782230661429643,1.51875,79.2886119023365,70.20389107136286,11.457787711258856,1
21,25,997.9946955814329,148.87559252638636,900.4812730604561,4.889218557829532,2.0017570880920297,1.51875,79.22996310327025,70.76343217658912,10.686021544205,1
21,26,997.743311306097,148.8032541145993,900.5416052865368,4.904444955945527,2.008628011934177,1.51875,79.16676109763583,70.60827136656582,10.81071097567688,1
21,27,997.4650944457841,148.72735488960174,900.6083773330118,4.919617688891568,2.0002420398225222,1.51875,79.09870024738989,70.82130943401813,10.464635686153253,1
21,28,997.157598850621,148.64759326724618,900.682176275851,4.934731864367908,2.0250634436519275,1.51875,79.02546246307004,70.11743253838314,11.272354057845313,1
21,29,996.8182109951781,148.5636438191911,900.7636293611573,4.949782255323689,1.9968760370184018,1.51875,78.94671812254171,70.71578191054681,10.42593841484174,1
21,30,996.4441478115042,148.4751567620653,900.853404525239,4.964763295623008,1.985895303706816,1.51875,78.86212729968135,71.12941345932282,9.805357914038636,1
21,31,996.0324564190389,148.38175765640887,900.9522104594306,4.9796690795047445,1.9915466281944563,1.51875,78.77134134267013,70.56611259809347,10.416515200474208,1
21,32,995.5800161396471,148.28304736757767,901.0607961264847,4.994493365612628,2.0153752677358767,1.51875,78.67400484189412,70.38053229212196,10.541566514173264,1
21,33,995.0835432161397,148.17860234532833,901.1799496281265,5.009229586432279,1.9673233648429427,1.51875,78.56975802651336,70.34738684545768,10.465058551257139,1
21,34,994.539598676271,148.06797528271215,901.310496317695,5.023870864019209,2.0248436369175717,1.51875,78.45823962624122,70.37329237930885,10.304777784267637,1
21,35,993.9445997983861,147.9506962178114,901.4532960483873,5.038410032930106,1.9873261397698514,1.51875,78.33909023041447,70.66995455581502,9.789666502435294,1
21,36,993.2948356362559,147.8262741433018,901.6092394472986,5.052839671272512,1.9976393278785698,1.51875,78.21195616966824,70.19058514930303,10.255939645550018,1
21,37,992.5864870454325,147.6941991883148,901.7792431090962,5.067152140757532,1.6072439475922973,1.51875,78.07649393611221,70.20056695917363,10.08744960215969,1
21,38,991.815651617707,147.5539454340573,901.9642436117504,5.081339636568747,1.6518890964336819,1.51875,77.93237514552597,70.18581306949262,9.940107768520983,1
21,39,990.9783738699439,147.4049744185554,902.1651902712134,5.095394247739888,1.6274516251267979,1.51875,77.77929202952465,69.69310703171817,10.396321163140707,1
21,40,990.0706809449428,147.24673937617155,902.3830365732138,5.109308028556552,1.5837374636796415,1.51875,77.61696342678627,69.7493106841096,10.136511910953573,1
21,41,989.0886239618786,147.07869024370714,902.6187302491492,5.123073081257091,1.606398224104223,1.51875,77.44514122034231,69.3394169627383,10.466407743440076,1
21,42,988.0283250002078,146.90027944656484,902.8732019999501,5.1366816500004155,1.6007489352009507,1.51875,77.26361714290465,69.68569445025847,9.807879792412859,1
21,43,986.8860295131326,146.71096845540833,903.1473529168481,5.150126225692932,1.6114626936993925,1.51875,77.0722298447924,69.62610533420644,9.661228857113544,1
21,44,985.6581637463345,146.51023507608232,903.4420407008797,5.163399660826002,1.6100741204017799,1.51875,76.87087209010933,69.21455681555108,9.959969317875556,1
21,45,984.3413964888455,146.29758140361469,903.7580648426771,5.176495292977691,1.5939768132660541,1.51875,76.65949791762037,68.87937434149703,10.148936253775103,1
21,46,982.932704212782,146.07254233570038,904.0961509889323,5.18940707509223,1.6399503265827329,1.51875,76.43812957484147,69.15723180970461,9.525217068541746,1
21,47,981.4294383776898,145.83469450336617,904.4569347893545,5.2021297100887125,1.599757764683134,1.51875,76.20686400906004,68.71163063272674,9.835378313746402,1
21,48,979.8293933972503,145.58366543821558,904.84094558466,5.214658786794501,1.6629679838455866,1.51875,75.96587867945007,68.57975904350431,9.722943727291893,1
21,49,978.130873507909,145.31914275885936,905.2485903581019,5.226990913682485,1.5956778672869096,1.51875,75.71543644236584,68.82516691600576,9.100217670415093,1
21,50,976.3327565597974,145.04088312632268,905.6801384256486,5.239123846452928,1.6162590851139165,1.51875,75.45588925948111,68.84824605978868,8.756961536785779,1
21,51,974.4345525905392,144.74872069209286,906.1357073782706,5.251056605181079,1.6404069959544163,1.51875,75.1876804876309,68.56749482028663,8.804880832084397,1
21,52,972.4364549622227,144.44257474578265,906.6152508090665,5.262789576591112,1.5831342097996977,1.51875,74.91134553148726,68.11972831778193,9.066206414421728,1
21,53,970.3393818589105,144.12245626469817,907.1185483538615,5.274324597051154,1.6104114732493087,1.51875,74.62751067633097,68.65771039148157,7.999463241834749,1
21,54,968.1450060701565,143.7884730770157,907.6451985431625,5.285665012140313,1.576298716230545,1.51875,74.33688996802782,68.18113320531664,8.280890908079098,1
21,55,965.8557712325266,143.4408333751547,908.1946149041936,5.29681570913172,1.6078531131899594,1.51875,74.04028006967738,67.89939942186183,8.29397274299412,1
21,56,963.4748930654525,143.07984735666125,908.7660256642914,5.307783119464238,1.6022149314663123,1.51875,73.73855309693472,67.18560130273947,8.88673769551854,1
21,57,961.0063446101415,142.70592682570015,909.358477293566,5.318575189220283,1.6192722813870577,1.51875,73.43264751328698,67.4358136383957,8.166441055807237,1
21,58,958.4548250415226,142.31958265704776,909.9708419900346,5.329201316749712,1.6236959651138254,1.51875,73.123557248252,67.01968789214224,8.347336461473455,1
21,59,955.8257122452997,141.92142010302933,910.6018290611281,5.339672257823933,1.592258385332634,1.51875,72.81231928059114,66.30518734861383,8.936855735773621,1
21,60,953.125,141.5121320078628,911.25,5.35,1.6206422911618192,1.51875,72.5,66.69117038959679,8.012178772969943,1
21,61,950.3592212379104,141.09249007835203,911.9137869029015,5.360197609142488,1.584939173141752,1.51875,72.18768071940886,66.13710501012214,8.38172891688418,1
21,62,947.5353594383726,140.6633344394951,912.5915137347906,5.370279052210078,1.5949196495600022,1.51875,71.876442751748,65.6203853917176,8.703905091182678,1
21,63,944.6607506940542,140.22556177319626,913.281419833427,5.380259001388108,1.5879011778669283,1.51875,71.56735248671302,65.47416623082388,8.513918769064958,1
21,64,941.7429793537685,139.78011239339386,913.9816849550956,5.390152625374204,1.5960052455612723,1.51875,71.26144690306528,65.35053355054843,8.294686130296055,1
21,65,938.7897703615594,139.3279566481084,914.6904551132258,5.399975374056452,1.571714727381696,1.51875,70.95971993032262,65.90819931983273,7.118856465964241,1
21,66,935.8088814698087,138.8700810561282,915.4058684472459,5.409742762939618,1.6293056404196156,1.51875,70.66311003197218,64.86054035811226,8.211596788245656,1
21,67,932.8079984047735,138.40747458277278,916.1260803828544,5.4194701634762135,1.6097032537321032,1.51875,70.37248932366903,64.94925586930027,7.706468119132897,1
21,68,929.794635818632,137.94111543643206,916.8492874035284,5.4291726049705975,1.6280765428945005,1.51875,70.08865446851274,64.33792937340851,8.20493008278214,1
21,69,926.776046495153,137.47195872777542,917.5737488411633,5.4388645929903054,1.6260969614786795,1.51875,69.8123195123691,64.16231221347867,8.093137913702153,1
21,70,923.7591408162835,137.00092528013133,918.2978062040919,5.448559948299234,1.5775375777156588,1.51875,69.54411074051889,64.25037861347451,7.612049490137575,1
21,71,920.7504179783359,136.5288918167333,919.0198996851993,5.4582716692900055,1.6300699942814796,1.51875,69.28456355763416,64.59792814699415,6.764328401580309,1
21,72,917.7559099041245,136.05668268276,919.7385816230101,5.468011819808249,1.5802603204972268,1.51875,69.03412132054993,63.739369074993576,7.66976119094924,1
21,73,914.7811382644393,135.58506319170678,920.4525268165346,5.477791443195545,1.5960588009231604,1.51875,68.79313599093996,63.52737567715293,7.654485055719115,1
21,74,911.8310845272637,135.1147346204835,921.1605397134567,5.487620502387861,1.574845034774406,1.51875,68.56187042515853,62.649061875551354,8.624047904383737,1
21,75,908.9101725185908,134.64633081890793,921.8615585955382,5.497507845037182,1.5887373293357012,1.51875,68.34050208237963,62.818011118009515,8.08084634454857,1
21,76,906.0222626199678,134.18041634926638,922.5546569712077,5.507461191906602,1.5914332004682639,1.51875,68.12912790989067,62.75264032819856,7.89161368512333,1
21,77,903.1706564532276,133.71748603174686,923.2390424512254,5.517487146239788,1.6247927181641892,1.51875,67.9277701552076,62.52332276436093,7.956167821346252,1
21,78,900.3581107138997,133.25796574236384,923.914053428664,5.5275912214278,1.6366305785922484,1.51875,67.73638285709535,62.24311353272058,8.109776596668913,1
21,79,897.5868587075997,132.80221429128267,924.579153910176,5.537777884081866,1.5799168915922277,1.51875,67.55485877965769,62.25123200025311,7.850844299302456,1
21,80,894.8586381101144,132.3505262004148,925.2339268535725,5.548050609553562,1.592151701086911,1.51875,67.38303657321373,61.89826442522206,8.139692757883205,1
21,81,892.1747235008856,131.9031351985672,925.8780663597875,5.558411947001772,1.6357295101301332,1.51875,67.22070797047535,61.57413692175599,8.400046978379693,1
21,82,889.5359622986324,131.46021825880874,926.5113690483282,5.5688635912639315,1.574331649535738,1.51875,67.06762485447403,60.893729603666415,9.205477701355875,1
21,83,886.9428128440298,131.02190001448548,927.1337249174328,5.579406459021393,1.6307097151367338,1.51875,66.92350606388779,60.948813506714394,8.927644274150426,1
21,84,884.395383515403,130.58825740591632,927.7451079563033,5.590040767030805,2.0058462964978743,1.51875,66.78804383033176,61.316628249059,8.192208167037103,1
21,85,881.893471918205,130.15932442779646,928.3455667396307,5.600766110503077,2.0181812830406374,1.51875,66.66090976958552,60.97584473316404,8.528334005749388,1
21,86,879.4366033482557,129.73509686647813,928.9352151964187,5.611581540029845,2.0000814583746216,1.51875,66.54176037375878,60.58126055433467,8.957532511830982,1
21,87,877.0240678847227,129.31553693554656,929.5142237076666,5.622485635769445,2.021412802304858,1.51875,66.43024197348664,60.65944036699626,8.68700976400719,1
21,88,874.6549556159706,128.90057773665976,930.082810652167,5.633476577898608,1.9991088257866751,1.51875,66.32599515810588,60.605221607906735,8.62523590722181,1
21,89,872.3281896356623,128.4901274898793,930.641234487441,5.644552212604658,2.001674143496435,1.51875,66.22865865732987,59.835919348130126,9.652527227338355,1
21,90,870.0425565654873,128.08407349330042,931.189786424283,5.655710113130975,1.989075411820964,1.51875,66.13787270031865,59.60009835162967,9.885068995661067,1
21,91,867.7967344634067,127.68228578546305,931.7287837287824,5.6669476355934805,1.9988066254669572,1.51875,66.05328187745829,60.08748754728919,9.031790943009929,1
21,92,865.5893180622454,127.28462049571766,932.258563665061,5.678261969457824,1.9881529221784207,1.51875,65.97453753692996,59.584611099135245,9.685443318519486,1
21,93,863.4188413534105,126.89092287744434,932.7794780751815,5.689650182706821,1.9911210388864826,1.51875,65.90129975261011,59.274796664479645,10.055193316377675,1
21,94,861.2837975856492,126.50103002689146,933.2918885794442,5.701109261837965,1.974054001559326,1.51875,65.83323890236417,59.098612719111735,10.229826597534435,1
21,95,859.1826567905548,126.11477329655956,933.7961623702669,5.712636146914443,2.0003807182029316,1.51875,65.77003689672975,59.17641764175948,10.025263122967964,1
21,96,857.1138809766351,125.7319804166938,934.2926685656076,5.72422776195327,2.008720444064138,1.51875,65.7113880976635,58.49280374980402,10.985286655535061,1
21,97,855.0759371539011,125.35247734176532,934.7817750830637,5.735881040974469,2.0259387906799016,1.51875,65.65699996574692,58.76319447441589,10.499726601775148,1
21,98,853.0673083627568,124.97608984101518,935.2638459929384,5.747592950058847,2.008222696142581,1.51875,65.60659347227005,58.51974110333597,10.802042895169498,1
21,99,851.0865028860451,124.60264485339917,935.7392393073492,5.75936050577209,1.9938996768545865,1.51875,65.55990331016194,58.41537201407252,10.897714815546419,1
21,100,849.1320618228455,124.23197162778371,936.208305162517,5.771180790312358,2.0137665945176026,1.51875,65.51667793499317,57.68315330249174,11.956535159297903,1
21,101,847.2025651982535,123.86390266916197,936.6713843524192,5.78305096372984,1.993479609052109,1.51875,65.47667946438845,57.95798693099129,11.483008293794802,1
21,102,845.2966367759975,123.49827451112625,937.1288071737606,5.794968273551995,2.0093782379129164,1.51875,65.43968346127035,58.25072555429096,10.985624512126627,1
21,103,843.4129477312537,123.13492833396573,937.5808925444991,5.806930062129174,1.9888200095070954,1.51875,65.40547862349548,57.57438982122779,11.97313889765581,1
21,104,841.5502193301561,122.77371044666017,938.0279473607626,5.818933771993645,1.9940041435861,1.51875,65.37386639970671,57.33680168545839,12.294002415442847,1
21,105,839.7072247508636,122.41447264979081,938.4702660597927,5.830976949501727,1.9973110958967857,1.51875,65.34466054865038,57.66221790004365,11.756802444305304,1
21,106,837.8827901691205,122.05707249505772,938.9081303594111,5.843057247004907,1.983178115891744,1.51875,65.31768665682601,57.40072487780047,12.120701427502532,1
21,107,836.075795219388,121.70137345572927,939.3418091473469,5.8551724237721094,1.9702167811986642,1.51875,65.29278162716005,56.94786309154187,12.780767379876675,1
21,108,834.285172931103,121.34724502099495,939.7715584965352,5.867320345862206,1.9976650397946711,1.51875,65.26979314943138,57.496387263633906,11.90965301207668,1
21,109,832.5099092286351,120.99456272587685,940.1976217851276,5.879498985123937,1.9987587797039772,1.51875,65.24857916142108,56.19150543361842,13.880875023187864,1
21,110,830.7490420731892,120.64320812709974,940.6202299024346,5.891706417479712,1.9642770476618059,1.51875,65.22900730820561,56.69286305763285,13.086423667678506,1
21,111,829.0016603153128,120.29306873413785,941.0396015243249,5.903940820630626,2.016530242914829,1.51875,65.21095440564868,56.69666507068385,13.056532315109482,1
21,112,827.2669023178717,119.94403790355813,941.4559434437108,5.91620047130241,2.007606227915051,1.51875,65.19430591296043,56.78627682049648,12.896876459869569,1
21,113,825.5439544013472,119.59601470377066,941.8694509436767,5.928483742136027,1.9934630013842882,1.51875,65.17895541816755,56.556537530291344,13.22883717997243,1
21,114,823.8320491560744,119.24890375637281,942.2803082025422,5.940789098312148,1.9716145280985025,1.51875,65.1648041394589,55.861887262639094,14.275983791665622,1
21,115,822.130463659566,118.9026150594419,942.6886887217041,5.953115093985799,1.9681139979003945,1.51875,65.15176044462464,55.911849308545676,14.182135790378794,1
21,116,820.4385176312933,118.55706379737993,943.0947557684896,5.96546036859592,2.003329601453704,1.51875,65.139739390176,55.9213265117421,14.151749707221226,1
21,117,818.7555715521942,118.21217014124475,943.4986628274734,5.977823643104388,2.0054924928567734,1.51875,65.12866228120568,55.476016784231646,14.820887085469153,1
21,118,817.0810247716804,117.86785904290753,943.9005540547967,5.9902037162100275,2.0004500089107666,1.51875,65.11845625261128,55.167256971539366,15.281687947989194,1
21,119,815.4143136209899,117.52406002585008,944.3005647309624,6.002599460575313,2.031519405301676,1.51875,65.1090538719454,55.41723978591322,14.885509018597883,1
22,0,1000.0,150.0,900.0,4.5,1.7998279645774178,1.51875,79.89960723613572,71.094785315275,11.019856323997814,1
22,1,999.9886402216723,149.9801794943977,900.0027263467987,4.515706447110011,1.8017615519339973,1.51875,79.8909461280546,70.74029770078843,11.4539242188957,1
22,2,999.9753216140393,149.95434006185857,900.0059228126306,4.531408976561412,1.8449584347824186,1.51875,79.88154374738872,70.6986595912931,11.495626806030284,1
22,3,999.9597930371232,149.9255050163949,900.0096496710904,4.547107086074247,1.806027939998358,1.51875,79.87133771879432,70.72751365118474,11.448191965686805,1
22,4,999.9417752540934,149.8944542192961,900.0139739390175,4.562800217174853,1.8531905441600969,1.51875,79.860260609824,70.9446329723673,11.164035240275611,1
22,5,999.9209581017581,149.8615689593286,900.018970055578,4.5784877495368494,1.8165039607576958,1.51875,79.84823955537537,70.62228702639432,11.55435934512092,1
22,6,999.8969974128382,149.82706878887984,900.0247206209189,4.594168994825677,1.8268986667657228,1.51875,79.8351958605411,70.98371653008654,11.087189346809692,1
22,7,999.8695116742529,149.79108824825494,900.0313171981793,4.609843190015172,1.794658758012591,1.51875,79.82104458183245,70.9635894213367,11.096641502123031,1
22,8,999.8380784058663,149.75370978385163,900.0388611825921,4.625509490145066,1.8130992824696317,1.51875,79.80569408703956,70.77703264946878,11.313304822239532,1
22,9,999.8022302447043,149.71498022459312,900.0474647412709,4.641166960489409,1.7984365481423341,1.51875,79.78904559435132,70.6347203000464,11.473160539913774,1
22,10,999.7614507206191,149.6749198470016,900.0572518270515,4.6568145681079045,1.7955194828976437,1.51875,79.77099269179439,70.42533487339776,11.71560927479591,1
22,11,999.7151697108717,149.63352765770026,900.0683592693908,4.672451172755077,1.823664132610636,1.51875,79.75142083857892,70.6607171406617,11.398798419299993,1
22,12,999.6627585632108,149.59078455886953,900.0809379448294,4.688075517126421,1.790129574804852,1.51875,79.73020685056862,71.38893815829418,10.461867618013024,1
22,13,999.6035248798875,149.54665523900422,900.095154028827,4.7036862164264415,1.7936292274157817,1.51875,79.70721837283995,71.06105195841089,10.847407036569253,1
22,14,999.5367069587954,149.5010892480246,900.1111903298892,4.719281747250924,1.7865930553696643,1.51875,79.68231334317399,70.85887607985993,11.073269453552989,1
22,15,999.4614678927338,149.45402152240666,900.1292477057439,4.734860435785468,1.8111111208297266,1.51875,79.65533945134962,70.54621691519556,11.43567097811134,1
22,16,999.3768893338222,149.40537252209384,900.1495465598827,4.750420445334311,1.8200571746774146,1.51875,79.62613360029329,70.75334315799255,11.143063264681809,1
22,17,999.2819649375601,149.35504808232704,900.1723284149856,4.765959763208453,1.7998730245284595,1.51875,79.59452137650452,70.45286272596094,11.485286289116502,1
22,18,999.1755935101181,149.30293904922064,900.1978575575716,4.781476187020236,1.7846440439622124,1.51875,79.56031653872965,70.78033258716326,11.03563225178011,1
22,19,999.0565718933979,149.24892074737232,900.2264227455845,4.7969673104534625,1.7910462316601001,1.51875,79.52332053561155,70.68452969201121,11.114715512466828,1
22,20,998.9235876354309,149.19285231543518,900.2583389674966,4.812430508604195,1.8279718878845148,1.51875,79.48332206500683,70.76362155456027,10.970478188260675,1
22,21,998.7752115090208,149.13457593831927,900.293949237835,4.827862923018041,1.8016597022417553,1.51875,79.44009668983806,70.93977629142239,10.700289592551597,1
22,22,998.6098899593811,149.07391600075937,900.3336264097485,4.843261446585429,1.8079628986400753,1.51875,79.39340652772995,70.25741811038885,11.507238216501197,1
22,23,998.4259375820646,149.01067818534952,900.3777749803045,4.858622708497463,1.8104477781130348,1.51875,79.34300003425308,70.81955111066826,10.742534212098324,1
22,24,998.2215297558413,148.94464853816598,900.4268328585981,4.873943059511682,1.8026340419138978,1.51875,79.2886119023365,70.88278012133998,10.601562543875001,1
22,25,997.9946955814329,148.87559252638636,900.4812730604561,4.889218557829532,1.8007158068977474,1.51875,79.22996310327025,70.40762585474071,11.135102053537862,1
22,26,997.743311306097,148.8032541145993,900.5416052865368,4.904444955945527,1.7952007478850354,1.51875,79.16676109763583,70.77653857096922,10.59816318153903,1
22,27,997.4650944457841,148.72735488960174,900.6083773330118,4.919617688891568,1.8150574768003163,1.51875,79.09870024738989,70.26898007611499,11.16291436352175,1
22,28,997.157598850621,148.64759326724618,900.682176275851,4.934731864367908,1.8081981213564784,1.51875,79.02546246307004,69.60910961527256,11.915593473683128,1
22,29,996.8182109951781,148.5636438191911,900.7636293611573,4.949782255323689,1.8316817754714332,1.51875,78.94671812254171,70.46825987127743,10.739468913836237,1
22,30,996.4441478115042,148.4751567620653,900.853404525239,4.964763295623008,1.7679975651819024,1.51875,78.86212729968135,69.99873994657548,11.239092396562421,1
22,31,996.0324564190389,148.38175765640887,900.9522104594306,4.9796690795047445,1.8076904469509483,1.51875,78.77134134267013,70.0371642314694,11.088013689147951,1
22,32,995.5800161396471,148.28304736757767,901.0607961264847,4.994493365612628,1.8319893146758215,1.51875,78.67400484189412,70.5367808321118,10.342964014778643,1
22,33,995.0835432161397,148.17860234532833,901.1799496281265,5.009229586432279,1.8233130470724577,1.51875,78.56975802651336,69.57947086875184,11.442426938272792,1
22,34,994.539598676271,148.06797528271215,901.310496317695,5.023870864019209,1.8056131599179626,1.51875,78.45823962624122,70.08969160056199,10.666244954698524,1
22,35,993.9445997983861,147.9506962178114,901.4532960483873,5.038410032930106,1.7970412391200086,1.51875,78.33909023041447,70.11547238809523,10.49746406057508,1
22,36,993.2948356362559,147.8262741433018,901.6092394472986,5.052839671272512,1.7935975640603792,1.51875,78.21195616966824,70.24496620222861,10.186409287803171,1
22,37,992.5864870454325,147.6941991883148,901.7792431090962,5.067152140757532,1.8314533552888559,1.51875,78.07649393611221,70.35282454397233,9.892438815784868,1
22,38,991.815651617707,147.5539454340573,901.9642436117504,5.081339636568747,1.8133641031678709,1.51875,77.93237514552597,70.6665941514828,9.323186904640735,1
22,39,990.9783738699439,147.4049744185554,902.1651902712134,5.095394247739888,1.8389218304921107,1.51875,77.77929202952465,69.98360559460501,10.022830282333297,1
22,40,990.0706809449428,147.24673937617155,902.3830365732138,5.109308028556552,1.80647688399807,1.51875,77.61696342678627,70.31021096431319,9.413860243792355,1
22,41,989.0886239618786,147.07869024370714,902.6187302491492,5.123073081257091,1.836273941857355,1.51875,77.44514122034231,69.42374319820291,10.35752262277809,1
22,42,988.0283250002078,146.90027944656484,902.8732019999501,5.1366816500004155,1.8378387545866752,1.51875,77.26361714290465,69.70925896483412,9.7773809425699,1
22,43,986.8860295131326,146.71096845540833,903.1473529168481,5.150126225692932,1.7989040975902333,1.51875,77.0722298447924,69.03101034353165,10.433355201288604,1
22,44,985.6581637463345,146.51023507608232,903.4420407008797,5.163399660826002,1.8107440043081444,1.51875,76.87087209010933,69.52352704489121,9.558035242016558,1
22,45,984.3413964888455,146.29758140361469,903.7580648426771,5.176495292977691,1.8478688812843047,1.51875,76.65949791762037,69.7293435576344,9.040177079470624,1
22,46,982.932704212782,146.07254233570038,904.0961509889323,5.18940707509223,1.8044645937745798,1.51875,76.43812957484147,69.40161083233822,9.205508797299533,1
22,47,981.4294383776898,145.83469450336617,904.4569347893545,5.2021297100887125,1.8326473166555568,1.51875,76.20686400906004,69.20236711514558,9.191425188525953,1
22,48,979.8293933972503,145.58366543821558,904.84094558466,5.214658786794501,1.8043792450214764,1.51875,75.96587867945007,68.85523472523886,9.36031291656046,1
22,49,978.130873507909,145.31914275885936,905.2485903581019,5.226990913682485,1.8238317896112395,1.51875,75.71543644236584,69.00683317263693,8.86028475162454,1
22,50,976.3327565597974,145.04088312632268,905.6801384256486,5.239123846452928,1.8102632358868296,1.51875,75.45588925948111,67.9303241023263,9.973462947703874,1
22,51,974.4345525905392,144.74872069209286,906.1357073782706,5.251056605181079,1.7903118736562746,1.51875,75.1876804876309,68.72147810229355,8.600082278640192,1
22,52,972.4364549622227,144.44257474578265,906.6152508090665,5.262789576591112,1.773505568254983,1.51875,74.91134553148726,68.70436324699286,8.28577065390641,1
22,53,970.3393818589105,144.12245626469817,907.1185483538615,5.274324597051154,1.8368454734248705,1.51875,74.62751067633097,68.23071869375025,8.571627171545927,1
22,54,968.1450060701565,143.7884730770157,907.6451985431625,5.285665012140313,1.8280809488866725,1.51875,74.33688996802782,68.18041844338164,8.281852425214543,1
22,55,965.8557712325266,143.4408333751547,908.1946149041936,5.29681570913172,1.8137848656347761,1.51875,74.04028006967738,67.40062892797226,8.967620240572717,1
22,56,963.4748930654525,143.07984735666125,908.7660256642914,5.307783119464238,1.835467787703334,1.51875,73.73855309693472,68.04710238018208,7.718419304038707,1
22,57,961.0063446101415,142.70592682570015,909.358477293566,5.318575189220283,1.7919505177172537,1.51875,73.43264751328698,66.95425041777726,8.822230050111584,1
22,58,958.4548250415226,142.31958265704776,909.9708419900346,5.329201316749712,1.8133863901069536,1.51875,73.123557248252,66.9875642440594,8.391267103378341,1
22,59,955.8257122452997,141.92142010302933,910.6018290611281,5.339672257823933,1.8190213130062096,1.51875,72.81231928059114,67.31663200121797,7.547743752255537,1
22,60,953.125,141.5121320078628,911.25,5.35,1.7712089194366505,1.51875,72.5,67.1588384329692,7.367119402801096,1
22,61,950.3592212379104,141.09249007835203,911.9137869029015,5.360197609142488,1.807988959364562,1.51875,72.18768071940886,66.63065063468453,7.698031062009493,1
22,62,947.5353594383726,140.6633344394951,912.5915137347906,5.370279052210078,1.8284968449641896,1.51875,71.876442751748,66.47274482389503,7.5180375112839855,1
22,63,944.6607506940542,140.22556177319626,913.281419833427,5.380259001388108,1.8173604902827003,1.51875,71.56735248671302,66.08655096833444,7.658242659453042,1
22,64,941.7429793537685,139.78011239339386,913.9816849550956,5.390152625374204,1.8219027692142085,1.51875,71.26144690306528,65.56377597873582,7.995446587100346,1
22,65,938.7897703615594,139.3279566481084,914.6904551132258,5.399975374056452,1.7809612243733564,1.51875,70.95971993032262,65.10306369992564,8.253494004976059,1
22,66,935.8088814698087,138.8700810561282,915.4058684472459,5.409742762939618,1.8140375686121397,1.51875,70.66311003197218,65.00598973005336,8.00576184569177,1
22,67,932.8079984047735,138.40747458277278,916.1260803828544,5.4194701634762135,1.8004324067543096,1.51875,70.37248932366903,65.5163749784775,6.900586282881749,1
22,68,929.794635818632,137.94111543643206,916.8492874035284,5.4291726049705975,1.8333002241352978,1.51875,70.08865446851274,64.67206703662619,7.728194346090566,1
22,69,926.776046495153,137.47195872777542,917.5737488411633,5.4388645929903054,1.8295630271152092,1.51875,69.8123195123691,64.3633760755727,7.805131637018555,1
22,70,923.7591408162835,137.00092528013133,918.2978062040919,5.448559948299234,1.8183367968858304,1.51875,69.54411074051889,64.35826561554197,7.456914855560102,1
22,71,920.7504179783359,136.5288918167333,919.0198996851993,5.4582716692900055,1.8077702088466627,1.51875,69.28456355763416,63.75814046232596,7.976413231947485,1
22,72,917.7559099041245,136.05668268276,919.7385816230101,5.468011819808249,1.8406009645714705,1.51875,69.03412132054993,63.92219957488817,7.40492041888285,1
22,73,914.7811382644393,135.58506319170678,920.4525268165346,5.477791443195545,1.771030110636246,1.51875,68.79313599093996,63.231904332756706,8.083992069958354,1
22,74,911.8310845272637,135.1147346204835,921.1605397134567,5.487620502387861,1.8004968782082125,1.51875,68.56187042515853,63.02207285636425,8.07999772240968,1
22,75,908.9101725185908,134.64633081890793,921.8615585955382,5.497507845037182,1.8333703739772782,1.51875,68.34050208237963,62.99579013042346,7.820709226738633,1
22,76,906.0222626199678,134.18041634926638,922.5546569712077,5.507461191906602,1.7883297347849896,1.51875,68.12912790989067,62.59747680139032,8.11936286020959,1
22,77,903.1706564532276,133.71748603174686,923.2390424512254,5.517487146239788,1.8269570811544242,1.51875,67.9277701552076,62.43928748771939,8.079880518597355,1
22,78,900.3581107138997,133.25796574236384,923.914053428664,5.5275912214278,1.8032288091788307,1.51875,67.73638285709535,62.3510099119748,7.9504879327291045,1
22,79,897.5868587075997,132.80221429128267,924.579153910176,5.537777884081866,1.8484861779908819,1.51875,67.55485877965769,62.19550192519809,7.933340327066793,1
22,80,894.8586381101144,132.3505262004148,925.2339268535725,5.548050609553562,1.8421411584627343,1.51875,67.38303657321373,61.65184617585758,8.505390508973335,1
22,81,892.1747235008856,131.9031351985672,925.8780663597875,5.558411947001772,1.8159550859796192,1.51875,67.22070797047535,61.572745383855754,8.402117081391477,1
22,82,889.5359622986324,131.46021825880874,926.5113690483282,5.5688635912639315,1.8184959098834543,1.51875,67.06762485447403,61.4966805438118,8.306458328814072,1
22,83,886.9428128440298,131.02190001448548,927.1337249174328,5.579406459021393,1.7977429457810048,1.51875,66.92350606388779,61.3273767025767,8.361978758209114,1
22,84,884.395383515403,130.58825740591632,927.7451079563033,5.590040767030805,1.783564609422996,1.51875,66.78804383033176,60.51042857579801,9.39930995805386,1
22,85,881.893471918205,130.15932442779646,928.3455667396307,5.600766110503077,1.858834850225565,1.51875,66.66090976958552,60.61169142135268,9.07461114638557,1
22,86,879.4366033482557,129.73509686647813,928.9352151964187,5.611581540029845,1.8307127152218245,1.51875,66.54176037375878,61.04905321126022,8.2545263780918,1
22,87,877.0240678847227,129.31553693554656,929.5142237076666,5.622485635769445,1.769833206626531,1.51875,66.43024197348664,60.62997968517997,8.731358062223608,1
22,88,874.6549556159706,128.90057773665976,930.082810652167,5.633476577898608,1.8291012003272857,1.51875,66.32599515810588,60.63670099792119,8.577774289888493,1
22,89,872.3281896356623,128.4901274898793,930.641234487441,5.644552212604658,1.7924918649688077,1.51875,66.22865865732987,60.359448574694724,8.862039790059335,1
22,90,870.0425565654873,128.08407349330042,931.189786424283,5.655710113130975,1.8013340395700466,1.51875,66.13787270031865,60.05996084900486,9.189760122545504,1
22,91,867.7967344634067,127.68228578546305,931.7287837287824,5.6669476355934805,1.8154019074870116,1.51875,66.05328187745829,59.80187713133492,9.464184925316722,1
22,92,865.5893180622454,127.28462049571766,932.258563665061,5.678261969457824,1.8170997118682035,1.51875,65.97453753692996,58.83940532732562,10.814978741776505,1
22,93,863.4188413534105,126.89092287744434,932.7794780751815,5.689650182706821,1.7537114477432245,1.51875,65.90129975261011,59.22593636414152,10.12933495018694,1
22,94,861.2837975856492,126.50103002689146,933.2918885794442,5.701109261837965,1.8108476274494734,1.51875,65.83323890236417,59.153675373996904,10.146187001787322,1
22,95,859.1826567905548,126.11477329655956,933.7961623702669,5.712636146914443,1.811079258885229,1.51875,65.77003689672975,59.46831330590996,9.581450593854127,1
22,96,857.1138809766351,125.7319804166938,934.2926685656076,5.72422776195327,1.8207330707586664,1.51875,65.7113880976635,58.567847170370456,10.87108511035555,1
22,97,855.0759371539011,125.35247734176532,934.7817750830637,5.735881040974469,1.8228695895290377,1.51875,65.65699996574692,58.40904576236421,11.039118764433265,1
22,98,853.0673083627568,124.97608984101518,935.2638459929384,5.747592950058847,1.8179809328843801,1.51875,65.60659347227005,58.0050583425742,11.586541424237778,1
22,99,851.0865028860451,124.60264485339917,935.7392393073492,5.75936050577209,1.8159506241649084,1.51875,65.55990331016194,58.0643163511856,11.433187940371024,1
22,100,849.1320618228455,124.23197162778371,936.208305162517,5.771180790312358,1.7936675956947268,1.51875,65.51667793499317,58.623863571258894,10.520701874679068,1
22,101,847.2025651982535,123.86390266916197,936.6713843524192,5.78305096372984,1.7944476208032971,1.51875,65.47667946438845,57.877334698545894,11.606185328893629,1
22,102,845.2966367759975,123.49827451112625,937.1288071737606,5.794968273551995,1.8000661675031253,1.51875,65.43968346127035,57.814394437448954,11.652392891439224,1
22,103,843.4129477312537,123.13492833396573,937.5808925444991,5.806930062129174,1.7906346255127221,1.51875,65.40547862349548,57.817337115258304,11.601690971360473,1
22,104,841.5502193301561,122.77371044666017,938.0279473607626,5.818933771993645,1.8568454519292772,1.51875,65.37386639970671,57.21567123803409,12.47929120757836,1
22,105,839.7072247508636,122.41447264979081,938.4702660597927,5.830976949501727,1.8404617054557268,1.51875,65.34466054865038,57.190933918375706,12.478030434030744,1
22,106,837.8827901691205,122.05707249505772,938.9081303594111,5.843057247004907,1.846238150623622,1.51875,65.31768665682601,57.8193782828689,11.479751898368107,1
22,107,836.075795219388,121.70137345572927,939.3418091473469,5.8551724237721094,1.8114482279679311,1.51875,65.29278162716005,56.53316982362155,13.415896191340607,1
22,108,834.285172931103,121.34724502099495,939.7715584965352,5.867320345862206,1.8350840159508222,1.51875,65.26979314943138,56.93118970506784,12.77559348973697,1
22,109,832.5099092286351,120.99456272587685,940.1976217851276,5.879498985123937,1.8261581515576533,1.51875,65.24857916142108,56.61184446058333,13.236663252805837,1
22,110,830.7490420731892,120.64320812709974,940.6202299024346,5.891706417479712,1.7984324718288864,1.51875,65.22900730820561,56.8980829753526,12.771809163812009,1
22,111,829.0016603153128,120.29306873413785,941.0396015243249,5.903940820630626,1.822518128093221,1.51875,65.21095440564868,55.99575151128327,14.131372525299485,1
22,112,827.2669023178717,119.94403790355813,941.4559434437108,5.91620047130241,1.8298598326661584,1.51875,65.19430591296043,56.441252404435616,13.426101230697718,1
22,113,825.5439544013472,119.59601470377066,941.8694509436767,5.928483742136027,1.809616349715629,1.51875,65.17895541816755,56.62693101242106,13.120836857355883,1
22,114,823.8320491560744,119.24890375637281,942.2803082025422,5.940789098312148,1.803758864955155,1.51875,65.1648041394589,55.94839113255939,14.14323748625946,1
22,115,822.130463659566,118.9026150594419,942.6886887217041,5.953115093985799,1.8314952899614643,1.51875,65.15176044462464,55.90803681749468,14.187987498797686,1
22,116,820.4385176312933,118.55706379737993,943.0947557684896,5.96546036859592,1.7884338651149316,1.51875,65.139739390176,55.770319286901156,14.383570138581012,1
22,117,818.7555715521942,118.21217014124475,943.4986628274734,5.977823643104388,1.8078345323627958,1.51875,65.12866228120568,55.85325528855486,14.241666676036488,1
22,118,817.0810247716804,117.86785904290753,943.9005540547967,5.9902037162100275,1.8191466950820032,1.51875,65.11845625261128,55.499800616972294,14.771012995648642,1
22,119,815.4143136209899,117.52406002585008,944.3005647309624,6.002599460575313,1.7951573049277194,1.51875,65.1090538719454,55.25023033510926,15.14201627968085,1
23,0,875.0,131.25,950.0,4.25,2.0936424109518086,1.6921875,69.89960723613572,59.050794390542706,15.520563383057965,1
23,1,874.9886402216723,131.23257856908293,950.0027263467987,4.263675197110011,2.104817433289173,1.6921875,69.8909461280546,59.11045549340353,15.424731287653467,1
23,2,874.9753216140393,131.20985168814747,950.0059228126306,4.277346476561412,2.0906024082125296,1.6921875,69.88154374738872,58.61036716802443,16.128974797849196,1
23,3,874.9597930371232,131.18447082108042,950.0096496710904,4.291013336074246,2.078210752818264,1.6921875,69.87133771879432,59.27602340342635,15.16403529872306,1
23,4,874.9417752540934,131.1571166113989,950.0139739390175,4.304675217174854,2.1313282620239193,1.6921875,69.860260609824,59.14481942328745,15.338392804434658,1
23,5,874.9209581017581,131.128119331845,950.018970055578,4.318331499536849,2.1035663308727477,1.6921875,69.84823955537537,59.43594138212466,14.907030212258803,1
23,6,874.8969974128382,131.09766679906684,950.0247206209189,4.331981494825676,2.0807922306772606,1.6921875,69.8351958605411,59.24010121607247,15.171568596480691,1
23,7,874.8695116742529,131.06587167848684,950.0313171981793,4.345624440015173,2.0822003072746225,1.6921875,69.82104458183245,59.388426463113866,14.941939326747297,1
23,8,874.8380784058663,131.03280032180928,950.0388611825921,4.359259490145066,2.1000381703603,1.6921875,69.80569408703956,59.23026408242913,15.149809973129265,1
23,9,874.8022302447043,130.99848716547908,950.0474647412709,4.372885710489409,2.0813581374528938,1.6921875,69.78904559435132,59.33501931948981,14.979465882977564,1
23,10,874.7614507206191,130.96294261836994,950.0572518270515,4.386502068107905,2.138704367825886,1.6921875,69.77099269179439,58.86314277178719,15.633789199748694,1
23,11,874.7151697108717,130.92615762409815,950.0683592693908,4.4001074227550765,2.0902149292483148,1.6921875,69.75142083857892,59.19249554608814,15.137935780443243,1
23,12,874.6627585632108,130.88810635970555,950.0809379448294,4.413700517126421,2.1127382336411817,1.6921875,69.73020685056862,58.968965145001235,15.432682895418132,1
23,13,874.6035248798875,130.84874780983358,950.095154028827,4.4272799664264415,2.0403495035984105,1.6921875,69.70721837283995,59.48192500416553,14.668916085537706,1
23,14,874.5367069587954,130.80802661910175,950.1111903298892,4.440844247250924,2.112220231792948,1.6921875,69.68231334317399,58.60342258674837,15.89914316114032,1
23,15,874.4614678927338,130.76587345572415,950.1292477057439,4.454391685785468,2.084858733565674,1.6921875,69.65533945134962,59.56883943827519,14.480584105284974,1
23,16,874.3768893338222,130.72220502828966,950.1495465598827,4.467920445334311,2.125966037770423,1.6921875,69.62613360029329,59.40608102146154,14.678472077025829,1
23,17,874.2819649375601,130.6769238462863,950.1723284149856,4.481428513208454,2.0934878607220684,1.6921875,69.59452137650452,59.11579197280607,15.056830906284702,1
23,18,874.1755935101181,130.629917784974,950.1978575575716,4.494913687020237,2.094391593298743,1.6921875,69.56031653872965,59.42156259065612,14.575485639759119,1
23,19,874.0565718933979,130.58105949734764,950.2264227455845,4.508373560453462,2.079493261271363,1.6921875,69.52332053561155,58.8198903602629,15.395453055016386,1
23,20,873.9235876354309,130.53020570528165,950.2583389674966,4.521805508604195,2.117215601137986,1.6921875,69.48332206500683,59.067839279188874,14.989903298051143,1
23,21,873.7752115090208,130.4771963958083,950.293949237835,4.535206673018042,2.1245794565103417,1.6921875,69.44009668983806,58.87369171260314,15.216575841521282,1
23,22,873.6098899593811,130.42185394530904,950.3336264097485,4.548573946585429,2.095914542194489,1.6921875,69.39340652772995,58.76223887328836,15.320140898679362,1
23,23,873.4259375820646,130.36398219327938,950.3777749803045,4.561903958497463,2.0971573630297367,1.6921875,69.34300003425308,58.5816502922596,15.519013796169387,1
23,24,873.2215297558413,130.30336548771763,950.4268328585981,4.575193059511682,2.087257440982166,1.6921875,69.2886119023365,58.57003785228107,15.469459923895498,1
23,25,872.9946955814329,130.2397677257318,950.4812730604561,4.588437307829532,2.1108885740650907,1.6921875,69.22996310327025,59.21662011788971,14.463886063962866,1
23,26,872.743311306097,130.17293141543783,950.5416052865368,4.601632455945527,2.0624048547915783,1.6921875,69.16676109763583,59.34288176157748,14.203179648951547,1
23,27,872.4650944457841,130.10257678846222,950.6083773330118,4.6147739388915685,2.1469584119296625,1.6921875,69.09870024738989,59.00187371533551,14.61218010744821,1
23,28,872.157598850621,130.0284009962345,950.682176275851,4.627856864367908,2.0841878241967726,1.6921875,69.02546246307004,59.760525636284704,13.422491492530394,1
23,29,871.8182109951781,129.95007742762144,950.7636293611573,4.6408760053236895,2.0706307394352153,1.6921875,68.94671812254171,58.8812338882304,14.598931621983127,1
23,30,871.4441478115042,129.86725519017565,950.853404525239,4.653825795623009,2.100602554853904,1.6921875,68.86212729968135,59.27277336993596,13.925439578730177,1
23,31,871.0324564190389,129.77955880216777,950.9522104594306,4.666700329504745,2.104204888903801,1.6921875,68.77134134267013,58.68956420454749,14.659852405506685,1
23,32,870.5800161396471,129.68658814743262,951.0607961264847,4.679493365612627,2.0779864219935065,1.6921875,68.67400484189412,58.679422357995996,14.55366190876492,1
23,33,870.0835432161397,129.5879187496182,951.1799496281265,4.69219833643228,2.0768715621823626,1.6921875,68.56975802651336,58.755699312665804,14.312517640871391,1
23,34,869.539598676271,129.48310242636046,951.310496317695,4.704808364019208,2.085726185804056,1.6921875,68.45823962624122,58.25671175911839,14.90182616850757,1
23,35,868.9445997983861,129.37166838682992,951.4532960483873,4.717316282930105,2.1221130251687637,1.6921875,68.33909023041447,58.537148124676094,14.343097153751689,1
23,36,868.2948356362559,129.25312483756102,951.6092394472986,4.729714671272512,2.0716473733017593,1.6921875,68.21195616966824,58.54365360829004,14.173911883320823,1
23,37,867.5864870454325,129.12696116097655,951.7792431090962,4.741995890757532,2.0983775407206187,1.6921875,68.07649393611221,58.034965259080465,14.750361095939265,1
23,38,866.815651617707,128.99265072801367,951.9642436117504,4.754152136568747,2.1036430627437808,1.6921875,67.93237514552597,58.187389332590485,14.34512747722952,1
23,39,865.9783738699439,128.84965440017416,952.1651902712134,4.766175497739888,2.131230685585081,1.6921875,67.77929202952465,58.613932881532904,13.522358929330982,1
23,40,865.0706809449428,128.6974247666116,952.3830365732138,4.778058028556552,2.089012109599079,1.6921875,67.61696342678627,58.12696633499507,14.034935334040402,1
23,41,864.0886239618786,128.5354111480353,952.6187302491492,4.789791831257091,2.094910755249993,1.6921875,67.44514122034231,58.46072109145247,13.321078385080204,1
23,42,863.0283250002078,128.3630653808783,952.8732019999501,4.801369150000416,2.0965002268295616,1.6921875,67.26361714290465,58.12845720573883,13.581130966771754,1
23,43,861.8860295131326,128.17984837214422,953.1473529168481,4.812782475692932,2.0981775152176234,1.6921875,67.0722298447924,57.92275033422477,13.641233535458506,1
23,44,860.6581637463345,127.9852373876743,953.4420407008797,4.8240246608260025,2.0901459908644044,1.6921875,66.87087209010933,57.37394500125528,14.201889091646395,1
23,45,859.3413964888455,127.77873400464054,953.7580648426771,4.835089042977691,2.1164846340183128,1.6921875,66.65949791762037,58.005579034238316,12.982274325073382,1
23,46,857.932704212782,127.55987262364766,954.0961509889323,4.845969575092231,2.0815409925205968,1.6921875,66.43812957484147,58.34555102825557,12.180623684581217,1
23,47,856.4294383776898,127.32822939813086,954.4569347893545,4.856660960088713,2.098750439009113,1.6921875,66.20686400906004,57.3593654807078,13.363415804049424,1
23,48,854.8293933972503,127.08343140043614,954.84094558466,4.8671587867945005,2.1141448578306745,1.6921875,65.96587867945007,57.67485556981789,12.568654091490222,1
23,49,853.130873507909,126.82516580717878,955.2485903581019,4.877459663682485,2.10490170911095,1.6921875,65.71543644236584,57.285527389683764,12.827897841134067,1
23,50,851.3327565597974,126.55318885366187,955.6801384256486,4.887561346452928,2.1060200238768263,1.6921875,65.45588925948111,57.193050120326006,12.623522852771044,1
23,51,849.4345525905392,126.2673342810105,956.1357073782706,4.897462855181079,2.108128938434182,1.6921875,65.1876804876309,56.551414117805635,13.24831057835224,1
23,52,847.4364549622227,125.96752098299002,956.6152508090665,4.907164576591112,2.0883326401416817,1.6921875,64.91134553148726,57.46558125040689,11.470666984508227,1
23,53,845.3393818589105,125.65375955479057,957.1185483538615,4.9166683470511545,2.0816687602932595,1.6921875,64.62751067633097,56.596664118927784,12.42635910521676,1
23,54,843.1450060701565,125.326157455477,957.6451985431625,4.925977512140313,2.088050882632266,1.6921875,64.33688996802782,56.245185590041885,12.577083508399461,1
23,55,840.8557712325266,124.98492252068603,958.1946149041936,4.9350969591317195,2.0528444938767003,1.6921875,64.04028006967738,56.33170435644814,12.03707370555238,1
23,56,838.4748930654525,124.63036460288083,958.7660256642914,4.944033119464239,2.0997272978828985,1.6921875,63.73855309693472,56.23504339784754,11.77232512271766,1
23,57,836.0063446101415,124.26289517225696,959.358477293566,4.952793939220283,2.0941125381623076,1.6921875,63.43264751328697,56.064952107807756,11.614989590235748,1
23,58,833.4548250415226,123.88302478018825,959.9708419900346,4.961388816749712,2.1174669388322807,1.6921875,63.123557248252,55.813048813033255,11.581268157097062,1
23,59,830.8257122452998,123.49135836565277,960.601829061128,4.969828507823933,2.08552845785952,1.6921875,62.81231928059115,55.55392244122009,11.555689906858584,1
23,60,828.125,123.08858846909884,961.25,4.978125,2.108597044596401,1.6921875,62.5,55.86861313747156,10.610218980045499,1
23,61,825.3592212379104,122.6754865026903,961.9137869029015,4.986291359142488,2.084447234617882,1.6921875,62.18768071940886,55.2388505989568,11.173965711641854,1
23,62,822.5353594383726,122.25289230549495,962.5915137347906,4.994341552210079,2.1037772582399845,1.6921875,61.876442751748,54.70610745704119,11.588150475092153,1
23,63,819.6607506940543,121.8217022818026,963.281419833427,5.002290251388109,2.097418452745524,1.6921875,61.56735248671303,54.33468997479692,11.747561361318889,1
23,64,816.7429793537685,121.38285647588256,963.9816849550956,5.010152625374204,2.0616291033264775,1.6921875,61.26144690306528,54.628341945748964,10.827535575207609,1
23,65,813.7897703615595,120.9373249736836,964.6904551132258,5.017944124056452,2.0893326145746496,1.6921875,60.95971993032263,54.371296171497,10.807831411227347,1
23,66,810.8088814698087,120.48609403919181,965.4058684472459,5.025680262939618,2.0966522098610985,1.6921875,60.66311003197218,53.79186669349357,11.326889331683061,1
23,67,807.8079984047735,120.03015238988495,966.1260803828544,5.033376413476214,2.0961050233619787,1.6921875,60.37248932366903,53.48153013844399,11.414071644919627,1
23,68,804.794635818632,119.5704779929804,966.8492874035284,5.041047604970597,2.1248295565612936,1.6921875,60.08865446851274,53.23414125783276,11.407333499657309,1
23,69,801.776046495153,119.10802572436901,967.5737488411633,5.048708342990306,2.093094403981894,1.6921875,59.81231951236911,53.06929992032165,11.273629992986667,1
23,70,798.7591408162835,118.64371617873508,968.2978062040919,5.056372448299234,2.1084185328684812,1.6921875,59.54411074051889,53.061727919623294,10.886690119774395,1
23,71,795.7504179783359,118.17842585655626,969.0198996851993,5.064052919290005,2.086636775008841,1.6921875,59.28456355763416,53.16758812484996,10.317990157484262,1
23,72,792.7559099041245,117.71297888591134,969.7385816230101,5.071761819808249,2.0975987212348164,1.6921875,59.03412132054993,52.84472608577359,10.484436960056517,1
23,73,789.7811382644393,117.24814036863135,970.4525268165346,5.079510193195545,2.077383590670916,1.6921875,58.79313599093996,52.02330965247493,11.514654260844774,1
23,74,786.8310845272638,116.78461137518863,971.1605397134567,5.087308002387861,2.099154268642068,1.6921875,58.56187042515854,52.13994487854316,10.966052655067655,1
23,75,783.9101725185909,116.32302555399215,971.8615585955382,5.095164095037182,2.109538802850344,1.6921875,58.340502082379636,51.99592479742301,10.875081733094746,1
23,76,781.0222626199678,115.86394727076015,972.5546569712077,5.103086191906602,2.101111616185958,1.6921875,58.12912790989067,51.30498020617831,11.739635444541452,1
23,77,778.1706564532276,115.40787115377464,973.2390424512254,5.1110808962397885,2.1347788481935503,1.6921875,57.927770155207604,51.55158481958637,11.00713063619976,1
23,78,775.3581107138997,114.95522289163645,973.914053428664,5.119153721427799,2.1109618488080493,1.6921875,57.73638285709534,51.11619226938698,11.46623716295867,1
23,79,772.5868587075997,114.50636111142818,974.579153910176,5.127309134081866,2.103170307445612,1.6921875,57.554858779657685,50.758593523874374,11.808325830147632,1
23,80,769.8586381101144,114.06158015615567,975.2339268535725,5.135550609553562,2.1060514661664587,1.6921875,57.38303657321373,50.83718328994023,11.407296779984437,1
23,81,767.1747235008856,113.62111357975095,975.8780663597875,5.143880697001771,2.097593919479977,1.6921875,57.220707970475345,50.94247164964434,10.97196547108512,1
23,82,764.5359622986324,113.1851381842992,976.5113690483282,5.152301091263931,2.0723593031768597,1.6921875,57.06762485447403,50.30711096017843,11.84649599757364,1
23,83,761.9428128440298,112.75377843592106,977.1337249174328,5.160812709021393,2.1061565950230006,1.6921875,56.923506063887785,50.97224714700864,10.454835494847742,1
23,84,759.395383515403,112.32711111134113,977.7451079563033,5.169415767030806,2.0942484627080358,1.6921875,56.788043830331766,50.31759158563544,11.394039675021016,1
23,85,756.8934719182051,111.90517004517032,978.3455667396307,5.178109860503077,2.094870680004096,1.6921875,56.66090976958552,50.53410215445708,10.813111967392365,1
23,86,754.4366033482557,111.4879508670709,978.9352151964187,5.186894040029845,2.0620656760619602,1.6921875,56.54176037375878,49.767885166996834,11.98030475525435,1
23,87,752.0240678847227,111.07541563722175,979.5142237076666,5.195766885769445,2.0644992287300243,1.6921875,56.430241973486645,48.80735676376434,13.50851058427831,1
23,88,749.6549556159706,110.66749730705224,980.082810652167,5.204726577898608,2.102959350463622,1.6921875,56.325995158105876,49.45331554640251,12.201612403672412,1
23,89,747.3281896356624,110.264103949472,980.641234487441,5.213770962604658,2.0913133706464215,1.6921875,56.22865865732988,49.19505558809975,12.50892914251164,1
23,90,745.0425565654873,109.8651227184038,981.189786424283,5.222897613130975,2.1589760980826904,1.6921875,56.13787270031865,49.03164789322204,12.658521716759447,1
23,91,742.7967344634067,109.4704235111021,981.7287837287824,5.23210388559348,2.1072125966262667,1.6921875,56.05328187745829,48.70411868355115,13.111031054298694,1
23,92,740.5893180622454,109.07986231842975,982.258563665061,5.241386969457825,2.1029147609020775,1.6921875,55.97453753692996,48.65832472312416,13.070608772745693,1
23,93,738.4188413534105,108.69328425799182,982.7794780751815,5.250743932706821,2.088799739746671,1.6921875,55.901299752610115,49.101424313859155,12.164073946122269,1
23,94,736.2837975856493,108.31052629289263,983.2918885794442,5.260171761837965,2.120553808664952,1.6921875,55.83323890236418,48.462259041337646,13.20177730315126,1
23,95,734.1826567905548,107.9314196450411,983.7961623702669,5.269667396914443,2.050925870682386,1.6921875,55.77003689672975,48.10000907495157,13.752954540770501,1
23,96,732.1138809766351,107.55579191656783,984.2926685656076,5.27922776195327,2.151070660689367,1.6921875,55.7113880976635,48.06458746703277,13.725740628156114,1
23,97,730.0759371539011,107.18346893623422,984.7817750830637,5.288849790974469,2.1190744608423384,1.6921875,55.65699996574692,48.388587188362635,13.059296731511752,1
23,98,728.0673083627568,106.81427634990689,985.2638459929384,5.298530450058847,2.101389387718385,1.6921875,55.60659347227005,47.539462346853554,14.507508231806035,1
23,99,726.0865028860451,106.4480409754357,985.7392393073492,5.30826675577209,2.0483038627656076,1.6921875,55.55990331016194,47.80716101216592,13.953844114372387,1
23,100,724.1320618228455,106.08459194278535,986.208305162517,5.318055790312358,2.0807149893447945,1.6921875,55.51667793499317,47.535162142178066,14.376789263509243,1
23,101,722.2025651982535,105.72376164018986,986.6713843524192,5.32789471372984,2.0720137026094783,1.6921875,55.476679464388454,47.25225381323893,14.825014277267515,1
23,102,720.2966367759975,105.36538648656534,987.1288071737606,5.337780773551994,2.0976844904992866,1.6921875,55.43968346127035,47.29129427192664,14.697755615859712,1
23,103,718.4129477312537,105.00930754955057,987.5808925444991,5.347711312129174,2.074713665654217,1.6921875,55.40547862349548,47.41154903440329,14.428048972222488,1
23,104,716.5502193301561,104.65537102744561,988.0279473607626,5.357683771993646,2.085072213706626,1.6921875,55.37386639970671,46.4202401531888,16.169407752544686,1
23,105,714.7072247508636,104.30342861206951,988.4702660597927,5.367695699501727,2.094829641001996,1.6921875,55.34466054865038,46.80410484192155,15.431580250133269,1
23,106,712.8827901691205,103.95333774822652,988.9081303594111,5.377744747004908,2.1002218980647007,1.6921875,55.31768665682601,47.071647030213164,14.90669643828158,1
23,107,711.075795219388,103.60496180410618,989.3418091473469,5.38782867377211,2.0922811326665482,1.6921875,55.29278162716005,46.48707933760745,15.925591063458466,1
23,108,709.2851729311029,103.2581701655886,989.7715584965352,5.397945345862206,2.0749464217766036,1.6921875,55.26979314943137,46.62290092448662,15.644878933355862,1
23,109,707.5099092286351,102.91283826610997,990.1976217851276,5.408092735123937,2.1006962906828277,1.6921875,55.24857916142108,46.140212590499964,16.486155316879707,1
23,110,705.7490420731895,102.56884756248836,990.6202299024345,5.418268917479712,2.058916615531956,1.6921875,55.22900730820562,46.53618165354015,15.739601485420756,1
23,111,704.0016603153128,102.22608546592758,991.0396015243249,5.428472070630626,2.0724565101121444,1.6921875,55.210954405648685,45.807472008361444,17.03191422520521,1
23,112,702.2669023178718,101.88444523631946,991.4559434437108,5.43870047130241,2.1041769996227857,1.6921875,55.19430591296044,45.523468486892,17.521440420537264,1
23,113,700.5439544013473,101.54382584695391,991.8694509436766,5.448952492136028,2.0671399138362028,1.6921875,55.178955418167554,45.088802201113516,18.28623456277296,1
23,114,698.8320491560744,101.2041318258248,992.2803082025422,5.459226598312149,2.111430048459378,1.6921875,55.164804139458894,45.471960482594106,17.57070256673237,1
23,115,697.130463659566,100.86527307888527,992.6886887217041,5.469521343985798,2.155555511250732,1.6921875,55.151760444624635,45.24747022298941,17.958248552337086,1
23,116,695.4385176312933,100.52716469985641,993.0947557684896,5.4798353685959205,2.078581088932687,1.6921875,55.139739390176004,45.190349646373505,18.043954965763106,1
23,117,693.7555715521942,100.18972677052352,993.4986628274734,5.490167393104389,2.1018728025040354,1.6921875,55.12866228120568,45.114071795298614,18.165850705434607,1
23,118,692.0810247716804,99.85288415485982,993.9005540547967,5.500516216210027,2.109256753681316,1.6921875,55.11845625261128,44.84471113927689,18.639391978340587,1
23,119,690.4143136209899,99.5165662897913,994.3005647309624,5.5108807105753135,2.069378275031994,1.6921875,55.109053871945406,44.444841075436315,19.35110847899707,1
24,0,1000.0,150.0,900.0,4.5,1.915889072814492,1.51875,79.89960723613572,71.19075075353362,10.89974880209849,1
24,1,999.9886402216723,149.9801794943977,900.0027263467987,4.515706447110011,1.8959467784145714,1.51875,79.8909461280546,70.47749927997621,11.782870655943757,1
24,2,999.9753216140393,149.95434006185857,900.0059228126306,4.531408976561412,1.9403266331000495,1.51875,79.88154374738872,70.47085980799154,11.780798790214671,1
24,3,999.9597930371232,149.9255050163949,900.0096496710904,4.547107086074247,1.917535406198036,1.51875,79.87133771879432,70.81623527628157,11.337111285644607,1
24,4,999.9417752540934,149.8944542192961,900.0139739390175,4.562800217174853,1.925466665752729,1.51875,79.860260609824,70.6436388556398,11.540936235124711,1
24,5,999.9209581017581,149.8615689593286,900.018970055578,4.5784877495368494,1.9025751872923786,1.51875,79.84823955537537,70.94892032685225,11.145291715982516,1
24,6,999.8969974128382,149.82706878887984,900.0247206209189,4.594168994825677,1.9031951579624742,1.51875,79.8351958605411,70.43885303502896,11.769674670712913,1
24,7,999.8695116742529,149.79108824825494,900.0313171981793,4.609843190015172,1.9456710747829036,1.51875,79.82104458183245,71.02483943158286,11.019907339388087,1
24,8,999.8380784058663,149.75370978385163,900.0388611825921,4.625509490145066,1.9564651229411767,1.51875,79.80569408703956,71.11947602682253,10.884208400898642,1
24,9,999.8022302447043,149.71498022459312,900.0474647412709,4.641166960489409,1.8957522019932398,1.51875,79.78904559435132,70.86147820349379,11.188963753552606,1
24,10,999.7614507206191,149.6749198470016,900.0572518270515,4.6568145681079045,1.900802509931505,1.51875,79.77099269179439,70.33754386704425,11.82566307178538,1
24,11,999.7151697108717,149.63352765770026,900.0683592693908,4.672451172755077,1.9121710871644702,1.51875,79.75142083857892,71.13251753652743,10.80720971667277,1
24,12,999.6627585632108,149.59078455886953,900.0809379448294,4.688075517126421,1.92661332924162,1.51875,79.73020685056862,70.42774112821945,11.667429560021047,1
24,13,999.6035248798875,149.54665523900422,900.095154028827,4.7036862164264415,1.911468243521615,1.51875,79.70721837283995,70.78483230738715,11.193949867523017,1
24,14,999.5367069587954,149.5010892480246,900.1111903298892,4.719281747250924,1.887332825946453,1.51875,79.68231334317399,71.0164689053456,10.875493035081098,1
24,15,999.4614678927338,149.45402152240666,900.1292477057439,4.734860435785468,1.9165403745006948,1.51875,79.65533945134962,70.40209887926024,11.616598003126835,1
24,16,999.3768893338222,149.40537252209384,900.1495465598827,4.750420445334311,1.8921716031510485,1.51875,79.62613360029329,71.12255592734913,10.679380359757715,1
24,17,999.2819649375601,149.35504808232704,900.1723284149856,4.765959763208453,1.9134988143829554,1.51875,79.59452137650452,71.15819063076756,10.599134965371212,1
24,18,999.1755935101181,149.30293904922064,900.1978575575716,4.781476187020236,1.9525581846239242,1.51875,79.56031653872965,71.12972906624229,10.596473014764067,1
24,19,999.0565718933979,149.24892074737232,900.2264227455845,4.7969673104534625,1.9104464400935202,1.51875,79.52332053561155,70.02950323593262,11.938406540038118,1
24,20,998.9235876354309,149.19285231543518,900.2583389674966,4.812430508604195,1.9273750011165665,1.51875,79.48332206500683,71.40820044653225,10.159517001403392,1
24,21,998.7752115090208,149.13457593831927,900.293949237835,4.827862923018041,1.9204072734623934,1.51875,79.44009668983806,70.16518596935416,11.675351751768883,1
24,22,998.6098899593811,149.07391600075937,900.3336264097485,4.843261446585429,1.9076175050972675,1.51875,79.39340652772995,70.68227004082607,10.972115781253597,1
24,23,998.4259375820646,149.01067818534952,900.3777749803045,4.858622708497463,1.899155303677474,1.51875,79.34300003425308,69.94529172733043,11.844407575798217,1
24,24,998.2215297558413,148.94464853816598,900.4268328585981,4.873943059511682,1.9191580596215674,1.51875,79.2886119023365,70.47708173710772,11.113235499799579,1
24,25,997.9946955814329,148.87559252638636,900.4812730604561,4.889218557829532,1.9565689082438682,1.51875,79.22996310327025,70.75288234031811,10.699337007014517,1
24,26,997.743311306097,148.8032541145993,900.5416052865368,4.904444955945527,1.9305066529638377,1.51875,79.16676109763583,70.64394459091103,10.765650114463648,1
24,27,997.4650944457841,148.72735488960174,900.6083773330118,4.919617688891568,1.9229897410893468,1.51875,79.09870024738989,70.15356468536076,11.308827495334597,1
24,28,997.157598850621,148.64759326724618,900.682176275851,4.934731864367908,1.900311748921444,1.51875,79.02546246307004,70.93073022409006,10.243195024341418,1
24,29,996.8182109951781,148.5636438191911,900.7636293611573,4.949782255323689,1.9253043144204738,1.51875,78.94671812254171,70.4748298189214,10.731146911604576,1
24,30,996.4441478115042,148.4751567620653,900.853404525239,4.964763295623008,1.9308384998551873,1.51875,78.86212729968135,70.7177756996635,10.327329326368236,1
24,31,996.0324564190389,148.38175765640887,900.9522104594306,4.9796690795047445,1.960932967684754,1.51875,78.77134134267013,70.60292937895356,10.369776398985564,1
24,32,995.5800161396471,148.28304736757767,901.0607961264847,4.994493365612628,1.899864923515664,1.51875,78.67400484189412,70.43080050851165,10.477672199283973,1
24,33,995.0835432161397,148.17860234532833,901.1799496281265,5.009229586432279,1.9332663875682974,1.51875,78.56975802651336,70.74743532514154,9.955895115181818,1
24,34,994.539598676271,148.06797528271215,901.310496317695,5.023870864019209,1.8888144375833122,1.51875,78.45823962624122,70.44164957372453,10.217652206710298,1
24,35,993.9445997983861,147.9506962178114,901.4532960483873,5.038410032930106,1.9031699764759076,1.51875,78.33909023041447,70.15493838494322,10.447085639365547,1
24,36,993.2948356362559,147.8262741433018,901.6092394472986,5.052839671272512,1.9380318675107377,1.51875,78.21195616966824,70.51982198693341,9.834985032273053,1
24,37,992.5864870454325,147.6941991883148,901.7792431090962,5.067152140757532,1.5075520258019188,1.51875,78.07649393611221,69.84223575254364,10.546398497743036,1
24,38,991.815651617707,147.5539454340573,901.9642436117504,5.081339636568747,1.5103934391234528,1.51875,77.93237514552597,70.69195660833424,9.290642718987367,1
24,39,990.9783738699439,147.4049744185554,902.1651902712134,5.095394247739888,1.5266822383547771,1.51875,77.77929202952465,69.51243690461507,10.628606804201205,1
24,40,990.0706809449428,147.24673937617155,902.3830365732138,5.109308028556552,1.5475584179502926,1.51875,77.61696342678627,70.10890645234538,9.673216579160576,1
24,41,989.0886239618786,147.07869024370714,902.6187302491492,5.123073081257091,1.5569484892363405,1.51875,77.44514122034231,70.2498091020064,9.290876102690783,1
24,42,988.0283250002078,146.90027944656484,902.8732019999501,5.1366816500004155,1.5352693726831925,1.51875,77.26361714290465,69.40855999659507,10.16656666718189,1
24,43,986.8860295131326,146.71096845540833,903.1473529168481,5.150126225692932,1.5170627396737835,1.51875,77.0722298447924,69.31167642448872,10.069195397527535,1
24,44,985.6581637463345,146.51023507608232,903.4420407008797,5.163399660826002,1.5130399676822894,1.51875,76.87087209010933,69.66101313334308,9.37918194594532,1
24,45,984.3413964888455,146.29758140361469,903.7580648426771,5.176495292977691,1.5211294931645896,1.51875,76.65949791762037,69.47220846425887,9.375602043578589,1
24,46,982.932704212782,146.07254233570038,904.0961509889323,5.18940707509223,1.5346454061214898,1.51875,76.43812957484147,68.7393562750132,10.071901736279818,1
24,47,981.4294383776898,145.83469450336617,904.4569347893545,5.2021297100887125,1.4867715416286242,1.51875,76.20686400906004,68.52888038871335,10.075186428658025,1
24,48,979.8293933972503,145.58366543821558,904.84094558466,5.214658786794501,1.5125809476712542,1.51875,75.96587867945007,68.82174625431209,9.404396486064183,1
24,49,978.130873507909,145.31914275885936,905.2485903581019,5.226990913682485,1.5081490684789822,1.51875,75.71543644236584,68.84131237009593,9.078893809854021,1
24,50,976.3327565597974,145.04088312632268,905.6801384256486,5.239123846452928,1.5105613711375308,1.51875,75.45588925948111,68.55339550349805,9.147720375074307,1
24,51,974.4345525905392,144.74872069209286,906.1357073782706,5.251056605181079,1.5234667086391076,1.51875,75.1876804876309,68.84242522133239,8.439221991084516,1
24,52,972.4364549622227,144.44257474578265,906.6152508090665,5.262789576591112,1.5016102565238645,1.51875,74.91134553148726,68.7941184200442,8.165955461141493,1
24,53,970.3393818589105,144.12245626469817,907.1185483538615,5.274324597051154,1.5092280779710778,1.51875,74.62751067633097,67.55427879569899,9.478048800675515,1
24,54,968.1450060701565,143.7884730770157,907.6451985431625,5.285665012140313,1.5167767752173391,1.51875,74.33688996802782,68.74478444552955,7.52265197656699,1
24,55,965.8557712325266,143.4408333751547,908.1946149041936,5.29681570913172,1.5390191797262425,1.51875,74.04028006967738,67.77387234555438,8.463511642886608,1
24,56,963.4748930654525,143.07984735666125,908.7660256642914,5.307783119464238,1.5370188122587003,1.51875,73.73855309693472,67.1552961570606,8.927835797401592,1
24,57,961.0063446101415,142.70592682570015,909.358477293566,5.318575189220283,1.5276359625531872,1.51875,73.43264751328698,67.16692596529205,8.532610167516024,1
24,58,958.4548250415226,142.31958265704776,909.9708419900346,5.329201316749712,1.557296409998758,1.51875,73.123557248252,66.9379533236878,8.459112435633143,1
24,59,955.8257122452997,141.92142010302933,910.6018290611281,5.339672257823933,1.5135495441343219,1.51875,72.81231928059114,66.3604165549516,8.86100427700476,1
24,60,953.125,141.5121320078628,911.25,5.35,1.5239153647633823,1.51875,72.5,66.5745075538005,8.173093029240688,1
24,61,950.3592212379104,141.09249007835203,911.9137869029015,5.360197609142488,1.4970833112630597,1.51875,72.18768071940886,66.36434150382634,8.066943220156428,1
24,62,947.5353594383726,140.6633344394951,912.5915137347906,5.370279052210078,1.525778665501767,1.51875,71.876442751748,66.31400166203088,7.738893129323446,1
24,63,944.6607506940542,140.22556177319626,913.281419833427,5.380259001388108,1.545362437383908,1.51875,71.56735248671302,65.80856813356367,8.046663950882508,1
24,64,941.7429793537685,139.78011239339386,913.9816849550956,5.390152625374204,1.5003877773432281,1.51875,71.26144690306528,65.24646235130948,8.440727508575286,1
24,65,938.7897703615594,139.3279566481084,914.6904551132258,5.399975374056452,1.5563576282874518,1.51875,70.95971993032262,65.33878338932324,7.921305983900076,1
24,66,935.8088814698087,138.8700810561282,915.4058684472459,5.409742762939618,1.556038150616891,1.51875,70.66311003197218,65.18521363827224,7.752130342439514,1
24,67,932.8079984047735,138.40747458277278,916.1260803828544,5.4194701634762135,1.5361897877694388,1.51875,70.37248932366903,65.0468226544552,7.567824757085296,1
24,68,929.794635818632,137.94111543643206,916.8492874035284,5.4291726049705975,1.4966522987376816,1.51875,70.08865446851274,64.57045671111484,7.873168345494412,1
24,69,926.776046495153,137.47195872777542,917.5737488411633,5.4388645929903054,1.4963750969986287,1.51875,69.8123195123691,64.13743260879347,8.128775756505512,1
24,70,923.7591408162835,137.00092528013133,918.2978062040919,5.448559948299234,1.533918467748331,1.51875,69.54411074051889,63.69064219054657,8.416914800755197,1
24,71,920.7504179783359,136.5288918167333,919.0198996851993,5.4582716692900055,1.5323018215164235,1.51875,69.28456355763416,63.29383022108314,8.646562854607064,1
24,72,917.7559099041245,136.05668268276,919.7385816230101,5.468011819808249,1.5439814715051012,1.51875,69.03412132054993,63.30133893564404,8.304273705877337,1
24,73,914.7811382644393,135.58506319170678,920.4525268165346,5.477791443195545,1.5005727265414943,1.51875,68.79313599093996,62.78537242969306,8.733085757332123,1
24,74,911.8310845272637,135.1147346204835,921.1605397134567,5.487620502387861,1.5095279983691168,1.51875,68.56187042515853,62.40335563704965,8.982419455477745,1
24,75,908.9101725185908,134.64633081890793,921.8615585955382,5.497507845037182,1.5101470922437035,1.51875,68.34050208237963,63.06129582223542,7.724857294405736,1
24,76,906.0222626199678,134.18041634926638,922.5546569712077,5.507461191906602,1.5173408430310733,1.51875,68.12912790989067,62.14239455430278,8.787333023704772,1
24,77,903.1706564532276,133.71748603174686,923.2390424512254,5.517487146239788,1.5256403413572461,1.51875,67.9277701552076,62.30549633330424,8.276841428854604,1
24,78,900.3581107138997,133.25796574236384,923.914053428664,5.5275912214278,1.5602472742775844,1.51875,67.73638285709535,62.29447520599437,8.03395076849892,1
24,79,897.5868587075997,132.80221429128267,924.579153910176,5.537777884081866,1.5272270375693269,1.51875,67.55485877965769,62.07158712748115,8.11676872874713,1
24,80,894.8586381101144,132.3505262004148,925.2339268535725,5.548050609553562,1.5184274536622686,1.51875,67.38303657321373,61.543535523104815,8.666129262020002,1
24,81,892.1747235008856,131.9031351985672,925.8780663597875,5.558411947001772,1.5542938810945013,1.51875,67.22070797047535,60.881308307263495,9.430724332740201,1
24,82,889.5359622986324,131.46021825880874,926.5113690483282,5.5688635912639315,1.5404739852886888,1.51875,67.06762485447403,61.10886967951539,8.88469688301649,1
24,83,886.9428128440298,131.02190001448548,927.1337249174328,5.579406459021393,1.5152852866008029,1.51875,66.92350606388779,60.74134198947038,9.237657197032794,1
24,84,884.395383515403,130.58825740591632,927.7451079563033,5.590040767030805,1.9241885554371536,1.51875,66.78804383033176,61.01059589140994,8.65042245225633,1
24,85,881.893471918205,130.15932442779646,928.3455667396307,5.600766110503077,1.9128210272913306,1.51875,66.66090976958552,60.597119261313956,9.096471274141242,1
24,86,879.4366033482557,129.73509686647813,928.9352151964187,5.611581540029845,1.8830084659768511,1.51875,66.54176037375878,60.36426157083066,9.2836419839657,1
24,87,877.0240678847227,129.31553693554656,929.5142237076666,5.622485635769445,1.9108691721006503,1.51875,66.43024197348664,60.4503039251626,9.00183089911178,1
24,88,874.6549556159706,128.90057773665976,930.082810652167,5.633476577898608,1.9603767927195,1.51875,66.32599515810588,60.064815429501024,9.440008723095145,1
24,89,872.3281896356623,128.4901274898793,930.641234487441,5.644552212604658,1.9006404579509264,1.51875,66.22865865732987,59.796242224603105,9.712436523904836,1
24,90,870.0425565654873,128.08407349330042,931.189786424283,5.655710113130975,1.9241819703779122,1.51875,66.13787270031865,60.01839648730704,9.252605146131549,1
24,91,867.7967344634067,127.68228578546305,931.7287837287824,5.6669476355934805,1.9356819792872608,1.51875,66.05328187745829,59.91518294631485,9.292647930091965,1
24,92,865.5893180622454,127.28462049571766,932.258563665061,5.678261969457824,1.9404996867781095,1.51875,65.97453753692996,59.40628069126761,9.955745187278795,1
24,93,863.4188413534105,126.89092287744434,932.7794780751815,5.689650182706821,1.962177878700694,1.51875,65.90129975261011,59.223304292364816,10.133328910528517,1
24,94,861.2837975856492,126.50103002689146,933.2918885794442,5.701109261837965,1.923301886552688,1.51875,65.83323890236417,59.51292061738519,9.600497241754285,1
24,95,859.1826567905548,126.11477329655956,933.7961623702669,5.712636146914443,1.932443575585625,1.51875,65.77003689672975,58.28772752124811,11.376471305968936,1
24,96,857.1138809766351,125.7319804166938,934.2926685656076,5.72422776195327,1.921227791631807,1.51875,65.7113880976635,59.040916692169716,10.151164963339083,1
24,97,855.0759371539011,125.35247734176532,934.7817750830637,5.735881040974469,1.8942456694352787,1.51875,65.65699996574692,58.81995690389228,10.41327362721645,1
24,98,853.0673083627568,124.97608984101518,935.2638459929384,5.747592950058847,1.9289181538261388,1.51875,65.60659347227005,58.814228320653775,10.353174570002944,1
24,99,851.0865028860451,124.60264485339917,935.7392393073492,5.75936050577209,1.907276448579097,1.51875,65.55990331016194,58.57950075420428,10.64736554435351,1
24,100,849.1320618228455,124.23197162778371,936.208305162517,5.771180790312358,1.9243072399738865,1.51875,65.51667793499317,58.66546961747612,10.457197363265184,1
24,101,847.2025651982535,123.86390266916197,936.6713843524192,5.78305096372984,1.9768360737821364,1.51875,65.47667946438845,58.48265532561216,10.681702548126644,1
24,102,845.2966367759975,123.49827451112625,937.1288071737606,5.794968273551995,1.9307254485880343,1.51875,65.43968346127035,58.52611121987145,10.564800860460467,1
24,103,843.4129477312537,123.13492833396573,937.5808925444991,5.806930062129174,1.9331846358592295,1.51875,65.40547862349548,57.40688636229806,12.229238940733177,1
24,104,841.5502193301561,122.77371044666017,938.0279473607626,5.818933771993645,1.9203296088868385,1.51875,65.37386639970671,57.74682199061884,11.666809428793536,1
24,105,839.7072247508636,122.41447264979081,938.4702660597927,5.830976949501727,1.9376341581382712,1.51875,65.34466054865038,57.04565621689816,12.700355717011416,1
24,106,837.8827901691205,122.05707249505772,938.9081303594111,5.843057247004907,1.8992444292966764,1.51875,65.31768665682601,57.10284065611559,12.576755885233013,1
24,107,836.075795219388,121.70137345572927,939.3418091473469,5.8551724237721094,1.9318059472949938,1.51875,65.29278162716005,57.284304588315564,12.265486075589674,1
24,108,834.285172931103,121.34724502099495,939.7715584965352,5.867320345862206,1.923941177507966,1.51875,65.26979314943138,56.68462165187503,13.15336097036665,1
24,109,832.5099092286351,120.99456272587685,940.1976217851276,5.879498985123937,1.955853933886256,1.51875,65.24857916142108,56.49593718044661,13.414302799331393,1
24,110,830.7490420731892,120.64320812709974,940.6202299024346,5.891706417479712,1.947161889922945,1.51875,65.22900730820561,56.89060904057286,12.783267156334299,1
24,111,829.0016603153128,120.29306873413785,941.0396015243249,5.903940820630626,1.9467217211033043,1.51875,65.21095440564868,56.39485150806957,13.51935879168093,1
24,112,827.2669023178717,119.94403790355813,941.4559434437108,5.91620047130241,1.9182619910640857,1.51875,65.19430591296043,56.382636318948315,13.516011054364768,1
24,113,825.5439544013472,119.59601470377066,941.8694509436767,5.928483742136027,1.9115871198138397,1.51875,65.17895541816755,56.29014119427546,13.63755243830507,1
24,114,823.8320491560744,119.24890375637281,942.2803082025422,5.940789098312148,1.952696864147294,1.51875,65.1648041394589,55.729187327209154,14.4796212262936,1
24,115,822.130463659566,118.9026150594419,942.6886887217041,5.953115093985799,1.907970840861648,1.51875,65.15176044462464,55.71646477750373,14.482027197316311,1
24,116,820.4385176312933,118.55706379737993,943.0947557684896,5.96546036859592,1.919226709783149,1.51875,65.139739390176,55.779155870044036,14.370004559065947,1
24,117,818.7555715521942,118.21217014124475,943.4986628274734,5.977823643104388,1.936561366714684,1.51875,65.12866228120568,55.70925481343791,14.462768215778244,1
24,118,817.0810247716804,117.86785904290753,943.9005540547967,5.9902037162100275,1.927172740560256,1.51875,65.11845625261128,55.67740357109429,14.498274720906643,1
24,119,815.4143136209899,117.52406002585008,944.3005647309624,6.002599460575313,1.926023156249986,1.51875,65.1090538719454,55.634924526978544,14.551170354280227,1
25,0,1000.0,150.0,900.0,4.5,1.9649008819650482,1.51875,80.10039276386428,70.93149616500959,11.44675610503505,1
25,1,1000.0113597783277,149.98143531063855,899.9972736532013,4.515751886223322,1.9924285208173151,1.51875,80.1090538719454,70.71285435890053,11.729260375568451,1
25,2,1000.0246783859607,149.95747391751925,899.9940771873694,4.531507690105255,1.9760105356885656,1.51875,80.11845625261128,70.98549234147293,11.399325871110602,1
25,3,1000.0402069628768,149.9310421086366,899.9903503289096,4.5472679139257535,1.965099241420873,1.51875,80.12866228120568,71.0139209437335,11.375132290970571,1
25,4,1000.0582247459066,149.90294750705905,899.9860260609825,4.56303311615848,1.9698605743135416,1.51875,80.139739390176,71.23319140666332,11.113772082723415,1
25,5,1000.0790418982419,149.8736250804092,899.981029944422,4.578803917129817,2.0345242166944915,1.51875,80.15176044462463,70.70966744764841,11.780269010435001,1
25,6,1000.1030025871618,149.8433630481283,899.9752793790811,4.594581005174324,1.9984518190342189,1.51875,80.1648041394589,70.72311838166952,11.777844228701815,1
25,7,1000.1304883257471,149.81237686803465,899.9686828018207,4.610365143318161,2.008586745262681,1.51875,80.17895541816755,70.57208538033743,11.981784980517872,1
25,8,1000.1619215941337,149.78084160882622,899.9611388174079,4.626157176521601,1.9973793969552798,1.51875,80.19430591296044,70.6835610891001,11.859626086399345,1
25,9,1000.1977697552957,149.7489087212317,899.9525352587291,4.641958039510591,1.983627970004758,1.51875,80.21095440564868,70.62829762223424,11.946818055489436,1
25,10,1000.2385492793809,149.7167158111052,899.9427481729485,4.657768765225429,2.0042146712046405,1.51875,80.22900730820561,70.70656222456542,11.869080028697129,1
25,11,1000.2848302891283,149.6843928799335,899.9316407306092,4.67359049391159,1.998806946973362,1.51875,80.24857916142108,70.85416581148964,11.70664134879504,1
25,12,1000.3372414367892,149.65206662775424,899.9190620551706,4.689424482873578,1.9854782143507481,1.51875,80.26979314943138,70.99566263319196,11.553699283832177,1
25,13,1000.3964751201125,149.619863627726,899.904845971173,4.705272116906892,1.9725311683535485,1.51875,80.29278162716005,71.00929140990421,11.562048330027698,1
25,14,1000.4632930412046,149.5879128147412,899.8888096701108,4.721134919415743,2.018374353073814,1.51875,80.31768665682601,70.75529683180251,11.905708721269322,1
25,15,1000.5385321072662,149.55634754451367,899.8707522942561,4.737014564214532,2.0112038646522024,1.51875,80.34466054865038,71.43902759445443,11.08428723624192,1
25,16,1000.6231106661778,149.52530737877294,899.8504534401173,4.752912887999022,1.9714445620061647,1.51875,80.37386639970671,70.52870465923961,12.24920758633932,1
25,17,1000.7180350624399,149.49493969432487,899.8276715850144,4.768831903458214,1.9938068797901607,1.51875,80.40547862349548,70.82722809183413,11.912435191776186,1
25,18,1000.8244064898819,149.4654011787258,899.8021424424284,4.784773812979764,2.0251397261699857,1.51875,80.43968346127035,71.03630450668237,11.689975084394092,1
25,19,1000.9434281066021,149.43685925302245,899.7735772544155,4.800741022879871,1.971723673626022,1.51875,80.47667946438845,70.64943922147081,12.211289417409759,1
25,20,1001.0764123645691,149.40949344702165,899.7416610325034,4.816736158062471,2.0095657609685422,1.51875,80.51667793499317,70.86419081860076,11.988183521661867,1
25,21,1001.2247884909792,149.38349674185605,899.706050762165,4.832762076981958,1.9886442377759341,1.51875,80.55990331016194,71.31858833698703,11.471358074494109,1
25,22,1001.3901100406189,149.35907688644596,899.6663735902515,4.8488218867479045,1.9780824947481088,1.51875,80.60659347227005,71.02414850570796,11.887917047206079,1
25,23,1001.5740624179354,149.33645768777245,899.6222250196955,4.864918958169204,1.9874362935902752,1.51875,80.65699996574692,71.2665754307408,11.642417321489772,1
25,24,1001.7784702441587,149.31588026900755,899.5731671414019,4.8810569404883175,1.999582548496932,1.51875,80.7113880976635,71.02322857099568,12.003460422393946,1
25,25,1002.0053044185671,149.29760428408625,899.5187269395439,4.897239775503801,1.9890406430166558,1.51875,80.77003689672975,70.98923665954501,12.109441338611973,1
25,26,1002.256688693903,149.28190907198453,899.4583947134632,4.913471710721139,1.9582154136483365,1.51875,80.83323890236417,71.1754926751962,11.947741248910306,1
25,27,1002.5349055542159,149.26909472863048,899.3916226669882,4.929757311108432,2.025611497003387,1.51875,80.90129975261011,70.91147841563259,12.34815926014245,1
25,28,1002.842401149379,149.25948306894065,899.317823724149,4.946101468965424,1.9723070675946714,1.51875,80.97453753692996,70.89977599474307,12.441888337543276,1
25,29,1003.1817890048219,149.2534184459235,899.2363706388427,4.962509411342977,2.002259497361188,1.51875,81.05328187745829,71.34935564132269,11.972280469539331,1
25,30,1003.5558521884958,149.2512683881691,899.146595474761,4.978986704376991,1.9845969079383963,1.51875,81.13787270031865,70.95818437843043,12.546161222992284,1
25,31,1003.9675435809611,149.25342401144866,899.0477895405694,4.995539253828589,1.989615197619524,1.51875,81.22865865732987,70.80444638969901,12.833170508953378,1
25,32,1004.4199838603529,149.2603001547431,898.9392038735153,5.012173301054039,1.9906361931238754,1.51875,81.32599515810588,71.57593047304009,11.988866125905611,1
25,33,1004.9164567838603,149.2723351860339,898.8200503718735,5.028895413567721,1.962743679054052,1.51875,81.43024197348664,70.87611377661494,12.960944166551885,1
25,34,1005.460401323729,149.289990418915,898.689503682305,5.045712469314124,2.019356419620623,1.51875,81.54176037375878,71.2455344421164,12.626936044117887,1
25,35,1006.0554002016139,149.31374907789197,898.5467039516127,5.0626316337365616,2.010486618705602,1.51875,81.66090976958553,71.42818215418482,12.5307538751079,1
25,36,1006.7051643637441,149.34411474855037,898.3907605527014,5.079660328727488,1.984528565447899,1.51875,81.78804383033176,71.64239722819818,12.404804085033009,1
25,37,1007.4135129545675,149.3816092490971,898.2207568909038,5.0968061925758015,1.9700876846517967,1.51875,81.92350606388779,71.60151348242661,12.5995493569472,1
25,38,1008.184348382293,149.42676986264115,898.0357563882496,5.11407703009792,1.9801378734902437,1.51875,82.06762485447403,71.24163539797588,13.191547185257615,1
25,39,1009.0216261300561,149.48014587554462,897.8348097287866,5.131480752260112,1.9945173032812535,1.51875,82.22070797047535,71.64416477273107,12.863600252070567,1
25,40,1009.9293190550571,149.54229437678754,897.6169634267862,5.149025304776781,1.9846271652178313,1.51875,82.38303657321373,71.43231671394497,13.292445040596268,1
25,41,1010.9113760381214,149.61377528704253,897.3812697508508,5.166718585409576,2.0195956691419816,1.51875,82.55485877965769,72.17308180553326,12.575609876377868,1
25,42,1011.9716749997921,149.6951456044196,897.1267980000499,5.1845683499995845,2.007050779470165,1.51875,82.73638285709535,71.90208686976578,13.094959693902592,1
25,43,1013.1139704868674,149.78695287681768,896.8526470831519,5.202582107640401,1.953184003996657,1.51875,82.9277701552076,72.63749547134536,12.408719858984464,1
25,44,1014.3418362536655,149.88972793844587,896.5579592991203,5.220767005840664,1.986545711626608,1.51875,83.12912790989067,71.96229745477798,13.433113922736176,1
25,45,1015.6586035111545,150.00397697997158,896.2419351573229,5.239129707022309,1.9961036932763878,1.51875,83.34050208237963,72.66129217130957,12.813949573418668,1
25,46,1017.067295787218,150.13017305714283,895.9038490110677,5.257676258241102,1.987306650665016,1.51875,83.56187042515853,72.81249209431118,12.86397525109845,1
25,47,1018.5705616223102,150.26874718039863,895.5430652106455,5.276411956577954,2.009427660557063,1.51875,83.79313599093996,72.25698579085602,13.767416702641697,1
25,48,1020.1706066027497,150.42007916625542,895.15905441534,5.295341213205499,1.974291859673536,1.51875,84.03412132054993,72.98103519778572,13.153092992549995,1
25,49,1021.869126492091,150.58448846802978,894.7514096418981,5.314467419650849,1.9335154105105168,1.51875,84.28456355763416,72.76717040637902,13.66489030150757,1
25,50,1023.6672434402025,150.76222523625037,894.3198615743514,5.333792820213739,1.959151037754232,1.51875,84.54411074051889,72.84939927977103,13.832674278922905,1
25,51,1025.5654474094608,150.95346188522493,893.8642926217294,5.353318394818922,1.9817912600061414,1.51875,84.8123195123691,73.07191914305224,13.842800711994002,1
25,52,1027.5635450377774,151.1582854588995,893.3847491909335,5.373043756742222,1.9767224367444733,1.51875,85.08865446851274,73.02418447467404,14.178705808896277,1
25,53,1029.6606181410893,151.37669109382335,892.8814516461385,5.392967069615512,2.033605887123099,1.51875,85.37248932366903,74.14608544813716,13.149908084523215,1
25,54,1031.8549939298434,151.60857686760363,892.3548014568375,5.413084987859687,1.9645263453815998,1.51875,85.66311003197218,74.20113386568023,13.380294227017878,1
25,55,1034.1442287674734,151.8537402963443,891.8053850958064,5.4333926242016135,1.9797783519772685,1.51875,85.95971993032262,73.98208802001702,13.934005275976299,1
25,56,1036.5251069345475,152.1118767038256,891.2339743357086,5.4538835472024285,1.9865021825887872,1.51875,86.26144690306528,73.96387709404732,14.256159907492771,1
25,57,1038.9936553898585,152.3825796293906,890.641522706434,5.474549810779717,2.0074447086588485,1.51875,86.56735248671302,74.43754779802573,14.011985281112826,1
25,58,1041.5451749584774,152.6653433727046,890.0291580099654,5.495382016583622,1.9782366333223407,1.51875,86.876442751748,74.21400990942071,14.575220210742938,1
25,59,1044.1742877547003,152.95956769499566,889.3981709388719,5.516369408842734,1.9698957615123431,1.51875,87.18768071940886,74.34256435909805,14.732719409809187,1
25,60,1046.875,153.26456461236046,888.75,5.5375,1.9880121327550289,1.51875,87.5,74.73351973316007,14.590263162102781,1
25,61,1049.6407787620897,153.57956713223567,888.0862130970985,5.558760724190845,1.9824564515363547,1.51875,87.81231928059114,75.74837664049879,13.738325942108217,1
25,62,1052.4646405616274,153.9037397045071,887.4084862652094,5.580137614456588,2.011753653245157,1.51875,88.123557248252,75.60599158548602,14.204562382227564,1
25,63,1055.3392493059457,154.2361900891024,886.718580166573,5.601615998611892,1.9860259672638625,1.51875,88.43264751328698,76.41892645585565,13.585164976120689,1
25,64,1058.2570206462315,154.5759822867871,886.0183150449044,5.623180707959129,1.9981827841938997,1.51875,88.73855309693472,76.03053505911005,14.3207406412666,1
25,65,1061.2102296384405,154.92215014268837,885.3095448867742,5.644816292610215,1.9592472994443164,1.51875,89.04028006967738,76.48371228387344,14.1021207210691,1
25,66,1064.1911185301913,155.27371121485405,884.5941315527541,5.666507237060383,2.0043541372383826,1.51875,89.33688996802782,76.48290751587633,14.388213488013418,1
25,67,1067.1920015952264,155.6296805034324,883.8739196171456,5.68823816985712,1.993591716889486,1.51875,89.62751067633097,76.82774713266942,14.28106554234775,1
25,68,1070.2053641813682,155.98908365879464,883.1507125964716,5.70999406169607,1.9840870138027453,1.51875,89.91134553148726,76.45747832506135,14.963481112307814,1
25,69,1073.223953504847,156.35096932672695,882.4262511588367,5.731760407009694,1.9833320337124027,1.51875,90.1876804876309,77.76956894186182,13.769188295592327,1
25,70,1076.2408591837166,156.7144203422088,881.7021937959081,5.7535233850341,1.9751396106753942,1.51875,90.45588925948111,77.7637980510568,14.031249167222128,1
25,71,1079.249582021664,157.07856354609933,880.9801003148007,5.775269997376661,1.972648647652887,1.51875,90.71543644236584,78.12971920659052,13.873843007712797,1
25,72,1082.2440900958754,157.4425780668185,880.2614183769899,5.796988180191751,1.983437197836002,1.51875,90.96587867945007,78.02313148541509,14.22813408931414,1
25,73,1085.2188617355607,157.80570197749992,879.5474731834654,5.818666890137788,2.014418691140028,1.51875,91.20686400906004,78.88168919244451,13.513429006166913,1
25,74,1088.1689154727364,158.16723730423416,878.8394602865433,5.840296164278806,1.975669526508162,1.51875,91.43812957484147,78.99283468441938,13.610618402070115,1
25,75,1091.0898274814092,158.5265534197443,878.1384414044618,5.861867154962818,1.998515901843133,1.51875,91.65949791762037,79.32370305574317,13.458283257196202,1
25,76,1093.9777373800323,158.8830889068333,877.4453430287923,5.883372141426731,1.953882543866824,1.51875,91.87087209010933,79.66390629972341,13.287090361363951,1
25,77,1096.8293435467724,159.23635201580876,876.7609575487746,5.904804520426879,1.9763736825282108,1.51875,92.0722298447924,79.53624918439054,13.615376407776763,1
25,78,1099.6418892861004,159.58591986927428,876.085946571336,5.9261587785722005,2.0405252968319294,1.51875,92.26361714290465,80.0459529145441,13.242125776877936,1
25,79,1102.4131412924003,159.9314365863889,875.420846089824,5.947430449251467,1.980041212277782,1.51875,92.44514122034231,79.50245600214777,14.000395312659805,1
25,80,1105.1413618898857,160.27261050773137,874.7660731464275,5.968616057113104,2.0155629444656524,1.51875,92.61696342678627,80.04233001559109,13.577030541640928,1
25,81,1107.8252764991144,160.60921070249296,874.1219336402125,5.989713052998229,1.9676988837167355,1.51875,92.77929202952465,80.55788197537089,13.172562310849075,1
25,82,1110.4640377013677,160.94106293334363,873.4886309516718,6.010719742069402,2.0160958976207315,1.51875,92.93237514552597,81.1738216362398,12.652806399140292,1
25,83,1113.0571871559703,161.26804524254516,872.8662750825672,6.031635207645274,1.9846109115899202,1.51875,93.07649393611221,81.25109168927602,12.705036198455389,1
25,84,1115.604616484597,161.59008330728705,872.2548920436967,6.052459232969194,1.9757599479293033,1.51875,93.21195616966824,81.43143228518967,12.638425764861298,1
25,85,1118.1065280817947,161.907145694222,871.6544332603693,6.073192222830256,1.9892343966822883,1.51875,93.33909023041448,81.92503173768279,12.22859411266517,1
25,86,1120.5633966517444,162.21923912403756,871.0647848035813,6.093835126636822,2.0071112242355045,1.51875,93.45823962624122,82.02708020518999,12.231301880676117,1
25,87,1122.9759321152774,162.52640383765055,870.4857762923334,6.114389364230554,1.9805207106358034,1.51875,93.56975802651336,82.30649589991921,12.03728893196737,1
25,88,1125.3450443840293,162.82870913706034,869.917189347833,6.1348567554347255,1.9859282924626644,1.51875,93.67400484189412,81.98625501094965,12.477047234898746,1
25,89,1127.6718103643377,163.12624915663773,869.358765512559,6.155239454062009,1.9797019059485068,1.51875,93.77134134267013,82.55006570358333,11.966636584711644,1
25,90,1129.9574434345127,163.4191389050455,868.810213575717,6.175539886869025,2.00597197746002,1.51875,93.86212729968135,82.70592950694842,11.88572868918005,1
25,91,1132.2032655365933,163.70751060431212,868.2712162712176,6.195760697739853,1.9635836875619335,1.51875,93.94671812254171,82.95587960089067,11.699012739662573,1
25,92,1134.4106819377546,163.9915103408892,867.741436334939,6.215904697208843,1.9900367825878564,1.51875,94.02546246307004,83.2241853772848,11.487608572015919,1
25,93,1136.5811586465895,164.2712950337961,867.2205219248185,6.2359748172931795,2.0061650921058143,1.51875,94.09870024738989,83.6921888244425,11.059144701880243,1
25,94,1138.7162024143508,164.5470297170897,866.7081114205558,6.255974071495368,1.9758834443390922,1.51875,94.16676109763583,83.37950976262071,11.455476655749543,1
25,95,1140.8173432094452,164.81888512773588,866.2038376297331,6.275905519752224,1.966963687567616,1.51875,94.22996310327025,83.965952697264,10.892512389883379,1
25,96,1142.8861190233652,165.08703558532184,865.7073314343924,6.29577223804673,2.01674406395348,1.51875,94.2886119023365,83.89785862579058,11.020157224616472,1
25,97,1144.9240628460989,165.35165714673235,865.2182249169363,6.3155772923588644,1.9829390504922255,1.51875,94.34300003425308,84.598920270083,10.328354791168715,1
25,98,1146.9326916372434,165.61292601671744,864.7361540070616,6.33532371660782,1.9978788188510257,1.51875,94.39340652772995,84.49268449349319,10.488785603185354,1
25,99,1148.9134971139551,165.87101719401653,864.2607606926508,6.35501449422791,1.963949331667251,1.51875,94.44009668983806,84.72682833262175,10.28511055967764,1
25,100,1150.8679381771544,166.12610333219004,863.791694837483,6.374652543020976,1.9691849349765302,1.51875,94.48332206500683,84.37342600798611,10.700191140680747,1
25,101,1152.7974348017465,166.37835379439187,863.3286156475808,6.394240702936826,1.9808322302513912,1.51875,94.52332053561155,84.73126737285276,10.359404544056032,1
25,102,1154.7033632240027,166.62793388184843,862.8711928262394,6.413781726448005,1.9833356678990246,1.51875,94.56031653872965,84.65871451125038,10.471202286451538,1
25,103,1156.5870522687462,166.87500421667679,862.4191074555009,6.433278271204159,2.006943987916079,1.51875,94.59452137650452,85.62826862214386,9.47861739124746,1
25,104,1158.449780669844,167.1197202607727,861.9720526392374,6.452732894673021,1.9488208123039092,1.51875,94.62613360029329,85.71525066639096,9.416936521513662,1
25,105,1160.2927752491364,167.36223195374993,861.5297339402073,6.472148050498273,1.971557089190293,1.51875,94.65533945134962,85.87353782056483,9.277661124757152,1
25,106,1162.1172098308796,167.60268345424151,861.0918696405889,6.491526086328426,1.986398731933397,1.51875,94.68231334317399,85.8118947098139,9.368612067186666,1
25,107,1163.924204780612,167.8412129702401,860.6581908526531,6.510869242894557,1.9840657087983011,1.51875,94.70721837283995,86.33848114065549,8.83643018554163,1
25,108,1165.7148270688972,168.0779526655065,860.2284415034648,6.530179654137795,1.962975901536225,1.51875,94.73020685056862,86.31237035583636,8.886116450701836,1
25,109,1167.490090771365,168.31302863039312,859.8023782148724,6.549459348209396,2.0097942650845164,1.51875,94.75142083857892,86.55311677687278,8.652433904577528,1
25,110,1169.2509579268105,168.54656090668266,859.3797700975654,6.568710249186955,2.034261640073194,1.51875,94.77099269179439,86.36862904330954,8.865965639729295,1
25,111,1170.9983396846872,168.7786635572262,858.9603984756751,6.587934179369375,2.0069137582385963,1.51875,94.78904559435132,86.64199861281051,8.594924582747684,1
25,112,1172.7330976821283,169.00944477226074,858.5440565562892,6.607132862030923,2.0124357833137787,1.51875,94.80569408703957,86.84327396863812,8.398672880440373,1
25,113,1174.4560455986527,169.23900700529765,858.1305490563233,6.626307924530639,1.9800101461494761,1.51875,94.82104458183245,87.37782056601863,7.849759564070373,1
25,114,1176.1679508439256,169.4674471323955,857.7196917974578,6.645460901687851,1.977936423006347,1.51875,94.8351958605411,86.72597358856002,8.550857303976061,1
25,115,1177.869536340434,169.69485662946406,857.3113112782959,6.664593239347535,1.977430724123249,1.51875,94.84823955537536,87.49970780344647,7.747673321483828,1
25,116,1179.5614823687067,169.92132176299629,856.9052442315104,6.683706298070748,2.0156084368184675,1.51875,94.860260609824,87.54171311238471,7.715082638810876,1
25,117,1181.2444284478058,170.14692379029503,856.5013371725266,6.702801356895612,2.014131603131406,1.51875,94.87133771879432,87.26285719532834,8.019788385421618,1
25,118,1182.9189752283196,170.37173916585562,856.0994459452033,6.721879617123307,1.9789023924903675,1.51875,94.88154374738872,87.71800928500257,7.549976717767414,1
25,119,1184.5856863790102,170.59583975109044,855.6994352690376,6.740942206091354,1.9854764732372752,1.51875,94.8909461280546,87.9969162770892,7.265213523808642,1
26,0,875.0,131.25,950.0,4.25,1.978397707290527,1.6921875,70.10039276386428,58.926789232085305,15.939430709636197,1
26,1,875.0113597783277,131.2338343853238,949.9972736532013,4.263720636223322,1.99595470923815,1.6921875,70.1090538719454,59.16121882972093,15.615436862435427,1
26,2,875.0246783859607,131.21298554380814,949.9940771873694,4.277445190105254,1.9482776642137383,1.6921875,70.11845625261128,59.3262954422428,15.391326887586132,1
26,3,875.0402069628768,131.19000791332212,949.9903503289096,4.291174163925754,1.9722808216558354,1.6921875,70.12866228120568,58.55848072288863,16.498506005892867,1
26,4,875.0582247459066,131.16560989916186,949.9860260609825,4.30490811615848,1.939113475653953,1.6921875,70.139739390176,58.99501881980455,15.889309922261303,1
26,5,875.0790418982419,131.14017545292558,949.981029944422,4.3186476671298175,1.9281307441059,1.6921875,70.15176044462463,59.64968736976724,14.970505384747057,1
26,6,875.1030025871618,131.1139610583153,949.9752793790811,4.332393505174323,1.9762475464350906,1.6921875,70.1648041394589,59.05894381548614,15.82824959063358,1
26,7,875.1304883257471,131.08716029826655,949.9686828018207,4.346146393318161,1.9529487717220386,1.6921875,70.17895541816755,58.86661014638718,16.11928419905191,1
26,8,875.1619215941337,131.05993214678384,949.9611388174079,4.359907176521601,1.9205222596348857,1.6921875,70.19430591296044,58.50322719380475,16.65530924068457,1
26,9,875.1977697552957,131.03241566211764,949.9525352587291,4.373676789510592,1.9978253174196559,1.6921875,70.21095440564868,59.5598870501266,15.170093393097602,1
26,10,875.2385492793809,131.00473858247352,949.9427481729485,4.3874562652254285,1.948287347695823,1.6921875,70.22900730820561,59.32384756596174,15.527999270138764,1
26,11,875.2848302891283,130.9770228463314,949.9316407306092,4.40124674391159,1.9699313182942444,1.6921875,70.24857916142108,59.25976178989186,15.642761039021874,1
26,12,875.3372414367892,130.94938842859025,949.9190620551706,4.415049482873578,1.9312993475042897,1.6921875,70.26979314943138,58.503320687496206,16.744709119768324,1
26,13,875.3964751201125,130.92195619855536,949.904845971173,4.428865866906892,1.9834547899757016,1.6921875,70.29278162716005,58.4984605791645,16.778850936009064,1
26,14,875.4632930412046,130.89485018581834,949.8888096701108,4.442697419415743,1.9568390319666535,1.6921875,70.31768665682601,58.9660069864039,16.14342025473923,1
26,15,875.5385321072662,130.86819947783113,949.8707522942561,4.456545814214532,1.9505998835607756,1.6921875,70.34466054865038,59.17169760468503,15.883171312253513,1
26,16,875.6231106661778,130.84213988496876,949.8504534401173,4.470412887999022,1.9462510541987348,1.6921875,70.37386639970671,59.199389452863095,15.878731009854233,1
26,17,875.7180350624399,130.81681545828414,949.8276715850144,4.484300653458213,1.9626260110881277,1.6921875,70.40547862349548,59.73100437072266,15.16142558998324,1
26,18,875.8244064898819,130.79237991447917,949.8021424424284,4.498211312979763,1.9320947149579413,1.6921875,70.43968346127035,59.094275049176105,16.106557915372033,1
26,19,875.9434281066021,130.76899800299776,949.7735772544155,4.512147272879871,1.9684298047918591,1.6921875,70.47667946438845,59.04719191922837,16.21740358941762,1
26,20,876.0764123645691,130.74684683686812,949.7416610325034,4.526111158062472,1.933061400636547,1.6921875,70.51667793499317,59.483620094587806,15.646026108286538,1
26,21,876.2247884909792,130.72611719934508,949.706050762165,4.540105826981958,1.966541589397185,1.6921875,70.55990331016194,58.7651116596362,16.715997467682296,1
26,22,876.3901100406189,130.70701483099563,949.6663735902515,4.554134386747904,1.968576262045469,1.6921875,70.60659347227005,59.67054642567137,15.488705103573212,1
26,23,876.5740624179354,130.68976169570234,949.6222250196955,4.568200208169204,1.9590765841259854,1.6921875,70.65699996574692,59.16657780995327,16.26225591429579,1
26,24,876.7784702441587,130.6745972185592,949.5731671414019,4.582306940488317,1.9911630034151702,1.6921875,70.7113880976635,58.91820374616177,16.67791379687455,1
26,25,877.0053044185671,130.6617794834317,949.5187269395439,4.596458525503801,1.9943539436467175,1.6921875,70.77003689672975,59.52195539763811,15.893847159505167,1
26,26,877.256688693903,130.65158637282303,949.4583947134632,4.610659210721139,1.9413185235147035,1.6921875,70.83323890236417,59.00735676051369,16.69538528112651,1
26,27,877.5349055542159,130.64431662749098,949.3916226669882,4.624913561108432,1.949306646120658,1.6921875,70.90129975261011,58.686499801442636,17.227892850748212,1
26,28,877.842401149379,130.64029079792897,949.317823724149,4.639226468965425,1.9650123377757214,1.6921875,70.97453753692996,59.01014539466006,16.857302009251566,1
26,29,878.1817890048219,130.63985205435384,949.2363706388427,4.653603161342978,1.9657339292229299,1.6921875,71.05328187745829,58.91438548974457,17.084216333101985,1
26,30,878.5558521884958,130.64336681627947,949.146595474761,4.668049204376992,1.9782631675321938,1.6921875,71.13787270031865,59.563032084324284,16.27099627332899,1
26,31,878.9675435809611,130.65122515720756,949.0477895405694,4.682570503828589,1.9456853225130994,1.6921875,71.22865865732987,59.45665887050397,16.52705527343872,1
26,32,879.4199838603529,130.66384093459806,948.9392038735153,4.697173301054039,1.9614613139804955,1.6921875,71.32599515810588,59.842439241151496,16.100099117438436,1
26,33,879.9164567838603,130.68165159032375,948.8200503718735,4.7118641635677205,1.9391533234364065,1.6921875,71.43024197348664,59.3741267501279,16.8781665724074,1
26,34,880.460401323729,130.70511756256332,948.689503682305,4.726649969314125,1.9469892300601483,1.6921875,71.54176037375878,59.48327138287758,16.855175114343705,1
26,35,881.0554002016139,130.7347212469105,948.5467039516127,4.741537883736561,1.9704683748499756,1.6921875,71.66090976958553,59.34092738062054,17.192054117897705,1
26,36,881.7051643637441,130.77096544280963,948.3907605527014,4.756535328727488,1.9525207783665195,1.6921875,71.78804383033176,59.864205769108246,16.609782667159784,1
26,37,882.4135129545675,130.81437122175888,948.2207568909038,4.771649942575801,1.9869493960328326,1.6921875,71.92350606388779,59.80700672173666,16.846369156960105,1
26,38,883.184348382293,130.8654751565975,948.0357563882496,4.78688953009792,1.9570436408194407,1.6921875,72.06762485447403,59.62716656205735,17.262201047332518,1
26,39,884.0216261300561,130.92482585716337,947.8348097287866,4.802262002260112,1.9707654293688497,1.6921875,72.22070797047535,59.84384894567272,17.137548734446675,1
26,40,884.9293190550572,130.9929797672276,947.6169634267862,4.817775304776781,1.9268233860364778,1.6921875,72.38303657321373,59.98523106964283,17.1280538790754,1
26,41,885.9113760381214,131.0704961913707,947.3812697508508,4.8334373354095765,1.9425915070058526,1.6921875,72.55485877965769,59.48023019524589,18.02033496353184,1
26,42,886.9716749997922,131.15793153873307,947.1267980000499,4.849255849999584,1.9264360050321292,1.6921875,72.73638285709535,59.91308925000843,17.629820322906006,1
26,43,888.1139704868674,131.25583279355357,946.8526470831519,4.8652383576404015,1.9394724155506518,1.6921875,72.9277701552076,59.382641136194025,18.573348657426827,1
26,44,889.3418362536655,131.36473025003787,946.5579592991203,4.881392005840665,1.9526337926575676,1.6921875,73.12912790989067,60.04307369855354,17.894448608031666,1
26,45,890.6586035111545,131.48512958099744,946.2419351573229,4.897723457022309,1.9568048805011362,1.6921875,73.34050208237963,60.11132727277072,18.038020512525605,1
26,46,892.067295787218,131.61750334509014,945.9038490110677,4.914238758241103,1.9963894960648494,1.6921875,73.56187042515853,60.600788045527416,17.619294214137273,1
26,47,893.5705616223102,131.76228207516334,945.5430652106455,4.930943206577954,1.9498106363218743,1.6921875,73.79313599093996,60.51089634773155,17.999288775095764,1
26,48,895.1706066027497,131.919845128476,945.15905441534,4.9478412132055,1.9880957561442107,1.6921875,74.03412132054993,60.977194431349595,17.63636368785547,1
26,49,896.869126492091,132.0905115163492,944.7514096418981,4.964936169650849,1.931878666506803,1.6921875,74.28456355763416,60.49063306007375,18.569040237893166,1
26,50,898.6672434402026,132.27453096358957,944.3198615743514,4.982230320213739,1.944165965313837,1.6921875,74.54411074051889,60.80672951651264,18.42852652951324,1
26,51,900.5654474094608,132.47207547414257,943.8642926217294,4.999724644818921,1.947894438736783,1.6921875,74.8123195123691,61.1059797587508,18.320966176369073,1
26,52,902.5635450377773,132.6832316961069,943.3847491909335,5.017418756742222,1.9745173290146816,1.6921875,75.08865446851274,61.550301373359325,18.029825132677686,1
26,53,904.6606181410895,132.90799438391576,942.8814516461385,5.035310819615512,1.953266955936318,1.6921875,75.37248932366903,60.942746469970764,19.14457514031838,1
26,54,906.8549939298435,133.14626124606494,942.3548014568375,5.053397487859687,1.938994703956869,1.6921875,75.66311003197218,61.44456910127775,18.79190655087565,1
26,55,909.1442287674734,133.39782944187561,941.8053850958064,5.071673874201613,1.9349022136092766,1.6921875,75.95971993032262,62.12619082642028,18.211664177529556,1
26,56,911.5251069345475,133.66239395004519,941.2339743357086,5.090133547202428,1.9362120816226893,1.6921875,76.26144690306528,62.164511006743766,18.48500975104748,1
26,57,913.9936553898585,133.93954797594742,940.641522706434,5.108768560779717,1.926165295693853,1.6921875,76.56735248671302,62.3703342015998,18.541869117881372,1
26,58,916.5451749584774,134.22878549584507,940.0291580099654,5.1275695165836215,1.9570175286609521,1.6921875,76.876442751748,62.860484841779545,18.231798205373863,1
26,59,919.1742877547003,134.5295059576191,939.3981709388719,5.146525658842734,1.9371716506633772,1.6921875,77.18768071940886,62.43712118158253,19.109991905893985,1
26,60,921.875,134.84102107359652,938.75,5.165625,1.952394250766095,1.6921875,77.5,62.79446098542664,18.9748890510624,1
26,61,924.6407787620896,135.16256355657396,938.0862130970985,5.184854474190845,1.952883286176254,1.6921875,77.81231928059114,62.96993419328911,19.074595416929295,1
26,62,927.4646405616274,135.49329757050697,937.4084862652094,5.204200114456588,1.9529416519265905,1.6921875,78.123557248252,62.679072372965585,19.76930572453161,1
26,63,930.3392493059458,135.8323305977087,936.718580166573,5.223647248611892,1.9796695928264592,1.6921875,78.43264751328698,64.4171141700882,17.86951452942407,1
26,64,933.2570206462315,136.1787263692758,936.0183150449044,5.24318070795913,1.9657683248863236,1.6921875,78.73855309693472,63.4478067143182,19.41964359415158,1
26,65,936.2102296384406,136.53151846826358,935.3095448867742,5.262785042610215,1.939112130177338,1.6921875,79.04028006967738,64.19533188113613,18.781497453519645,1
26,66,939.1911185301913,136.88972419791764,934.5941315527541,5.282444737060382,1.9675122923112687,1.6921875,79.33688996802782,64.19564960206952,19.084741501790788,1
26,67,942.1920015952265,137.2523583105446,933.8739196171456,5.30214441985712,1.9748709902118875,1.6921875,79.62751067633097,63.91653255337852,19.73059058296355,1
26,68,945.205364181368,137.61844621534297,933.1507125964716,5.32186906169607,1.9748841453389263,1.6921875,79.91134553148726,64.85733295384063,18.83839206751304,1
26,69,948.223953504847,137.98703632332055,932.4262511588367,5.341604157009694,1.9398839429786392,1.6921875,80.1876804876309,64.57912669962128,19.465027162641604,1
26,70,951.2408591837165,138.35721124081255,931.7021937959081,5.3613358850341,1.9622294484492164,1.6921875,80.45588925948111,65.70054129304717,18.339674201904543,1
26,71,954.2495820216641,138.72809758592228,930.9801003148007,5.381051247376662,1.955241038154363,1.6921875,80.71543644236584,65.26805080075616,19.138081044311463,1
26,72,957.2440900958755,139.09887426996983,930.2614183769899,5.400738180191751,1.963628667997029,1.6921875,80.96587867945007,66.3271059433465,18.080175223021495,1
26,73,960.2188617355607,139.46877915442448,929.5474731834654,5.420385640137788,1.968428899055578,1.6921875,81.20686400906004,66.19551680940582,18.485318184407966,1
26,74,963.1689154727363,139.83711405893933,928.8394602865433,5.439983664278806,1.984258875513715,1.6921875,81.43812957484147,66.43544800390188,18.422183379288143,1
26,75,966.0898274814092,140.20324815482854,928.1384414044618,5.459523404962818,1.9441835086511008,1.6921875,81.65949791762037,65.98350022521699,19.196784320444422,1
26,76,968.9777373800322,140.56661982832708,927.4453430287923,5.478997141426731,1.9413698403987385,1.6921875,81.87087209010933,66.41604362939364,18.877078094032857,1
26,77,971.8293435467724,140.92673713783654,926.7609575487746,5.498398270426878,1.9729890651845303,1.6921875,82.0722298447924,67.25240771013272,18.057048239929145,1
26,78,974.6418892861003,141.2831770185469,926.085946571336,5.517721278572201,1.9633143440286136,1.6921875,82.26361714290465,66.86176054801388,18.722561844241984,1
26,79,977.4131412924002,141.63558340653447,925.420846089824,5.536961699251467,1.9955348432728377,1.6921875,82.44514122034231,67.37734192187355,18.276151966552717,1
26,80,980.1413618898856,141.98366446347225,924.7660731464275,5.556116057113105,1.9718725230003344,1.6921875,82.61696342678627,67.72882746158741,18.02067680494269,1
26,81,982.8252764991144,142.3271890836767,924.1219336402125,5.5751818029982285,1.9639761724593021,1.6921875,82.77929202952465,68.10549465271156,17.726410817308558,1
26,82,985.4640377013676,142.6659828588341,923.4886309516718,5.594157242069402,1.9458824995622848,1.6921875,82.93237514552597,68.53599645248933,17.359178086693557,1
26,83,988.0571871559703,142.99992366398075,922.8662750825672,5.613041457645274,1.9282127944525584,1.6921875,83.07649393611221,68.038914894118,18.10088308921471,1
26,84,990.6046164845972,143.32893701271183,922.2548920436967,5.631834232969194,1.9856514902810454,1.6921875,83.21195616966824,68.79008231864678,17.33149238988616,1
26,85,993.1065280817949,143.65299131159585,921.6544332603693,5.650535972830257,2.0106107247479326,1.6921875,83.33909023041448,68.86661023808642,17.365776314949922,1
26,86,995.5633966517444,143.97209312463033,921.0647848035813,5.669147626636822,1.9938114887234857,1.6921875,83.45823962624122,68.48491348607062,17.941099892865022,1
26,87,997.9759321152773,144.28628253932573,920.4857762923334,5.687670614230555,1.93153260333036,1.6921875,83.56975802651336,69.46696407157067,16.87547539681571,1
26,88,1000.3450443840294,144.59562870745285,919.917189347833,5.706106755434726,1.924995546282014,1.6921875,83.67400484189412,69.33638391129973,17.13509584928554,1
26,89,1002.6718103643377,144.90022561623041,919.358765512559,5.7244582040620084,1.983147084467247,1.6921875,83.77134134267013,69.79160819095043,16.687966227656574,1
26,90,1004.9574434345126,145.20018813014886,918.810213575717,5.742727386869025,1.9600248072006954,1.6921875,83.86212729968135,69.6838833688101,16.906611348177808,1
26,91,1007.2032655365933,145.49564832995117,918.2712162712176,5.760916947739853,1.9638474202861431,1.6921875,83.94671812254171,70.1875213382521,16.390392730070218,1
26,92,1009.4106819377545,145.78675216360125,917.741436334939,5.779029697208843,1.9465850160545801,1.6921875,84.02546246307004,70.30165648870219,16.33291334802184,1
26,93,1011.5811586465895,146.07365641434356,917.2205219248185,5.797068567293179,1.981371517678278,1.6921875,84.09870024738989,70.33786095992966,16.3627252822939,1
26,94,1013.7162024143508,146.3565259830909,916.7081114205558,5.8150365714953685,1.9611653597971168,1.6921875,84.16676109763583,70.71737270777186,15.979453426112356,1
26,95,1015.8173432094452,146.6355314762174,916.2038376297331,5.832936769752224,1.9708295871160988,1.6921875,84.22996310327025,71.02458820721469,15.677764075314974,1
26,96,1017.886119023365,146.91084708519588,915.7073314343924,5.85077223804673,1.939515403674665,1.6921875,84.2886119023365,70.75581129318664,16.055313171879067,1
26,97,1019.9240628460988,147.18264874120123,915.2182249169363,5.868546042358864,1.9499653289533108,1.6921875,84.34300003425308,70.82769085690667,16.024221538073842,1
26,98,1021.9326916372432,147.45111252560915,914.7361540070616,5.886261216607819,1.9238346243671476,1.6921875,84.39340652772995,70.27528504229342,16.72893898505875,1
26,99,1023.913497113955,147.71641331605304,914.2607606926508,5.90392074422791,1.9837119570293633,1.6921875,84.44009668983806,71.00480518589457,15.911032827559943,1
26,100,1025.8679381771544,147.97872364719166,913.791694837483,5.921527543020976,1.991133085328422,1.6921875,84.48332206500683,71.86806828028804,14.93224162635533,1
26,101,1027.7974348017465,148.23821276541975,913.3286156475808,5.939084452936826,1.9516891351981787,1.6921875,84.52332053561155,71.96696174699186,14.855496340006447,1
26,102,1029.7033632240027,148.49504585728752,912.8711928262394,5.956594226448005,1.9683055677285783,1.6921875,84.56031653872965,71.63026341188834,15.290923279502145,1
26,103,1031.5870522687462,148.74938343226162,912.4191074555009,5.974059521204159,1.9595033473217112,1.6921875,84.59452137650452,71.82350202530533,15.096745206890242,1
26,104,1033.449780669844,149.00138084155816,911.9720526392374,5.991482894673021,1.9728854628377257,1.6921875,84.62613360029329,72.07563081769405,14.830528406127893,1
26,105,1035.2927752491364,149.25118791602864,911.5297339402073,6.008866800498272,1.9578703120703704,1.6921875,84.65533945134962,72.39672285025027,14.480618329035494,1
26,106,1037.1172098308796,149.4989487074103,911.0918696405889,6.026213586328425,1.9622344828050915,1.6921875,84.68231334317399,73.09993530265977,13.67744642683151,1
26,107,1038.924204780612,149.74480131861702,910.6581908526531,6.043525492894557,1.9549836911371854,1.6921875,84.70721837283995,73.1183919219238,13.681037665418042,1
26,108,1040.7148270688972,149.98887781010018,910.2284415034648,6.060804654137794,1.9694028426810046,1.6921875,84.73020685056862,73.34643530215915,13.435316602597288,1
26,109,1042.490090771365,150.23130417062623,909.8023782148724,6.078053098209397,1.9530341870980075,1.6921875,84.75142083857892,73.27183056611675,13.545012176641475,1
26,110,1044.2509579268105,150.47220034207126,909.3797700975654,6.095272749186955,1.958617542342297,1.6921875,84.77099269179439,72.32469383211927,14.682261543080754,1
26,111,1045.9983396846872,150.71168028901593,908.9603984756751,6.112465429369374,1.9380060310938942,1.6921875,84.78904559435132,73.53275276908242,13.27564515718384,1
26,112,1047.7330976821283,150.94985210502205,908.5440565562892,6.129632862030923,1.9701282011199037,1.6921875,84.80569408703957,73.14729563973195,13.747188290614218,1
26,113,1049.4560455986527,151.18681814848088,908.1305490563233,6.1467766745306385,1.964210253771064,1.6921875,84.82104458183245,73.83318684715074,12.954164604847563,1
26,114,1051.1679508439256,151.42267520184748,907.7196917974578,6.163898401687851,1.9591095913995518,1.6921875,84.8351958605411,74.04709574154144,12.716538235774227,1
26,115,1052.869536340434,151.65751464890744,907.3113112782959,6.180999489347535,1.9716540089528791,1.6921875,84.84823955537536,73.9774932490859,12.811988042715697,1
26,116,1054.5614823687067,151.89142266547276,906.9052442315104,6.198081298070747,1.9495864064170214,1.6921875,84.860260609824,74.43198169729034,12.288766069764353,1
26,117,1056.2444284478058,152.12448041957379,906.5013371725266,6.215145106895611,1.9690661447518802,1.6921875,84.87133771879432,73.86855076744142,12.964078624292016,1
26,118,1057.9189752283196,152.3567642778079,906.0994459452033,6.232192117123306,1.9642208559159315,1.6921875,84.88154374738872,74.08136606041082,12.723823354485301,1
26,119,1059.5856863790102,152.58834601503168,905.6994352690376,6.249223456091354,1.9405115441457204,1.6921875,84.8909461280546,74.35914168645694,12.406275253088653,1
27,0,750.0,112.5,1000.0,4.0,1.9987292020286118,1.875,59.89960723613573,48.47249496091751,19.07710718397594,1
27,1,749.9886402216723,112.48497764376818,1000.0027263467987,4.011643947110011,1.999088285629467,1.875,59.8909461280546,47.93539890463045,19.96219461596355,1
27,2,749.9753216140393,112.46536331443635,1000.0059228126306,4.023283976561412,2.03637088269005,1.875,59.88154374738872,48.458341044184124,19.076333020727663,1
27,3,749.9597930371232,112.44343662576597,1000.0096496710904,4.034919586074246,2.033110365921205,1.875,59.87133771879432,48.34551692716005,19.250982574949518,1
27,4,749.9417752540934,112.4197790035017,1000.0139739390175,4.046550217174853,1.9868870839321549,1.875,59.860260609824,48.46597679863998,19.03480488575428,1
27,5,749.9209581017581,112.39466970436138,1000.018970055578,4.058175249536849,2.000171581039406,1.875,59.848239555375365,48.04098892478664,19.728651533123063,1
27,6,749.8969974128382,112.36826480925383,1000.0247206209189,4.069793994825677,2.03388300874172,1.875,59.835195860541106,48.232841241110926,19.390518327159793,1
27,7,749.8695116742529,112.34065510871874,1000.0313171981793,4.081405690015172,1.9676819958700589,1.875,59.821044581832446,48.762987597371705,18.485228838379484,1
27,8,749.8380784058663,112.3118908597669,1000.0388611825921,4.093009490145066,1.9944013632497177,1.875,59.80569408703956,48.20125177530459,19.40357434000546,1
27,9,749.8022302447043,112.28199410636502,1000.0474647412709,4.1046044604894085,1.9691795718253706,1.875,59.789045594351315,48.88306461197489,18.24076780949116,1
27,10,749.7614507206191,112.25096538973825,1000.0572518270515,4.116189568107905,1.9786977118217763,1.875,59.77099269179438,48.38292915869253,19.052826496999536,1
27,11,749.7151697108717,112.21878759049604,1000.0683592693908,4.127763672755076,2.022739730016779,1.875,59.75142083857892,48.5237356736405,18.79065804187402,1
27,12,749.6627585632108,112.18542816054156,1000.0809379448294,4.139325517126421,2.003294237326126,1.875,59.73020685056863,47.8673058805701,19.86080677684041,1
27,13,749.6035248798875,112.15084038066294,1000.095154028827,4.1508737164264415,1.9882928268506244,1.875,59.70721837283995,48.417783884440766,18.907989345446715,1
27,14,749.5367069587954,112.1149639901789,1000.1111903298892,4.162406747250924,1.9887438421662302,1.875,59.68231334317399,48.41789351115814,18.873966508713064,1
27,15,749.4614678927338,112.07772538904163,1000.1292477057439,4.173922935785468,2.018122191742273,1.875,59.65533945134962,48.66360054743393,18.425406686152073,1
27,16,749.3768893338222,112.03903753448549,1000.1495465598827,4.185420445334311,1.9799637364097165,1.875,59.62613360029329,48.997090781351964,17.82614799442411,1
27,17,749.2819649375601,111.99879961024554,1000.1723284149856,4.196897263208453,2.0198369104570526,1.875,59.594521376504524,48.36249403404247,18.847415975540237,1
27,18,749.1755935101181,111.95689652072733,1000.1978575575716,4.208351187020236,2.026278055227503,1.875,59.56031653872966,49.06995408523082,17.613006550556833,1
27,19,749.0565718933979,111.91319824732297,1000.2264227455845,4.2197798104534625,1.9757129215448328,1.875,59.523320535611546,48.243540771377866,18.95018567972065,1
27,20,748.9235876354309,111.86755909512807,1000.2583389674966,4.231180508604195,1.9569186903685036,1.875,59.48332206500683,48.34409248710499,18.726643353456698,1
27,21,748.7752115090208,111.81981685329735,1000.293949237835,4.2425504230180415,2.011795208404473,1.875,59.44009668983806,48.30753040754101,18.729051435409737,1
27,22,748.6098899593811,111.7697918898587,1000.3336264097485,4.253886446585429,1.991396652146004,1.875,59.39340652772995,47.67594052181944,19.72856364189144,1
27,23,748.4259375820646,111.71728620120926,1000.3777749803045,4.265185208497463,2.0119579972342057,1.875,59.34300003425308,48.730339147105546,17.88359348368275,1
27,24,748.2215297558413,111.66208243726928,1000.4268328585981,4.276443059511682,1.9926669544513016,1.875,59.2886119023365,48.39525509215607,18.373438777963923,1
27,25,747.994695581433,111.60394292507728,1000.481273060456,4.287656057829532,1.9731244372975691,1.875,59.22996310327026,48.3680799219832,18.338493917932798,1
27,26,747.743311306097,111.54260871627633,1000.5416052865368,4.298819955945527,1.996619677611077,1.875,59.16676109763582,48.002495801855495,18.86915066612701,1
27,27,747.4650944457841,111.4777986873227,1000.6083773330118,4.309930188891568,1.9892800507416475,1.875,59.098700247389885,48.08680388490393,18.633060145806336,1
27,28,747.157598850621,111.40920872522283,1000.682176275851,4.3209818643679085,2.012135989879821,1.875,59.02546246307004,47.806910826603406,19.00629180751553,1
27,29,746.8182109951781,111.33651103605177,1000.7636293611573,4.33196975532369,1.996545016934613,1.875,58.94671812254171,48.15069175985564,18.31488962666707,1
27,30,746.4441478115042,111.259353618286,1000.853404525239,4.342888295623008,1.982506539075333,1.875,58.86212729968135,48.663403535115684,17.326461397906144,1
27,31,746.0324564190389,111.17735994792667,1000.9522104594306,4.353731579504744,1.9874174139647434,1.875,58.77134134267012,47.897242600517416,18.50238312369045,1
27,32,745.5800161396471,111.09012892728758,1001.0607961264847,4.364493365612628,1.9849211645695202,1.875,58.674004841894124,48.602373578839845,17.165406196822246,1
27,33,745.0835432161397,110.99723515390806,1001.1799496281265,4.375167086432279,2.0155454281379597,1.875,58.569758026513355,47.769876843153554,18.439347450387128,1
27,34,744.539598676271,110.89822957000875,1001.310496317695,4.385745864019208,2.0266119547431694,1.875,58.45823962624122,48.07996511072122,17.75331344541774,1
27,35,743.9445997983861,110.79264055584848,1001.4532960483873,4.396222532930105,2.0096323919882,1.875,58.33909023041448,47.859138565868435,17.963858577764434,1
27,36,743.2948356362559,110.67997553182026,1001.6092394472986,4.406589671272512,1.9894990038268308,1.875,58.211956169668234,48.00000759896235,17.54269954602023,1
27,37,742.5864870454325,110.5597231336383,1001.7792431090962,4.416839640757532,1.5935855789660585,1.875,58.076493936112215,48.0749928797877,17.22125489759556,1
27,38,741.815651617707,110.43135602197002,1001.9642436117504,4.426964636568747,1.579101501461108,1.875,57.93237514552597,47.92267968440978,17.27824111469944,1
27,39,740.9783738699439,110.29433438179292,1002.1651902712134,4.436956747739888,1.6022609465900142,1.875,57.779292029524655,47.50868928822514,17.775577340150402,1
27,40,740.0706809449428,110.14811015705165,1002.3830365732138,4.4468080285565526,1.621150478898559,1.875,57.61696342678627,47.17846810718377,18.11705216444923,1
27,41,739.0886239618786,109.99213205236344,1002.6187302491492,4.45651058125709,1.621772291259943,1.875,57.445141220342315,46.483826697771754,19.08136056368327,1
27,42,738.0283250002079,109.82585131519178,1002.8732019999501,4.466056650000415,1.5900875329015314,1.875,57.26361714290466,46.91587827724814,18.070354933802275,1
27,43,736.8860295131326,109.6487282888801,1003.1473529168481,4.475438725692932,1.579417203318535,1.875,57.072229844792396,47.03646900996631,17.584315282788634,1
27,44,735.6581637463345,109.4602396992663,1003.4420407008797,4.484649660826002,1.612202322929604,1.875,56.87087209010933,47.24816415969022,16.92027496109496,1
27,45,734.3413964888455,109.2598866056664,1003.7580648426771,4.493682792977691,1.6093048587099783,1.875,56.65949791762037,46.73907828337461,17.50883788040176,1
27,46,732.932704212782,109.04720291159497,1004.0961509889323,4.502532075092231,1.6118676523224735,1.875,56.43812957484146,46.87520733681576,16.944080730642398,1
27,47,731.4294383776898,108.82176429289557,1004.4569347893545,4.511192210088713,1.6232084469246906,1.875,56.20686400906004,46.97032749075026,16.4331112954833,1
27,48,729.8293933972503,108.5831973626567,1004.84094558466,4.5196587867945,1.6050968518443829,1.875,55.96587867945007,46.336854619160654,17.20516909140402,1
27,49,728.130873507909,108.33118885549821,1005.2485903581019,4.527928413682485,1.5914283204493287,1.875,55.71543644236584,46.306345833631305,16.887762547579893,1
27,50,726.3327565597974,108.06549458100105,1005.6801384256486,4.535998846452928,1.5981819968876452,1.875,55.45588925948111,46.42613693579248,16.282765355069746,1
27,51,724.4345525905392,107.78594786992815,1006.1357073782706,4.543869105181078,1.6187908113685314,1.875,55.18768048763089,46.208741652320704,16.269824634725534,1
27,52,722.4364549622227,107.49246722019738,1006.6152508090665,4.551539576591112,1.6048098193239797,1.875,54.91134553148726,46.1106186072632,16.02715584373642,1
27,53,720.3393818589105,107.18506284488298,1007.1185483538615,4.559012097051154,1.5941692173033235,1.875,54.627510676330964,45.62918387445464,16.47215238342377,1
27,54,718.1450060701565,106.86384183393828,1007.6451985431625,4.566290012140313,1.569378565619756,1.875,54.33688996802782,45.51920724902529,16.227801635667607,1
27,55,715.8557712325266,106.52901166621733,1008.1946149041936,4.57337820913172,1.613950232631326,1.875,54.04028006967738,45.3866135933408,16.013363485864414,1
27,56,713.4748930654525,106.1808818491004,1008.7660256642914,4.580283119464238,1.5997311828174514,1.875,53.73855309693472,45.55366828673224,15.23093633622479,1
27,57,711.0063446101415,105.81986351881379,1009.358477293566,4.587012689220282,1.6149011134944236,1.875,53.43264751328697,44.923500952424,15.924995217103968,1
27,58,708.4548250415226,105.44646690332873,1009.9708419900346,4.5935763167497115,1.6244285106950431,1.875,53.123557248252,45.408893738431445,14.522113934820133,1
27,59,705.8257122452998,105.06129662827621,1010.601829061128,4.599984757823933,1.581890326421599,1.875,52.81231928059115,44.59984223221985,15.55030561096648,1
27,60,703.125,104.66504493033489,1011.25,4.60625,1.628309137228894,1.875,52.5,44.64548865760924,14.960973985506207,1
27,61,700.3592212379104,104.25848292702858,1011.9137869029015,4.612385109142488,1.5600917646169332,1.875,52.18768071940886,44.016053116890234,15.658154357259177,1
27,62,697.5353594383726,103.84245017149482,1012.5915137347906,4.618404052210078,1.5994999310625206,1.875,51.876442751748,43.915647855602096,15.34568384775701,1
27,63,694.6607506940543,103.41784279040894,1013.281419833427,4.624321501388108,1.5962188481532413,1.875,51.56735248671303,44.06536331804636,14.547943237147281,1
27,64,691.7429793537685,102.98560055837126,1013.9816849550956,4.630152625374204,1.6337324156466648,1.875,51.26144690306528,43.78941738606895,14.576314108194877,1
27,65,688.7897703615595,102.5466932992588,1014.6904551132258,4.635912874056452,1.6259381595574254,1.875,50.95971993032263,44.087598715191135,13.485398319550743,1
27,66,685.8088814698087,102.10210702225542,1015.4058684472459,4.641617762939617,1.6331735169530117,1.875,50.66311003197218,43.53715612804291,14.065370048211145,1
27,67,682.8079984047735,101.65283019699713,1016.1260803828544,4.647282663476213,1.5652215406091907,1.875,50.37248932366903,43.32146053797952,13.997777120727628,1
27,68,679.794635818632,101.19984054952873,1016.8492874035284,4.652922604970597,1.6254553213222411,1.875,50.08865446851274,42.99233954949912,14.167509577392584,1
27,69,676.776046495153,100.74409272096261,1017.5737488411633,4.6585520929903055,1.6393790009674751,1.875,49.81231951236911,43.07094183394084,13.533555041046192,1
27,70,673.7591408162835,100.28650707733881,1018.2978062040919,4.6641849482992335,1.615852791109026,1.875,49.54411074051889,42.90570335229069,13.39898383280311,1
27,71,670.7504179783359,99.82795989637923,1019.0198996851993,4.669834169290005,1.6111547205911878,1.875,49.28456355763416,41.61469076398155,15.562424093871371,1
27,72,667.7559099041245,99.36927508906268,1019.7385816230101,4.675511819808249,1.5945045445365629,1.875,49.03412132054993,42.496176303319245,13.333460131752512,1
27,73,664.7811382644393,98.91121754555594,1020.4525268165346,4.681228943195545,1.5883354967640042,1.875,48.79313599093996,41.854555461815366,14.2204029075175,1
27,74,661.8310845272638,98.45448812989378,1021.1605397134567,4.686995502387861,1.5835905972879087,1.875,48.56187042515854,42.24452433096609,13.008860735560985,1
27,75,658.9101725185909,97.9997202890764,1021.8615585955382,4.692820345037182,1.6381171727143304,1.875,48.340502082379636,41.28169818123058,14.602256073219449,1
27,76,656.0222626199678,97.54747819225392,1022.5546569712077,4.698711191906602,1.607433283573752,1.875,48.12912790989067,41.11466013626123,14.574267347545161,1
27,77,653.1706564532276,97.09825627580241,1023.2390424512254,4.704674646239789,1.6167862163465978,1.875,47.927770155207604,41.27852097254031,13.873479114790019,1
27,78,650.3581107138997,96.65248004090907,1023.914053428664,4.710716221427799,1.6207214349982355,1.875,47.73638285709534,41.03067666667651,14.047369719011126,1
27,79,647.5868587075997,96.2105079315737,1024.579153910176,4.716840384081866,1.6631954476937396,1.875,47.554858779657685,40.462196946303756,14.914694345360823,1
27,80,644.8586381101144,95.77263411189654,1025.2339268535725,4.723050609553562,1.57027525647724,1.875,47.38303657321373,40.38707136436229,14.76470423764768,1
27,81,642.1747235008856,95.3390919609347,1025.8780663597875,4.729349447001772,1.5731275582547648,1.875,47.220707970475345,39.87164599919333,15.56321852666207,1
27,82,639.5359622986324,94.91005810978969,1026.5113690483283,4.735738591263932,1.5844610304820108,1.875,47.06762485447403,39.86729019465955,15.297850023401063,1
27,83,636.9428128440298,94.48565685735664,1027.1337249174328,4.742218959021393,1.5853949615269691,1.875,46.923506063887785,40.11906597545216,14.501133140330932,1
27,84,634.395383515403,94.06596481676591,1027.7451079563034,4.748790767030806,1.9943635423442634,1.875,46.788043830331766,40.05923350459437,14.381473929831715,1
27,85,631.8934719182051,93.65101566254417,1028.3455667396308,4.755453610503077,2.022371979055989,1.875,46.66090976958552,39.73129117781653,14.85101474872196,1
27,86,629.4366033482557,93.24080486766366,1028.9352151964185,4.762206540029845,1.9991964055918756,1.875,46.54176037375878,39.88140488237055,14.310493281520722,1
27,87,627.0240678847227,92.83529433889693,1029.5142237076666,4.769048135769445,1.9656559675535656,1.875,46.430241973486645,38.861677958009494,16.30093597142801,1
27,88,624.6549556159706,92.43441687744473,1030.0828106521672,4.775976577898607,2.0114096701419246,1.875,46.325995158105876,39.59686373334315,14.525605767985967,1
27,89,622.3281896356624,92.03808040906469,1030.6412344874411,4.7829897126046585,2.0457717262630184,1.875,46.22865865732988,39.362801296028216,14.851950198674075,1
27,90,620.0425565654873,91.64617194350717,1031.189786424283,4.790085113130974,2.0208821179111323,1.875,46.13787270031865,39.078466099813234,15.300676401702983,1
27,91,617.7967344634067,91.25856123674116,1031.7287837287824,4.79726013559348,2.010431867997672,1.875,46.05328187745829,39.47349368903917,14.287338318096573,1
27,92,615.5893180622454,90.8751041411418,1032.258563665061,4.804511969457824,1.9620074672034575,1.875,45.97453753692996,38.906047133842485,15.374793922417531,1
27,93,613.4188413534105,90.49564563853929,1032.7794780751815,4.811837682706821,2.0471990581675175,1.875,45.901299752610115,38.7848175111584,15.503879584688763,1
27,94,611.2837975856493,90.12002255889382,1033.2918885794443,4.819234261837965,2.0374987828306272,1.875,45.83323890236418,38.356369808507885,16.313202542337937,1
27,95,609.1826567905548,89.74806599352263,1033.7961623702668,4.826698646914442,2.0038463736826957,1.875,45.77003689672975,38.383437174140795,16.138505064470955,1
27,96,607.1138809766351,89.37960341644185,1034.2926685656075,4.8342277619532705,1.9601355019787947,1.875,45.7113880976635,37.84549485555465,17.207732185474615,1
27,97,605.0759371539011,89.01446053070312,1034.7817750830636,4.841818540974469,1.9825498219782904,1.875,45.65699996574692,38.320293487040665,16.069182128064575,1
27,98,603.0673083627568,88.6524628587986,1035.2638459929383,4.8494679500588465,2.021930385679651,1.875,45.60659347227005,38.06432949480905,16.5376613406719,1
27,99,601.0865028860451,88.29343709747221,1035.7392393073492,4.85717300577209,2.0209693815030843,1.875,45.55990331016194,37.7810836265969,17.07382834113699,1
27,100,599.1320618228455,87.937212257787,1036.208305162517,4.864930790312358,2.028525956956761,1.875,45.51667793499317,37.7049216989825,17.16240417889768,1
27,101,597.2025651982535,87.58362061121775,1036.6713843524192,4.87273846372984,2.0056446045145053,1.875,45.476679464388454,37.47204414515851,17.601626621614166,1
27,102,595.2966367759975,87.23249846200441,1037.1288071737606,4.880593273551995,2.018176333118699,1.875,45.43968346127035,37.30486096785283,17.90246294376385,1
27,103,593.4129477312537,86.88368676513542,1037.5808925444992,4.888492562129174,2.0240159511099316,1.875,45.40547862349548,36.967356994453795,18.58392838232368,1
27,104,591.5502193301561,86.53703160823106,1038.0279473607625,4.896433771993646,1.9825089984714062,1.875,45.37386639970671,37.35267825582711,17.677991276342837,1
27,105,589.7072247508636,86.19238457434821,1038.4702660597927,4.9044144495017274,2.0027164392743098,1.875,45.34466054865038,36.90055982707114,18.622039771407145,1
27,106,587.8827901691205,85.84960300139532,1038.908130359411,4.912432247004908,2.0222884782154793,1.875,45.31768665682601,36.74569088298714,18.915342786032763,1
27,107,586.075795219388,85.50855015248311,1039.3418091473468,4.9204849237721096,2.0004832984799625,1.875,45.29278162716005,37.20697162237165,17.85231490383825,1
27,108,584.2851729311029,85.16909531018226,1039.7715584965354,4.928570345862206,2.035270170482183,1.875,45.26979314943137,37.164748146964804,17.90387019377926,1
27,109,582.5099092286351,84.8311138063431,1040.1976217851275,4.936686485123937,1.998844808027292,1.875,45.24857916142108,36.91224118830658,18.423424840314222,1
27,110,580.7490420731895,84.49448699787696,1040.6202299024346,4.944831417479712,1.9855082670105966,1.875,45.22900730820562,36.140510011925436,20.094399230007667,1
27,111,579.0016603153128,84.15910219771735,1041.039601524325,4.953003320630626,1.9574782065134828,1.875,45.210954405648685,36.77325053455638,18.662963394637146,1
27,112,577.2669023178718,83.82485256908079,1041.4559434437108,4.96120047130241,1.9872077265844486,1.875,45.19430591296044,36.13939979658037,20.03550211351598,1
27,113,575.5439544013473,83.49163699013714,1041.8694509436766,4.969421242136027,1.9862808367274045,1.875,45.178955418167554,36.26824878195759,19.723135592078684,1
27,114,573.8320491560744,83.15935989527678,1042.280308202542,4.9776640983121485,1.9969746503516232,1.875,45.164804139458894,35.56073157448247,21.26450617458936,1
27,115,572.130463659566,82.82793109832865,1042.6886887217042,4.9859275939857985,2.013320574849691,1.875,45.151760444624635,35.419847151024555,21.553784830905027,1
27,116,570.4385176312933,82.4972656023329,1043.0947557684897,4.99421036859592,1.9877392090596604,1.875,45.139739390176004,35.08288971613191,22.279370262010904,1
27,117,568.7555715521942,82.16728339980229,1043.4986628274735,5.002511143104388,1.976008161322018,1.875,45.12866228120568,35.64528348152846,21.01409241998887,1
27,118,567.0810247716804,81.83790926681212,1043.9005540547967,5.010828716210027,1.9651966028039116,1.875,45.11845625261128,35.0255405162453,22.369816200840965,1
27,119,565.4143136209899,81.50907255373252,1044.3005647309624,5.019161960575313,2.004439945243314,1.875,45.109053871945406,35.22562175026862,21.910085167677547,1
28,0,875.0,131.25,950.0,4.25,1.9913448067005963,1.6921875,69.93307149075716,59.9550209630257,14.267999839032127,1
28,1,874.9924268144482,131.23278787178975,950.0018175645324,4.2636827702955635,2.0067931545106847,1.6921875,69.92729741870306,59.85432871151586,14.404916361736927,1
28,2,874.9835477426928,131.21037399742423,950.0039485417537,4.277362928818719,1.9905829665108823,1.6921875,69.92102916492581,58.972113663570305,15.658973605107867,1
28,3,874.9731953580822,131.18539366978737,950.0064331140603,4.291040140716165,1.9692610736235363,1.6921875,69.91422514586289,59.527912606736535,14.85579296267285,1
28,4,874.9611835027289,131.1585321593594,950.009315959345,4.304714033672124,1.9726413166480639,1.6921875,69.90684040654934,59.591552287973656,14.755763611380834,1
28,5,874.947305401172,131.13012868535841,950.0126467037187,4.318384194135677,1.97042124817564,1.6921875,69.89882637025025,59.31179291473602,15.14622491575938,1
28,6,874.9313316085588,131.10038250894158,950.0164804139459,4.332050163217118,1.958924865121573,1.6921875,69.89013057369407,58.90273001638966,15.720961553676007,1
28,7,874.9130077828352,131.06941978178347,950.0208781321196,4.345711432232337,1.9911866453799725,1.6921875,69.88069638788829,58.880409262269204,15.741524761801967,1
28,8,874.8920522705776,131.03732229263838,950.0259074550614,4.359367437874488,1.9873584827543667,1.6921875,69.87046272469304,59.00554987462382,15.550080000013278,1
28,9,874.8681534964696,131.00414191491882,950.0316431608474,4.373017556992939,2.006883685791647,1.6921875,69.85936372956755,58.44259137377771,16.342508357197875,1
28,10,874.8409671470795,130.9699086123872,950.0381678847009,4.386661100960826,1.9794866202304846,1.6921875,69.84732846119626,59.4209098719254,14.927440775438189,1
28,11,874.8101131405812,130.93463516113704,950.0455728462605,4.400297309614496,2.001994613257378,1.6921875,69.83428055905262,59.44143684779506,14.88215190026803,1
28,12,874.7751723754739,130.898320037853,950.0539586298863,4.413925344750948,2.0059208018864996,1.6921875,69.82013790037908,58.735335296674,15.876225594857921,1
28,13,874.7356832532582,130.86094920795387,950.063436019218,4.427544283173184,2.0039629582134375,1.6921875,69.80481224855997,59.0857146044639,15.355814733700104,1
28,14,874.6911379725303,130.82249721355453,950.0741268865927,4.441153109278394,2.0361062414269058,1.6921875,69.78820889544933,59.31844857877123,15.002190889241747,1
28,15,874.6409785951558,130.782927792742,950.0861651371625,4.454750707190311,2.001212362944598,1.6921875,69.77022630089975,59.246689082354656,15.083134707289009,1
28,16,874.5845928892147,130.7421941710695,950.0996977065885,4.4683358524450965,2.0001219256243785,1.6921875,69.75075573352886,59.173008324179115,15.165064948916493,1
28,17,874.5213099583734,130.7002391149526,950.1148856099904,4.48190720325008,1.9854191474031075,1.6921875,69.72968091766968,59.18427323916556,15.12326966038344,1
28,18,874.4503956734121,130.65699480655817,950.1319050383811,4.495463291346824,2.0097143483965,1.6921875,69.70687769248644,59.35547983113067,14.84989459292842,1
28,19,874.3710479289318,130.61238258162265,950.1509484970563,4.50900251252453,2.009527351183116,1.6921875,69.68221369040769,59.48328880406519,14.636338810439465,1
28,20,874.282391756954,130.56631256054604,950.1722259783311,4.522523116847241,2.0132028572571246,1.6921875,69.65554804333789,59.21525733877884,14.988455331746678,1
28,21,874.1834743393472,130.51868319639777,950.1959661585566,4.536023198678694,1.9678717987977719,1.6921875,69.62673112655871,58.63952613434767,15.78015341872058,1
28,22,874.0732599729208,130.46938075959014,950.222417606499,4.549500686612508,1.985782326725819,1.6921875,69.59560435181997,59.002025431457916,15.221620702953242,1
28,23,873.9506250547098,130.41827877701655,950.2518499868696,4.562953333442753,2.018705045415111,1.6921875,69.56200002283539,58.170594547298165,16.375902751211473,1
28,24,873.8143531705608,130.3652374428579,950.2845552390654,4.576378706341122,1.970080889536184,1.6921875,69.52574126822434,58.89641764901156,15.288328359140765,1
28,25,873.663130387622,130.3101030186818,950.3208487069708,4.58977417744191,1.9708078622183922,1.6921875,69.48664206884683,58.70371237183194,15.517989322798545,1
28,26,873.4955408707314,130.2527072416687,950.3610701910245,4.603136915074796,1.980761772873337,1.6921875,69.44450739842388,58.653928256572634,15.538419878108531,1
28,27,873.310062963856,130.19286676163367,950.4055848886745,4.616463875927712,1.9752965282427364,1.6921875,69.39913349825993,59.327409539541954,14.51275174634638,1
28,28,873.1050659004139,130.13038262985023,950.4547841839006,4.6297517984674945,2.0030313815942855,1.6921875,69.35030830871337,59.15338397725351,14.703502522394244,1
28,29,872.8788073301188,130.06503986541017,950.5090862407715,4.642997197993571,1.9900625596418868,1.6921875,69.29781208169447,59.19902906302644,14.573018563360538,1
28,30,872.6294318743361,129.99660712785962,950.5689363501593,4.6561963637486725,2.0077009811505016,1.6921875,69.24141819978756,59.06939140899134,14.690667891067871,1
28,31,872.354970946026,129.92483652800775,950.6348069729538,4.669345358558719,1.9776617336882036,1.6921875,69.18089422844675,58.7112025272388,15.133790648376555,1
28,32,872.0533440930981,129.8494636119602,950.7071974176565,4.682440021519529,2.0119076167656935,1.6921875,69.11600322792941,58.69203275021726,15.081847894670913,1
28,33,871.722362144093,129.77020755640245,950.7866330854176,4.695475974288186,1.9649745320657568,1.6921875,69.0465053510089,58.62219663974159,15.097518199181382,1
28,34,871.3597324508473,129.6867716157276,950.8736642117966,4.708448631568361,2.0219331284354283,1.6921875,68.97215975082749,58.63902439572383,14.981603290999868,1
28,35,870.9630665322575,129.59884386351004,950.9688640322582,4.721353216397849,1.9972981106307799,1.6921875,68.89272682027632,58.56336847212204,14.993394549617639,1
28,36,870.5298904241706,129.50609827176913,951.0728262981991,4.7341847808483415,2.0060135258807534,1.6921875,68.80797077977883,58.881419081642726,14.426456100422163,1
28,37,870.0576580302883,129.40819617110694,951.1861620727308,4.746938232727244,1.9609213199677387,1.6921875,68.7176626240748,58.72693018795706,14.538812955226382,1
28,38,869.543767745138,129.30478813277765,951.3094957411669,4.759608368823609,1.9570932770450746,1.6921875,68.62158343035064,58.43612988609503,14.842929928298162,1
28,39,868.9855825799626,129.19551630967237,951.443460180809,4.772189915159926,1.9905163364583984,1.6921875,68.51952801968311,59.13850928355881,13.691014820518726,1
28,40,868.3804539632952,129.08001726671426,951.5886910488091,4.784677574593257,1.9971032640930295,1.6921875,68.41130895119085,58.31121409946165,14.763779565941753,1
28,41,867.7257493079192,128.95792532192453,951.7458201660994,4.797066081949172,1.984400812740714,1.6921875,68.29676081356155,58.756110970289264,13.96940313072332,1
28,42,867.0188833334719,128.82887640718744,951.9154679999667,4.809350266666944,1.9756746779562466,1.6921875,68.17574476193644,58.74448905230923,13.833740639813048,1
28,43,866.2573530087551,128.6925124423791,952.0982352778988,4.821525122684177,1.980283989230098,1.6921875,68.0481532298616,58.083666754194994,14.643287146981507,1
28,44,865.4387758308897,128.54848619806825,952.2946938005865,4.833585884995113,1.9809249555729904,1.6921875,67.91391472673955,57.8085394268479,14.879683111409403,1
28,45,864.5609309925637,128.39646660070002,952.5053765617847,4.845528111985128,1.9472934751680266,1.6921875,67.77299861174691,58.17170678573005,14.166839335263964,1
28,46,863.6218028085214,128.23614441055474,952.7307673259548,4.85734777228371,1.9893990572241746,1.6921875,67.62541971656097,58.2321821232288,13.890098771589335,1
28,47,862.6196255851265,128.06723817763626,952.9712898595697,4.869041334503587,1.9889955310965344,1.6921875,67.4712426727067,58.77379848497563,12.890594337977616,1
28,48,861.5529289315002,127.88950035510945,953.22729705644,4.880605857863,1.9941132016565,1.6921875,67.31058578630005,57.58118011754443,14.454495611797041,1
28,49,860.420582338606,127.70272342537386,953.4990602387345,4.892039081343879,1.9683467176769942,1.6921875,67.14362429491057,57.883418229185,13.791638689404923,1
28,50,859.2218377065317,127.50674587198314,953.7867589504324,4.903339508746397,1.9820364824398766,1.6921875,66.97059283965407,57.43032383618481,14.24545998317691,1
28,51,857.9563683936927,127.30145781319918,954.0904715855138,4.914506486787386,1.9895680531383886,1.6921875,66.79178699175392,57.690966622057076,13.625657853443013,1
28,52,856.6243033081485,127.08680610184284,954.4101672060444,4.925540273282963,2.0226588894609803,1.6921875,66.60756368765817,57.34999246142751,13.898678639023709,1
28,53,855.2262545726071,126.8627986929781,954.7456989025743,4.936442092478547,1.9823904586728824,1.6921875,66.41834045088731,57.95933352132901,12.735950450031606,1
28,54,853.7633373801043,126.62950808724165,955.096799028775,4.947214174760209,1.9973167389496582,1.6921875,66.22459331201854,57.10077781064618,13.777080454666315,1
28,55,852.2371808216843,126.38707367421762,955.4630766027957,4.957859778310035,1.9764503711008277,1.6921875,66.02685337978491,56.87536916704227,13.860245861034018,1
28,56,850.6499287103017,126.13570282740821,955.8440171095276,4.968383190753936,1.9922904673445192,1.6921875,65.82570206462314,57.43583486251279,12.745579521314879,1
28,57,849.0042297400943,125.8756706395387,956.2389848623774,4.978789709480188,2.0233630403036926,1.6921875,65.62176500885798,56.57513187377503,13.78602531318959,1
28,58,847.3032166943483,125.60731823279772,956.6472279933564,4.989085600055363,2.0081273595307128,1.6921875,65.415704832168,56.92352574760147,12.981865908735923,1
28,59,845.5504748301998,125.33104963098049,957.067886040752,4.9992780329937325,1.985506407494311,1.6921875,65.20821285372743,56.59236476829552,13.212826587900292,1
28,60,843.75,125.04732723651512,957.5,5.009375,1.9523263780731517,1.6921875,65.0,56.74020586089179,12.707375598628012,1
28,61,841.9061474919403,124.75666601167092,957.9425246019343,5.0193852116505475,1.964367879274179,1.6921875,64.79178714627257,56.188471505518514,13.278404593673873,1
28,62,840.023572958915,124.45962651633029,958.3943424898604,5.0293179792511635,1.9991047074821118,1.6921875,64.584295167832,55.747302672159535,13.682881376514535,1
28,63,838.1071671293696,124.15680700112028,958.8542798889513,5.039183084258739,1.964329135934752,1.6921875,64.37823499114202,56.47912165169046,12.269850735327585,1
28,64,836.1619862358457,123.84883479144811,959.321123303397,5.048990639138358,1.9931861923825005,1.6921875,64.17429793537686,55.784879543412615,13.072863532394754,1
28,65,834.1931802410396,123.53635722278027,959.7936367421505,5.058750943815412,1.9932649378771161,1.6921875,63.97314662021508,56.029669847736265,12.416892387107831,1
28,66,832.2059209798724,123.22003239897944,960.2705789648306,5.068474341959745,2.0132403726157992,1.6921875,63.77540668798145,55.35500451762303,13.203212033683911,1
28,67,830.2053322698489,122.90052004332823,960.7507202552363,5.0781710812063645,1.9702482515328024,1.6921875,63.581659549112686,55.67988181110171,12.427762650497302,1
28,68,828.196423879088,122.5784726967075,961.2328582690188,5.0878511810915095,2.003553266161048,1.6921875,63.39243631234183,54.96337462666963,13.296636280298864,1
28,69,826.1840309967686,122.25452749086094,961.7158325607755,5.097524311993537,1.97099880128127,1.6921875,63.20821300824607,55.12482522153155,12.78850864785557,1
28,70,824.172760544189,121.92929868908132,962.1985374693946,5.1071996877550445,1.9912165396796562,1.6921875,63.029407160345926,55.057376169678676,12.648113554973655,1
28,71,822.1669453188906,121.60337114478394,962.6799331234663,5.116885973971115,1.963558538657397,1.6921875,62.85637570508944,54.875476592966194,12.697039914563574,1
28,72,820.1706066027496,121.2772947832544,963.15905441534,5.126591213205499,1.976397600893637,1.6921875,62.68941421369995,54.36745778673701,13.274899010213243,1
28,73,818.1874255096262,120.95158016626354,963.6350178776897,5.136322767685919,1.9905250938228185,1.6921875,62.528757327293306,54.540091153536515,12.7759874259804,1
28,74,816.2207230181758,120.62669515581375,964.1070264756378,5.146087279369685,2.0067788795561654,1.6921875,62.37458028343902,54.17547189363714,13.144951601347799,1
28,75,814.2734483457273,120.30306265413154,964.5743723970255,5.1558906466914545,1.9954484235306176,1.6921875,62.227001388253086,53.8025270263168,13.538293946342424,1
28,76,812.3481750799785,119.98105936368798,965.0364379808051,5.165738016826624,1.9852479012467954,1.6921875,62.08608527326045,54.2543608891284,12.6142989200594,1
28,77,810.4471043021517,119.66101548445161,965.4926949674835,5.175633791937637,2.0017054393334286,1.6921875,61.9518467701384,54.14718470409148,12.597949008695043,1
28,78,808.5720738092664,119.34321524612153,965.942702285776,5.185581647618533,2.0068325307360526,1.6921875,61.824255238063564,53.70556994957338,13.131877217490077,1
28,79,806.7245724717332,119.02789816061255,966.386102606784,5.195584561610133,2.0006595235595053,1.6921875,61.70323918643846,54.251731806633074,12.0763633774402,1
28,80,804.9057587400763,118.71526087404177,966.8226179023817,5.205644850813486,1.9814023617989294,1.6921875,61.58869104880915,53.94885480758927,12.404608883740194,1
28,81,803.1164823339237,118.4054594970719,967.2520442398583,5.215764214667848,2.00827447390188,1.6921875,61.48047198031689,53.337901234515854,13.244157833413997,1
28,82,801.3573081990883,118.09861229672168,967.6742460322188,5.225943783064843,1.9870875047674936,1.6921875,61.37841656964936,53.300324401236985,13.161128324719382,1
28,83,799.6285418960199,117.79480264059768,968.0891499449552,5.236184167125373,2.007148314671678,1.6921875,61.282337375925195,53.26806491665446,13.077622039950368,1
28,84,797.9302556769353,117.4940820949029,968.4967386375355,5.24648551135387,1.9812450628466822,1.6921875,61.19202922022117,52.37082477786967,14.415610259639006,1
28,85,796.2623146121367,117.19647358957457,968.8970444930872,5.25684754589094,2.0041884939694223,1.6921875,61.10727317972368,52.30538493876559,14.403994455898395,1
28,86,794.6244022321705,116.90197457666413,969.2901434642791,5.267269637797674,1.963425420652044,1.6921875,61.02784024917251,52.60553923497179,13.800752213765124,1
28,87,793.0160452564819,116.61056012090575,969.6761491384443,5.277750840512963,1.966463442797665,1.6921875,60.9534946489911,52.70010750625325,13.540465875280969,1
28,88,791.4366370773137,116.32218587378568,970.0552071014447,5.2882899408212936,1.9848212507987006,1.6921875,60.88399677207058,52.733566039482106,13.386819467685369,1
28,89,789.8854597571083,116.03679089393174,970.427489658294,5.29888550284755,1.9585906641266324,1.6921875,60.819105771553254,52.15916931835166,14.238842125909853,1
28,90,788.3617043769916,115.75430028702797,970.793190949522,5.309535908753983,1.9908290023376305,1.6921875,60.75858180021243,52.27927170439099,13.95574064533513,1
28,91,786.8644896422711,115.47462764757695,971.1525224858549,5.320239395951209,2.0046257429005805,1.6921875,60.702187918305526,51.88816314878313,14.520110512959642,1
28,92,785.3928787081636,115.19767729262499,971.5057091100407,5.330994090749661,1.981384809090986,1.6921875,60.64969169128664,52.18324957516628,13.959579809927888,1
28,93,783.9458942356069,114.92334628405042,971.8529853834543,5.3417980384712145,1.9467738000039057,1.6921875,60.60086650174007,52.00790350610339,14.179604173464991,1
28,94,782.5225317237662,114.651526241259,972.1945923862961,5.352649230114199,2.0060239871049443,1.6921875,60.55549260157612,51.43068022215897,15.06851317262615,1
28,95,781.1217711937032,114.38210495023715,972.5307749135112,5.3635456257207395,1.9844445558253456,1.6921875,60.513357931153166,52.15407453890247,13.813947330044321,1
28,96,779.7425873177566,114.11496777800582,972.8617790437384,5.374485174635513,2.003941580745669,1.6921875,60.47425873177566,51.7504518549283,14.425653261068442,1
28,97,778.3839581026007,113.84999890372872,973.1878500553759,5.385465832871868,2.0105642010935356,1.6921875,60.43799997716461,52.059150470825394,13.863545301805171,1
28,98,777.0448722418379,113.5870823791906,973.5092306619589,5.396485577817009,1.9911156961874135,1.6921875,60.404395648180035,51.27776233340916,15.109220474496809,1
28,99,775.7243352573634,113.32610303220525,973.8261595382328,5.4075424205147264,2.0105157830105247,1.6921875,60.3732688734413,51.25837737241984,15.097561671091123,1
28,100,774.4213745485637,113.06694722685307,974.1388701083447,5.418634415763794,1.972184641630667,1.6921875,60.34445195666211,51.02250902093279,15.447887309382002,1
28,101,773.1350434655023,112.80950349439483,974.4475895682795,5.429759670264338,1.9969916064322135,1.6921875,60.3177863095923,50.971407704227296,15.495228152759072,1
28,102,771.8644245173316,112.55366304835235,974.7525381158404,5.440916349034663,1.9832455098424877,1.6921875,60.29312230751356,50.69026591261727,15.926951578189561,1
28,103,770.6086318208356,112.29932019666907,975.0539283629994,5.452102680308338,2.019452345115102,1.6921875,60.27031908233032,50.82899856003483,15.664958583342614,1
28,104,769.3668128867707,112.04637266313102,975.351964907175,5.463316959106875,1.9765147953787412,1.6921875,60.24924426647114,50.62138249219209,15.980054009801044,1
28,105,768.1381498339091,111.79472182939604,975.6468440398618,5.474557549667818,2.006795534290289,1.6921875,60.22977369910026,50.90564444707521,15.480930243249999,1
28,106,766.921860112747,111.54427290809049,975.9387535729408,5.48582288689216,1.9807079207081886,1.6921875,60.21179110455068,50.630046454658576,15.913402465066238,1
28,107,765.7171968129254,111.29493505652466,976.2278727648979,5.4971114769591845,1.9962791032680955,1.6921875,60.19518775144004,50.33006138710415,16.388563160682036,1
28,108,764.5234486207354,111.04662143967387,976.5143723310235,5.508421897241471,1.9599325590432461,1.6921875,60.17986209962092,50.576078423621084,15.958467402437487,1
28,109,763.3399394857568,110.79924925019601,976.7984145234184,5.51975279563818,1.9777703315110804,1.6921875,60.165719440947385,50.47813069844637,16.101509019616024,1
28,110,762.1660280487929,110.55273969241884,977.0801532682897,5.531102889430919,1.9971655476359969,1.6921875,60.152671538803745,50.289248744304636,16.3973146032863,1
28,111,761.0011068768752,110.30701793644232,977.35973434955,5.54247096375375,1.9822224718152526,1.6921875,60.14063627043245,49.98207939133229,16.89133589046266,1
28,112,759.8446015452478,110.0620130477699,977.6372956291406,5.553855869757163,1.9679766666903213,1.6921875,60.12953727530696,49.88882595336866,17.031082868724805,1
28,113,758.6959696008981,109.81765789720839,977.9129672957845,5.56525652253513,2.0021213150220496,1.6921875,60.1193036121117,50.4329485803813,16.11188827839146,1
28,114,757.554699437383,109.57388905516191,978.1868721350281,5.576671898874766,2.015767001635892,1.6921875,60.109869426305934,49.98178503296136,16.849286964034246,1
28,115,756.4203091063773,109.33064667388898,978.4591258144694,5.588101034879421,2.0186908960046788,1.6921875,60.10117362974976,49.762661183052415,17.201847854731138,1
28,116,755.2923450875288,109.08787436079245,978.7298371789931,5.599543023508391,1.9649240811407445,1.6921875,60.093159593450665,50.302697901226466,16.292140001390816,1
28,117,754.1703810347962,108.84551904536524,978.9991085516489,5.610997012069593,2.0014011805201815,1.6921875,60.08577485413712,49.210470869673976,18.099631752879596,1
28,118,753.0540165144536,108.60353084201783,979.2670360365312,5.6224621996955735,2.0219259863637933,1.6921875,60.07897083507419,49.37996530585223,17.80823702621727,1
28,119,751.9428757473265,108.3618629106647,979.5337098206417,5.633937834827987,1.9802273696365433,1.6921875,60.07270258129694,49.79220040269049,17.113433784161366,1
29,0,750.0,112.5,1000.0,4.0,2.108471446574807,1.875,60.06692850924285,48.26385972728054,19.64986237001631,1
29,1,750.0075731855518,112.48602415730221,999.9981824354676,4.01168181303777,2.15156744780237,1.875,60.07270258129694,48.74100940887818,18.86329844588476,1
29,2,750.0164522573072,112.46797486082025,999.9960514582463,4.023366237847948,2.1805395120717304,1.875,60.07897083507419,48.281678365415914,19.63630918719233,1
29,3,750.0268046419178,112.4480508693007,999.9935668859397,4.035053609283835,2.165355068155109,1.875,60.08577485413712,48.2600835631857,19.681349403680322,1
29,4,750.0388164972711,112.42685674330417,999.990684040655,4.046744299661209,2.1461771300147867,1.875,60.093159593450665,48.787502599433274,18.813550611257178,1
29,5,750.052694598828,112.40471647192854,999.9873532962813,4.0584387225309895,2.0762927095083406,1.875,60.10117362974976,48.73827611480235,18.90628223826037,1
29,6,750.0686683914412,112.38184335862755,999.9835195860541,4.070137336782882,2.163862105186657,1.875,60.109869426305934,48.86491048451954,18.70734215380819,1
29,7,750.0869922171648,112.35839562520184,999.9791218678805,4.081840651100996,2.177237487567223,1.875,60.1193036121117,48.837748719775625,18.765278728317274,1
29,8,750.1079477294224,112.33450071391238,999.9740925449386,4.093549228792178,2.125426609338619,1.875,60.12953727530696,48.879993240936656,18.70884850296376,1
29,9,750.1318465035304,112.31026785356383,999.9683568391526,4.1052636930070605,2.124291385754561,1.875,60.14063627043245,48.53386691504077,19.299379047471163,1
29,10,750.1590328529205,112.28579535982458,999.9618321152991,4.116984732372508,2.152806376833694,1.875,60.152671538803745,48.668379702696654,19.09190654765635,1
29,11,750.1898868594188,112.26117527569042,999.9544271537395,4.128713107052171,2.163193351202673,1.875,60.165719440947385,49.291139476163636,18.074378675812465,1
29,12,750.2248276245261,112.23649655127882,999.9460413701137,4.140449655249053,2.113423432526641,1.875,60.17986209962091,48.408793311334264,19.559813495087415,1
29,13,750.2643167467418,112.21184737126443,999.936563980782,4.15219530016015,2.1424982786169156,1.875,60.19518775144004,48.39450474527856,19.604030566179556,1
29,14,750.3088620274698,112.18731696244272,999.9258731134073,4.163951057388273,2.1346565859957116,1.875,60.21179110455068,48.76321496541392,19.01384418088087,1
29,15,750.3590214048442,112.16299707413079,999.9138348628373,4.175718042809688,2.149028877993005,1.875,60.22977369910026,48.61986066357933,19.276036289829793,1
29,16,750.4154071107853,112.13898324838473,999.9003022934115,4.187497480888237,2.139125321430954,1.875,60.24924426647114,48.47472952296139,19.543008193485832,1
29,17,750.4786900416266,112.11537595357709,999.8851143900096,4.199290713416587,2.1642611681546238,1.875,60.27031908233032,49.065676540474115,18.59064745708491,1
29,18,750.549604326588,112.09228162864832,999.8680949616189,4.2110992086531756,2.156546991437839,1.875,60.29312230751356,48.22089842126454,20.022555515829726,1
29,19,750.628952071068,112.06981366869807,999.8490515029437,4.222924570808803,2.13092650276498,1.875,60.3177863095923,48.610958980671796,19.40858251798736,1
29,20,750.717608243046,112.04809337145014,999.8277740216689,4.234768549819425,2.117356820807225,1.875,60.34445195666211,48.57045860002043,19.511310443414867,1
29,21,750.8165256606528,112.02725085624466,999.8040338414434,4.2466330513213055,2.136615147216354,1.875,60.3732688734413,48.89466777186294,19.0127208875183,1
29,22,750.9267400270793,112.00742596126419,999.777582393501,4.258520146720825,2.1262049025720966,1.875,60.404395648180035,48.91820769086086,19.0154836151651,1
29,23,751.0493749452902,111.98876911989505,999.7481500131304,4.2704320832239135,2.1170233506422815,1.875,60.43799997716461,48.325553961927206,20.041109930530244,1
29,24,751.1856468294392,111.9714422129706,999.7154447609346,4.282371293658878,2.1285834652110296,1.875,60.47425873177567,48.60455473469718,19.627696553875502,1
29,25,751.336869612378,111.95561938982719,999.6791512930292,4.294340405891423,2.0878404633376175,1.875,60.513357931153166,48.70652961691497,19.51111079915773,1
29,26,751.5044591292686,111.94148784743068,999.6389298089755,4.306342251591871,2.1703575620005844,1.875,60.55549260157612,48.8424832670796,19.3426043308112,1
29,27,751.689937036144,111.92924855318,999.5944151113255,4.318379874072288,2.131957312829566,1.875,60.60086650174008,48.30467245823009,20.290459119354214,1
29,28,751.8949340995861,111.91911689330155,999.5452158160994,4.330456534865839,2.099910266650689,1.875,60.64969169128664,48.12661239742917,20.648215917735037,1
29,29,752.1211926698812,111.91132322499544,999.4909137592285,4.342575718673096,2.1335539138655317,1.875,60.702187918305526,49.29518334878409,18.791751929721638,1
29,30,752.3705681256638,111.90611330670583,999.4310636498407,4.354741136251327,2.081829243553041,1.875,60.75858180021243,48.85017779802717,19.599542401010467,1
29,31,752.645029053974,111.90374857712649,999.3651930270462,4.366956724774615,2.1226164031179504,1.875,60.819105771553254,48.59232712685294,20.103515975105157,1
29,32,752.9466559069019,111.90450624992543,999.2928025823435,4.3792266451471376,2.1174167336347893,1.875,60.88399677207058,48.300823465115386,20.667456103551167,1
29,33,753.277637855907,111.90867918782936,999.2133669145824,4.391555275711814,2.1386834561391157,1.875,60.9534946489911,48.83131683618074,19.88758459644939,1
29,34,753.6402675491527,111.91657551684446,999.1263357882034,4.403947201764972,2.1495375125400553,1.875,61.02784024917252,48.28233146026261,20.884744957171783,1
29,35,754.0369334677426,111.92851793924896,999.0311359677418,4.416407200268819,2.153650158035231,1.875,61.107273179723684,49.08799814949464,19.66913986634446,1
29,36,754.4701095758294,111.94484270286075,998.9271737018009,4.4289402191516585,2.144660585094299,1.875,61.19202922022117,48.71893658386099,20.38352510172746,1
29,37,754.9423419697117,111.96589818429024,998.8138379272692,4.44155135060609,2.1423393287094483,1.875,61.282337375925195,48.83008344407294,20.319482684653817,1
29,38,755.456232254862,111.99204304578988,998.6905042588331,4.454245797843058,2.1555410379653694,1.875,61.37841656964936,48.81674961843242,20.465935182545074,1
29,39,756.0144174200374,112.0236439292839,998.556539819191,4.467028834840074,2.138331199967203,1.875,61.48047198031689,48.432662107521786,21.222689827385175,1
29,40,756.6195460367048,112.06107265756499,998.4113089511909,4.479905758740077,2.142276707149474,1.875,61.58869104880915,48.77714102093605,20.80178975994136,1
29,41,757.274250692081,112.10470292180959,998.2541798339006,4.492881834717495,2.1464200357128806,1.875,61.70323918643846,49.29021785151602,20.117292865964572,1
29,42,757.9811166665281,112.1549064467374,998.0845320000333,4.505962233333056,2.123971252523776,1.875,61.824255238063564,49.09732689006026,20.585655741417927,1
29,43,758.7426469912449,112.21204864005455,997.9017647221012,4.519151960649157,2.1396606095927346,1.875,61.9518467701384,49.267239745595695,20.474945761676395,1
29,44,759.5612241691103,112.27648375123593,997.7053061994135,4.532455781671554,2.1519678678785477,1.875,62.08608527326045,49.424908912922746,20.392937168790517,1
29,45,760.4390690074363,112.34854958596381,997.4946234382153,4.5458781380148725,2.1285729052207065,1.875,62.227001388253086,49.75293502545632,20.04606695567298,1
29,46,761.3781971914786,112.42856184613035,997.2692326740452,4.559423061049624,2.1512104608880853,1.875,62.37458028343902,49.78260520191197,20.18767104212536,1
29,47,762.3803744148735,112.51680819042261,997.0287101404303,4.57309408216308,2.1431048458331077,1.875,62.528757327293306,49.55053391745596,20.7556074429972,1
29,48,763.4470710684998,112.61354213602326,996.77270294356,4.586894142137,2.1338268903375783,1.875,62.689414213699955,49.367269710661525,21.25102725896432,1
29,49,764.579417661394,112.71897694647356,996.5009397612654,4.600825501989455,2.155677474987757,1.875,62.85637570508944,49.68120032025642,20.960762113693157,1
29,50,765.7781622934683,112.83327967260746,996.2132410495676,4.61488965792027,2.1335394344554013,1.875,63.029407160345926,49.36623779238063,21.677451817381662,1
29,51,767.0436316063073,112.95656553087153,995.9095284144863,4.6290872632126145,2.167273022119832,1.875,63.20821300824607,49.82771717929806,21.168919657960277,1
29,52,768.3756966918515,113.08889281446145,995.5898327939556,4.64341806005037,2.1116362598212985,1.875,63.39243631234183,49.8727686085742,21.326941335957926,1
29,53,769.7737454273929,113.23025853582064,995.2543010974257,4.657880824188119,2.1321523026096583,1.875,63.581659549112686,49.896060937502995,21.52444385481706,1
29,54,771.2366626198957,113.38059499276156,994.903200971225,4.672473325239792,2.1476959074050965,1.875,63.77540668798145,50.03000349451669,21.552827190445964,1
29,55,772.7628191783156,113.53976743387534,994.5369233972043,4.687192305023298,2.1300607303240597,1.875,63.97314662021508,50.59804871375979,20.907362875017395,1
29,56,774.3500712896983,113.70757297173736,994.1559828904724,4.70203347591273,2.1013793718604297,1.875,64.17429793537686,50.26917284591429,21.667747894125693,1
29,57,775.9957702599057,113.88374085522251,993.7610151376226,4.716991540519811,2.1547477485788455,1.875,64.37823499114202,50.63801563325966,21.342957538014073,1
29,58,777.6967833056517,114.06793416637608,993.3527720066436,4.73206023327797,2.156571683231202,1.875,64.584295167832,51.18474532710686,20.747381086848424,1
29,59,779.4495251698002,114.25975295491482,992.932113959248,4.747232383672934,2.170149746243509,1.875,64.79178714627257,50.37332211303843,22.25353809223277,1
29,60,781.25,114.45873876741628,992.5,4.7625,2.1039566430435195,1.875,65.0,50.899608945764264,21.692909314208826,1
29,61,783.0938525080597,114.66438047193161,992.0574753980657,4.777854371682786,2.109088357734517,1.875,65.20821285372743,50.36560546720259,22.761868079131702,1
29,62,784.976427041085,114.8761212256715,991.6056575101396,4.793286187415504,2.142495568522901,1.875,65.415704832168,51.281295996678644,21.60705731406994,1
29,63,786.8928328706304,115.09336638699735,991.1457201110487,4.808785665741261,2.1703935242766494,1.875,65.62176500885798,51.50760467119681,21.508352199542276,1
29,64,788.8380137641543,115.31549213619894,990.678876696603,4.824342694194975,2.1745619130850624,1.875,65.82570206462314,51.53294302396644,21.71303699370355,1
29,65,790.8068197589603,115.54185454474211,990.2063632578495,4.839946972851254,2.1134453065920824,1.875,66.02685337978491,51.771817980976294,21.58975427287741,1
29,66,792.7940790201275,115.77179882119363,989.7294210351694,4.855588158040255,2.1628569733560656,1.875,66.22459331201854,51.83132309195708,21.734025835760544,1
29,67,794.7946677301511,116.0046684642135,989.2492797447637,4.871256002126969,2.165181720672784,1.875,66.41834045088731,51.8293358191922,21.96532543971476,1
29,68,796.803576120912,116.23981406816422,988.7671417309812,4.886940485575157,2.147088693707976,1.875,66.60756368765817,51.950763159930084,22.00470894935896,1
29,69,798.8159690032313,116.47660155342224,988.2841674392245,4.902631938006462,2.1837515831936116,1.875,66.79178699175392,52.43640771601942,21.49273125078509,1
29,70,800.827239455811,116.71441962907004,987.8014625306054,4.918321145578289,2.1138366087486453,1.875,66.97059283965407,52.835576766536306,21.10630274240048,1
29,71,802.8330546811093,116.95268633751758,987.3200668765338,4.933999442695552,2.1215071161985217,1.875,67.14362429491055,52.44147898552319,21.896561980050542,1
29,72,804.8293933972504,117.1908545757781,986.84094558466,4.949658786794501,2.145536727282183,1.875,67.31058578630005,52.77245898170582,21.59857418378496,1
29,73,806.8125744903738,117.42841653371687,986.3649821223103,4.965291815647414,2.1458451558354374,1.875,67.4712426727067,52.41781275434717,22.31088286217219,1
29,74,808.7792769818242,117.66490703301935,985.8929735243622,4.980891887296981,2.1459114040689116,1.875,67.62541971656097,53.23688798067978,21.27680951362368,1
29,75,810.7265516542727,117.89990578977337,985.4256276029745,4.9964531033085455,2.1576079919655524,1.875,67.77299861174691,52.67309200146465,22.28012175879294,1
29,76,812.6518249200215,118.13303865689302,984.9635620191949,5.0119703165067095,2.123057653736049,1.875,67.91391472673955,52.8686935210877,22.153370581254592,1
29,77,814.5528956978483,118.36397792918733,984.5073050325165,5.02743912472903,2.1429669712056785,1.875,68.0481532298616,52.87683612150094,22.294972586710877,1
29,78,816.4279261907336,118.59244181333445,984.057297714224,5.042855852381467,2.11371585592004,1.875,68.17574476193644,53.26189587185324,21.875593647214295,1
29,79,818.275427528267,118.81819317749562,983.6138973932159,5.058217521723201,2.100234909121055,1.875,68.29676081356155,53.582853940450626,21.54407719756632,1
29,80,820.0942412599237,119.041037701327,983.1773820976183,5.07352181585318,2.0940408065855074,1.875,68.41130895119085,53.87032540168865,21.255233633779312,1
29,81,821.8835176660763,119.26082154753949,982.7479557601417,5.088767035332152,2.1282302785922917,1.875,68.51952801968311,53.701233252303496,21.626381844199027,1
29,82,823.6426918009117,119.47742867190209,982.3257539677812,5.10395205026849,2.126955738934284,1.875,68.62158343035064,54.00346965345636,21.302501408658603,1
29,83,825.3714581039801,119.69077788073972,981.9108500550448,5.119076249541293,2.148028035020532,1.875,68.7176626240748,54.56554252434318,20.594588871789593,1
29,84,827.0697443230647,119.90081973457484,981.5032613624645,5.134139488646129,2.1564488276699683,1.875,68.80797077977883,54.976408358395304,20.101686279416224,1
29,85,828.7376853878633,120.10753338456543,981.1029555069128,5.1491420374423935,2.1496766555532183,1.875,68.89272682027632,54.471117055397045,20.933428578754917,1
29,86,830.3755977678295,120.31092341562987,980.7098565357209,5.164084528868992,2.1270300749790367,1.875,68.97215975082749,54.40910916574843,21.114389686636333,1
29,87,831.9839547435181,120.5110167573169,980.3238508615557,5.178967909487036,2.1469514718969878,1.875,69.0465053510089,54.37553236906928,21.24795875961773,1
29,88,833.5633629226863,120.7078597111119,979.9447928985553,5.193793392512039,2.140750234149508,1.875,69.11600322792941,54.78580212313126,20.73355002536864,1
29,89,835.1145402428917,120.90151513136335,979.572510341706,5.208562413819116,2.1216087702356234,1.875,69.18089422844675,54.5797756834622,21.105709470550117,1
29,90,836.6382956230084,121.09205978662806,979.206809050478,5.223276591246017,2.1866650614003063,1.875,69.24141819978756,54.645175470099055,21.08021919420086,1
29,91,838.1355103577289,121.27958191911537,978.8474775141451,5.237937687382124,2.134815540078737,1.875,69.29781208169447,55.50445913431669,19.904456624282655,1
29,92,839.6071212918364,121.46417901211805,978.4942908899593,5.252547575917006,2.146751848664235,1.875,69.35030830871335,55.118304584533725,20.52190404233788,1
29,93,841.0541057643931,121.64595576883242,978.1470146165457,5.267108211528786,2.1123277686547626,1.875,69.39913349825993,55.38308059773575,20.196293806572683,1
29,94,842.4774682762338,121.82502230072569,977.8054076137039,5.2816216032191345,2.0833804063829717,1.875,69.44450739842388,55.481525443680724,20.106675787378485,1
29,95,843.8782288062968,122.0014925195029,977.4692250864888,5.296089790945927,2.13686724310356,1.875,69.48664206884683,55.902304671462964,19.549566640340185,1
29,96,845.2574126822434,122.17548272363189,977.1382209562616,5.3105148253644865,2.113303916503981,1.875,69.52574126822434,55.57169961198348,20.070324173038816,1
29,97,846.6160418973993,122.34711036817563,976.8121499446241,5.3248987504614655,2.1449087443024197,1.875,69.56200002283539,55.86050468389266,19.696810520751114,1
29,98,847.9551277581622,122.51649300521717,976.4907693380411,5.339243588849658,2.109317781427461,1.875,69.59560435181997,55.67948137865489,19.995692404388414,1
29,99,849.2756647426366,122.68374738132002,976.1738404617672,5.353551329485273,2.1641689425702975,1.875,69.62673112655871,56.0974158358279,19.431208491087883,1
29,100,850.5786254514363,122.8489886781256,975.8611298916553,5.367823917569539,2.1028883884061247,1.875,69.65554804333789,56.33627547134103,19.121624832683747,1
29,101,851.8649565344975,123.01232988224264,975.5524104317205,5.382063246402328,2.1041854168446137,1.875,69.68221369040769,56.07972759957704,19.52074334386874,1
29,102,853.1355754826684,123.17388127093959,975.2474618841595,5.396271150965337,2.147436242457199,1.875,69.70687769248644,56.668883067939994,18.704029008534672,1
29,103,854.3913681791644,123.33375000072796,974.9460716370006,5.4104494030249946,2.0894122266124535,1.875,69.72968091766968,56.56907901545512,18.87374462211204,1
29,104,855.6331871132293,123.49203978665818,974.648035092825,5.424599707559792,2.153405204166679,1.875,69.75075573352886,56.3359186190417,19.232533000411227,1
29,105,856.8618501660909,123.64885066098081,974.3531559601382,5.438723700332182,2.1379888931543563,1.875,69.77022630089974,55.67036409087638,20.208995953681644,1
29,106,858.0781398872531,123.80427880071515,974.0612464270592,5.452822946441173,2.081211105069511,1.875,69.78820889544933,56.967456027902095,18.370944132918186,1
29,107,859.2828031870746,123.95841641457545,973.7721272351021,5.466898939707483,2.12539280678595,1.875,69.80481224855997,56.65989449598254,18.83096212016328,1
29,108,860.4765513792646,124.11135168060858,973.4856276689765,5.480953102758529,2.14086423943955,1.875,69.82013790037908,56.75907970856543,18.706720703487377,1
29,109,861.6600605142432,124.26316872677333,973.2015854765816,5.494986787695153,2.1269968686949303,1.875,69.83428055905262,57.06809483153122,18.28068625512104,1
29,110,862.8339719512071,124.41394764752935,972.9198467317103,5.509001277235747,2.1062599862120814,1.875,69.84732846119626,57.3724236614722,17.860246160530682,1
29,111,863.9988931231248,124.56376455029098,972.64026565045,5.52299778624625,2.1315657108681823,1.875,69.85936372956755,56.83363830299319,18.645639941695176,1
29,112,865.1553984547522,124.71269162633294,972.3627043708594,5.5369774635761715,2.1133665176752228,1.875,69.87046272469304,57.223611693991394,18.10042546953407,1
29,113,866.3040303991017,124.8607972414096,972.0870327042155,5.550941394131537,2.1300435571701017,1.875,69.88069638788829,56.8489832791376,18.648516374844466,1
29,114,867.445300562617,125.00814604196236,971.8131278649719,5.564890601125234,2.1241340092581065,1.875,69.89013057369407,57.15510230382585,18.221497320626774,1
29,115,868.5796908936227,125.15479907334714,971.5408741855306,5.578826048453912,2.1614078420960867,1.875,69.89882637025025,57.55528460511622,17.659154532510982,1
29,116,869.7076549124712,125.3008139070132,971.2701628210069,5.592748643158275,2.1675574999330807,1.875,69.90684040654934,57.396092155431376,17.896314836088443,1
29,117,870.8296189652038,125.44624477401085,971.000891448351,5.606659237930407,2.1303480735907887,1.875,69.91422514586289,57.78287916962591,17.351756314150958,1
29,118,871.9459834855464,125.59114270260221,970.7329639634688,5.620558633637759,2.14825336357715,1.875,69.92102916492581,57.984742131223406,17.071097459889728,1
29,119,873.0571242526735,125.73555565809949,970.4662901793583,5.63444758183868,2.1184145203169997,1.875,69.92729741870306,57.573517118940714,17.666606255053342,1
30,0,750.0,112.5,1000.0,4.0,1.797617293062595,1.875,60.06692850924285,48.40115410268985,19.42129337403679,1
30,1,750.0075731855518,112.48602415730221,999.9981824354676,4.01168181303777,1.7989624011777368,1.875,60.07270258129694,48.33874789399443,19.532922913569337,1
30,2,750.0164522573072,112.46797486082025,999.9960514582463,4.023366237847948,1.8405230151101795,1.875,60.07897083507419,48.2457217061436,19.69615818056311,1
30,3,750.0268046419178,112.4480508693007,999.9935668859397,4.035053609283835,1.816806807091899,1.875,60.08577485413712,48.46089029471407,19.34714928390848,1
30,4,750.0388164972711,112.42685674330417,999.990684040655,4.046744299661209,1.7904859188656508,1.875,60.093159593450665,48.0033321305425,20.118475288534814,1
30,5,750.052694598828,112.40471647192854,999.9873532962813,4.0584387225309895,1.8266508272302724,1.875,60.10117362974976,48.2762909757198,19.67496130254718,1
30,6,750.0686683914412,112.38184335862755,999.9835195860541,4.070137336782882,1.81456277623839,1.875,60.109869426305934,48.26669224367601,19.702550172978718,1
30,7,750.0869922171648,112.35839562520184,999.9791218678805,4.081840651100996,1.8316934834114407,1.875,60.1193036121117,48.40247412353414,19.48929675595423,1
30,8,750.1079477294224,112.33450071391238,999.9740925449386,4.093549228792178,1.8211040058536176,1.875,60.12953727530696,48.6314912650908,19.122126214894376,1
30,9,750.1318465035304,112.31026785356383,999.9683568391526,4.1052636930070605,1.8442590811936952,1.875,60.14063627043245,48.9581932110387,18.59382233521778,1
30,10,750.1590328529205,112.28579535982458,999.9618321152991,4.116984732372508,1.8005473301358959,1.875,60.152671538803745,48.99297044229699,18.552295036983963,1
30,11,750.1898868594188,112.26117527569042,999.9544271537395,4.128713107052171,1.7901921451630978,1.875,60.165719440947385,48.82671032349329,18.846295237246068,1
30,12,750.2248276245261,112.23649655127882,999.9460413701137,4.140449655249053,1.7994484068583738,1.875,60.17986209962091,48.23543218758113,19.847885148468993,1
30,13,750.2643167467418,112.21184737126443,999.936563980782,4.15219530016015,1.8124991229354608,1.875,60.19518775144004,48.00937147877701,20.243837967548338,1
30,14,750.3088620274698,112.18731696244272,999.9258731134073,4.163951057388273,1.8138619773673206,1.875,60.21179110455068,48.02923196367739,20.232846287066447,1
30,15,750.3590214048442,112.16299707413079,999.9138348628373,4.175718042809688,1.7874287354587874,1.875,60.22977369910026,48.24476364055232,19.898813032941835,1
30,16,750.4154071107853,112.13898324838473,999.9003022934115,4.187497480888237,1.8439251418370601,1.875,60.24924426647114,48.22952449792926,19.949992593070384,1
30,17,750.4786900416266,112.11537595357709,999.8851143900096,4.199290713416587,1.8309480223396857,1.875,60.27031908233032,48.04630948502952,20.28197259185336,1
30,18,750.549604326588,112.09228162864832,999.8680949616189,4.2110992086531756,1.7864580826195107,1.875,60.29312230751356,48.40579831765628,19.715887210531672,1
30,19,750.628952071068,112.06981366869807,999.8490515029437,4.222924570808803,1.8472398517342303,1.875,60.3177863095923,48.38679620755527,19.780218791185398,1
30,20,750.717608243046,112.04809337145014,999.8277740216689,4.234768549819425,1.828660552962943,1.875,60.34445195666211,48.76431379738527,19.190062688104963,1
30,21,750.8165256606528,112.02725085624466,999.8040338414434,4.2466330513213055,1.8113969970385586,1.875,60.3732688734413,48.26363281484616,20.057943332470877,1
30,22,750.9267400270793,112.00742596126419,999.777582393501,4.258520146720825,1.821569371044814,1.875,60.404395648180035,48.520514130992375,19.673868746910834,1
30,23,751.0493749452902,111.98876911989505,999.7481500131304,4.2704320832239135,1.7841481022585373,1.875,60.43799997716461,48.39332321039985,19.92897973347169,1
30,24,751.1856468294392,111.9714422129706,999.7154447609346,4.282371293658878,1.8121139758433376,1.875,60.47425873177567,48.10016192547049,20.46175854951542,1
30,25,751.336869612378,111.95561938982719,999.6791512930292,4.294340405891423,1.8107313962286478,1.875,60.513357931153166,47.9974556440457,20.682875178315125,1
30,26,751.5044591292686,111.94148784743068,999.6389298089755,4.306342251591871,1.7819090494347278,1.875,60.55549260157612,48.356398061526015,20.145314679072712,1
30,27,751.689937036144,111.92924855318,999.5944151113255,4.318379874072288,1.830169144500113,1.875,60.60086650174008,48.2844320268014,20.323858693645956,1
30,28,751.8949340995861,111.91911689330155,999.5452158160994,4.330456534865839,1.7929130187560478,1.875,60.64969169128664,48.13233205085165,20.638785278826603,1
30,29,752.1211926698812,111.91132322499544,999.4909137592285,4.342575718673096,1.8231064943875324,1.875,60.702187918305526,48.914967973049094,19.418113826671217,1
30,30,752.3705681256638,111.90611330670583,999.4310636498407,4.354741136251327,1.8275367278607473,1.875,60.75858180021243,48.82691598847738,19.637828037147067,1
30,31,752.645029053974,111.90374857712649,999.3651930270462,4.366956724774615,1.791175130076798,1.875,60.819105771553254,48.405643621108084,20.410464759334364,1
30,32,752.9466559069019,111.90450624992543,999.2928025823435,4.3792266451471376,1.8325014210406896,1.875,60.88399677207058,48.063369578118014,21.05746645041837,1
30,33,753.277637855907,111.90867918782936,999.2133669145824,4.391555275711814,1.7989601397596733,1.875,60.9534946489911,48.76330288424875,19.999167947533124,1
30,34,753.6402675491527,111.91657551684446,999.1263357882034,4.403947201764972,1.8172961194479684,1.875,61.02784024917252,48.232578177936595,20.96627050702391,1
30,35,754.0369334677426,111.92851793924896,999.0311359677418,4.416407200268819,1.7795111758880633,1.875,61.107273179723684,48.92233925190985,19.94023508785364,1
30,36,754.4701095758294,111.94484270286075,998.9271737018009,4.4289402191516585,1.771059916361383,1.875,61.19202922022117,48.73606308768629,20.355536973136942,1
30,37,754.9423419697117,111.96589818429024,998.8138379272692,4.44155135060609,1.4014667153244675,1.875,61.282337375925195,48.59964056531706,20.69551742585873,1
30,38,755.456232254862,111.99204304578988,998.6905042588331,4.454245797843058,1.3912846380360235,1.875,61.37841656964936,49.099747468475506,20.004864555670956,1
30,39,756.0144174200374,112.0236439292839,998.556539819191,4.467028834840074,1.420173581145969,1.875,61.48047198031689,48.54975337959182,21.032237040836105,1
30,40,756.6195460367048,112.06107265756499,998.4113089511909,4.479905758740077,1.3966666602966646,1.875,61.58869104880915,48.36550521846557,21.47015240162221,1
30,41,757.274250692081,112.10470292180959,998.2541798339006,4.492881834717495,1.4099786225770778,1.875,61.70323918643846,49.00335775120853,20.58219568806882,1
30,42,757.9811166665281,112.1549064467374,998.0845320000333,4.505962233333056,1.4201391394607572,1.875,61.824255238063564,48.6880536207905,21.247650403049988,1
30,43,758.7426469912449,112.21204864005455,997.9017647221012,4.519151960649157,1.4227805815618388,1.875,61.9518467701384,48.771899873316364,21.27450202691124,1
30,44,759.5612241691103,112.27648375123593,997.7053061994135,4.532455781671554,1.3843385338373457,1.875,62.08608527326045,49.22788252519176,20.710281042001093,1
30,45,760.4390690074363,112.34854958596381,997.4946234382153,4.5458781380148725,1.3945778325883023,1.875,62.227001388253086,48.674721087903436,21.778777697792112,1
30,46,761.3781971914786,112.42856184613035,997.2692326740452,4.559423061049624,1.442757261982634,1.875,62.37458028343902,49.374686914133214,20.841652657592938,1
30,47,762.3803744148735,112.51680819042261,997.0287101404303,4.57309408216308,1.428246685626831,1.875,62.528757327293306,48.70549734578371,22.10704413835496,1
30,48,763.4470710684998,112.61354213602326,996.77270294356,4.586894142137,1.4146822950910876,1.875,62.689414213699955,48.975176561728,21.87648078066566,1
30,49,764.579417661394,112.71897694647356,996.5009397612654,4.600825501989455,1.4161754131783841,1.875,62.85637570508944,48.64120557521076,22.615319401445678,1
30,50,765.7781622934683,112.83327967260746,996.2132410495676,4.61488965792027,1.4373297946801114,1.875,63.029407160345926,49.15643426910316,22.01031790756039,1
30,51,767.0436316063073,112.95656553087153,995.9095284144863,4.6290872632126145,1.3976832286532026,1.875,63.20821300824607,49.02873978781076,22.43296012590243,1
30,52,768.3756966918515,113.08889281446145,995.5898327939556,4.64341806005037,1.4175246047423757,1.875,63.39243631234183,48.87218054989618,22.90534424470244,1
30,53,769.7737454273929,113.23025853582064,995.2543010974257,4.657880824188119,1.4296963055555207,1.875,63.581659549112686,49.477099150626145,22.183378821044595,1
30,54,771.2366626198957,113.38059499276156,994.903200971225,4.672473325239792,1.4434413963727233,1.875,63.77540668798145,49.54973685846024,22.305886498097475,1
30,55,772.7628191783156,113.53976743387534,994.5369233972043,4.687192305023298,1.3904222452364905,1.875,63.97314662021508,49.238275547644875,23.03290028868783,1
30,56,774.3500712896983,113.70757297173736,994.1559828904724,4.70203347591273,1.404313491753953,1.875,64.17429793537686,49.64146340421093,22.645880046557586,1
30,57,775.9957702599057,113.88374085522251,993.7610151376226,4.716991540519811,1.4007823697390498,1.875,64.37823499114202,49.885307755395615,22.512153739133307,1
30,58,777.6967833056517,114.06793416637608,993.3527720066436,4.73206023327797,1.400274730154488,1.875,64.584295167832,50.04949796900756,22.505157269354076,1
30,59,779.4495251698002,114.25975295491482,992.932113959248,4.747232383672934,1.4017146357188361,1.875,64.79178714627257,50.29474555110393,22.374813589321782,1
30,60,781.25,114.45873876741628,992.5,4.7625,1.405925628164665,1.875,65.0,50.61699041353185,22.127707056104843,1
30,61,783.0938525080597,114.66438047193161,992.0574753980657,4.777854371682786,1.4251734980279946,1.875,65.20821285372743,50.45448997743941,22.625559313184997,1
30,62,784.976427041085,114.8761212256715,991.6056575101396,4.793286187415504,1.4079740586994034,1.875,65.415704832168,50.06786227357569,23.46201512002214,1
30,63,786.8928328706304,115.09336638699735,991.1457201110487,4.808785665741261,1.4403985921256799,1.875,65.62176500885798,50.488846280953716,23.060822466237443,1
30,64,788.8380137641543,115.31549213619894,990.678876696603,4.824342694194975,1.4139422467202458,1.875,65.82570206462314,50.92092233233456,22.64279645305734,1
30,65,790.8068197589603,115.54185454474211,990.2063632578495,4.839946972851254,1.4084573728406402,1.875,66.02685337978491,51.36755183343105,22.20202962275652,1
30,66,792.7940790201275,115.77179882119363,989.7294210351694,4.855588158040255,1.3877001856840265,1.875,66.22459331201854,51.61405278454218,22.06210683490119,1
30,67,794.7946677301511,116.0046684642135,989.2492797447637,4.871256002126969,1.4255587551823679,1.875,66.41834045088731,51.20068648466037,22.91182505151503,1
30,68,796.803576120912,116.23981406816422,988.7671417309812,4.886940485575157,1.4074230041535758,1.875,66.60756368765817,50.746283781517974,23.813031175435654,1
30,69,798.8159690032313,116.47660155342224,988.2841674392245,4.902631938006462,1.3951629486288395,1.875,66.79178699175392,51.44698747596552,22.974081405671722,1
30,70,800.827239455811,116.71441962907004,987.8014625306054,4.918321145578289,1.4156497035528197,1.875,66.97059283965407,52.099122375172925,22.20597105969708,1
30,71,802.8330546811093,116.95268633751758,987.3200668765338,4.933999442695552,1.4528785165287805,1.875,67.14362429491055,51.98414744755821,22.57768627557006,1
30,72,804.8293933972504,117.1908545757781,986.84094558466,4.949658786794501,1.4162397902750608,1.875,67.31058578630005,51.87691830939346,22.929034559149326,1
30,73,806.8125744903738,117.42841653371687,986.3649821223103,4.965291815647414,1.3778256011657442,1.875,67.4712426727067,51.96157480435168,22.987079019116617,1
30,74,808.7792769818242,117.66490703301935,985.8929735243622,4.980891887296981,1.4080175824372811,1.875,67.62541971656097,52.608997468433316,22.205292493660107,1
30,75,810.7265516542727,117.89990578977337,985.4256276029745,4.9964531033085455,1.4225178946638404,1.875,67.77299861174691,52.54202726882921,22.473509590702633,1
30,76,812.6518249200215,118.13303865689302,984.9635620191949,5.0119703165067095,1.4005116021624164,1.875,67.91391472673955,52.00937814897581,23.418671478087667,1
30,77,814.5528956978483,118.36397792918733,984.5073050325165,5.02743912472903,1.3736924830575483,1.875,68.0481532298616,52.227789925634106,23.24877686362403,1
30,78,816.4279261907336,118.59244181333445,984.057297714224,5.042855852381467,1.4062874705081072,1.875,68.17574476193644,53.19370699173446,21.97561291412057,1
30,79,818.275427528267,118.81819317749562,983.6138973932159,5.058217521723201,1.431468915431419,1.875,68.29676081356155,53.29429560527988,21.966583816816478,1
30,80,820.0942412599237,119.041037701327,983.1773820976183,5.07352181585318,1.4018256943618408,1.875,68.41130895119085,53.514228830881784,21.775756594480054,1
30,81,821.8835176660763,119.26082154753949,982.7479557601417,5.088767035332152,1.3935061925064047,1.875,68.51952801968311,53.55666697726338,21.837367353320726,1
30,82,823.6426918009117,119.47742867190209,982.3257539677812,5.10395205026849,1.3786360776364404,1.875,68.62158343035064,53.06979607894053,22.663113519079353,1
30,83,825.3714581039801,119.69077788073972,981.9108500550448,5.119076249541293,1.4451799052516128,1.875,68.7176626240748,53.546984454300144,22.076825070094436,1
30,84,827.0697443230647,119.90081973457484,981.5032613624645,5.134139488646129,1.7985082068438725,1.875,68.80797077977883,54.35137697750114,21.010056885046474,1
30,85,828.7376853878633,120.10753338456543,981.1029555069128,5.1491420374423935,1.8364750365033469,1.875,68.89272682027632,54.048476987015206,21.54690417754258,1
30,86,830.3755977678295,120.31092341562987,980.7098565357209,5.164084528868992,1.817696873091044,1.875,68.97215975082749,54.329854518942945,21.22929785696449,1
30,87,831.9839547435181,120.5110167573169,980.3238508615557,5.178967909487036,1.7555855752176015,1.875,69.0465053510089,53.94351487063012,21.873649366612153,1
30,88,833.5633629226863,120.7078597111119,979.9447928985553,5.193793392512039,1.830972692315843,1.875,69.11600322792941,54.29385828369267,21.445315487003143,1
30,89,835.1145402428917,120.90151513136335,979.572510341706,5.208562413819116,1.8227243619535027,1.875,69.18089422844675,54.73493738013003,20.881425441847835,1
30,90,836.6382956230084,121.09205978662806,979.206809050478,5.223276591246017,1.836436259434759,1.875,69.24141819978756,54.37482633186974,21.470663447450058,1
30,91,838.1355103577289,121.27958191911537,978.8474775141451,5.237937687382124,1.8200117208514264,1.875,69.29781208169447,54.86621659904705,20.82547060163193,1
30,92,839.6071212918364,121.46417901211805,978.4942908899593,5.252547575917006,1.7963321172187026,1.875,69.35030830871335,54.74099054308023,21.06597378139928,1
30,93,841.0541057643931,121.64595576883242,978.1470146165457,5.267108211528786,1.8166772216487146,1.875,69.39913349825993,55.29652527846859,20.321014844003688,1
30,94,842.4774682762338,121.82502230072569,977.8054076137039,5.2816216032191345,1.8133995296830874,1.875,69.44450739842388,55.24299489975924,20.450159459244663,1
30,95,843.8782288062968,122.0014925195029,977.4692250864888,5.296089790945927,1.802157715951481,1.875,69.48664206884683,55.18384472606841,20.58352068388529,1
30,96,845.2574126822434,122.17548272363189,977.1382209562616,5.3105148253644865,1.7962781968650434,1.875,69.52574126822434,55.259539960717646,20.51930845651672,1
30,97,846.6160418973993,122.34711036817563,976.8121499446241,5.3248987504614655,1.8240211158689013,1.875,69.56200002283539,55.754045940864934,19.849852041973588,1
30,98,847.9551277581622,122.51649300521717,976.4907693380411,5.339243588849658,1.7866100917160788,1.875,69.59560435181997,55.34663474341647,20.47395053338721,1
30,99,849.2756647426366,122.68374738132002,976.1738404617672,5.353551329485273,1.7979196435588176,1.875,69.62673112655871,55.70740742250146,19.99135027430263,1
30,100,850.5786254514363,122.8489886781256,975.8611298916553,5.367823917569539,1.7784645479114733,1.875,69.65554804333789,55.54809464062061,20.253165467795878,1
30,101,851.8649565344975,123.01232988224264,975.5524104317205,5.382063246402328,1.78441597377176,1.875,69.68221369040769,56.03616283466562,19.583262547269737,1
30,102,853.1355754826684,123.17388127093959,975.2474618841595,5.396271150965337,1.811534105185556,1.875,69.70687769248644,55.89728533648435,19.8109466571196,1
30,103,854.3913681791644,123.33375000072796,974.9460716370006,5.4104494030249946,1.7908620584168409,1.875,69.72968091766968,55.98263291327066,19.714772566692588,1
30,104,855.6331871132293,123.49203978665818,974.648035092825,5.424599707559792,1.800833761717043,1.875,69.75075573352886,56.71136607128539,18.694262915312756,1
30,105,856.8618501660909,123.64885066098081,974.3531559601382,5.438723700332182,1.8320679982638368,1.875,69.77022630089974,56.1340065153877,19.54446833338734,1
30,106,858.0781398872531,123.80427880071515,974.0612464270592,5.452822946441173,1.8154315108512507,1.875,69.78820889544933,56.705535130500806,18.7462523712965,1
30,107,859.2828031870746,123.95841641457545,973.7721272351021,5.466898939707483,1.7983073202862756,1.875,69.80481224855997,56.076956553941464,19.66605919049901,1
30,108,860.4765513792646,124.11135168060858,973.4856276689765,5.480953102758529,1.776190433613549,1.875,69.82013790037908,56.95880040311207,18.42067043124127,1
30,109,861.6600605142432,124.26316872677333,973.2015854765816,5.494986787695153,1.808306356402803,1.875,69.83428055905262,56.782193272986916,18.690086275076197,1
30,110,862.8339719512071,124.41394764752935,972.9198467317103,5.509001277235747,1.8006428565258201,1.875,69.84732846119626,56.39958498661811,19.25305343932954,1
30,111,863.9988931231248,124.56376455029098,972.64026565045,5.52299778624625,1.7905015875354195,1.875,69.85936372956755,56.46017411686146,19.18023425546168,1
30,112,865.1553984547522,124.71269162633294,972.3627043708594,5.5369774635761715,1.829127492321579,1.875,69.87046272469304,57.4311932552715,17.803330598274908,1
30,113,866.3040303991017,124.8607972414096,972.0870327042155,5.550941394131537,1.8128724832817018,1.875,69.88069638788829,56.60455871442238,18.99829045745876,1
30,114,867.445300562617,125.00814604196236,971.8131278649719,5.564890601125234,1.8220592878489135,1.875,69.89013057369407,57.535697627061104,17.67693499099434,1
30,115,868.5796908936227,125.15479907334714,971.5408741855306,5.578826048453912,1.8315609393818693,1.875,69.89882637025025,57.24353204390783,18.10515996264089,1
30,116,869.7076549124712,125.3008139070132,971.2701628210069,5.592748643158275,1.8074379592996637,1.875,69.90684040654934,57.3098388938719,18.019697985802928,1
30,117,870.8296189652038,125.44624477401085,971.000891448351,5.606659237930407,1.8366325841317357,1.875,69.91422514586289,57.66005043883437,17.527441205938402,1
30,118,871.9459834855464,125.59114270260221,970.7329639634688,5.620558633637759,1.8044124640397354,1.875,69.92102916492581,57.37009750712047,17.950152919232508,1
30,119,873.0571242526735,125.73555565809949,970.4662901793583,5.63444758183868,1.8024937030573878,1.875,69.92729741870306,57.259294416164515,18.11596253561246,1
31,0,875.0,131.25,950.0,4.25,2.125561984423826,1.6921875,69.93307149075716,58.97471253734306,15.669780720073808,1
31,1,874.9924268144482,131.23278787178975,950.0018175645324,4.2636827702955635,2.1010042993509424,1.6921875,69.92729741870306,58.8559401655021,15.832668588504282,1
31,2,874.9835477426928,131.21037399742423,950.0039485417537,4.277362928818719,2.120946637484423,1.6921875,69.92102916492581,59.130090331004574,15.433037761026336,1
31,3,874.9731953580822,131.18539366978737,950.0064331140603,4.291040140716165,2.0751543337369163,1.6921875,69.91422514586289,59.34662376284842,15.115094762141975,1
31,4,874.9611835027289,131.1585321593594,950.009315959345,4.304714033672124,2.1493172976034116,1.6921875,69.90684040654934,59.54446321919874,14.823123355436016,1
31,5,874.947305401172,131.13012868535841,950.0126467037187,4.318384194135677,2.10535071401287,1.6921875,69.89882637025025,59.06588910086652,15.498024547654424,1
31,6,874.9313316085588,131.10038250894158,950.0164804139459,4.332050163217118,2.1540125359775297,1.6921875,69.89013057369407,59.499635608869994,14.866898773165188,1
31,7,874.9130077828352,131.06941978178347,950.0208781321196,4.345711432232337,2.1647624423395895,1.6921875,69.88069638788829,59.2293316969196,15.242213145452832,1
31,8,874.8920522705776,131.03732229263838,950.0259074550614,4.359367437874488,2.1340643464157014,1.6921875,69.87046272469304,58.704893338370034,15.980385632077635,1
31,9,874.8681534964696,131.00414191491882,950.0316431608474,4.373017556992939,2.1564813474590845,1.6921875,69.85936372956755,59.050200767307864,15.472747510416806,1
31,10,874.8409671470795,130.9699086123872,950.0381678847009,4.386661100960826,2.135862643123253,1.6921875,69.84732846119626,59.15977095773514,15.30131178803581,1
31,11,874.8101131405812,130.93463516113704,950.0455728462605,4.400297309614496,2.0872907784058965,1.6921875,69.83428055905262,58.88485118406476,15.679161133089792,1
31,12,874.7751723754739,130.898320037853,950.0539586298863,4.413925344750948,2.144261450975269,1.6921875,69.82013790037908,59.156486607213616,15.273030981950505,1
31,13,874.7356832532582,130.86094920795387,950.063436019218,4.427544283173184,2.1444202830912666,1.6921875,69.80481224855997,59.40317670643175,14.901029323150707,1
31,14,874.6911379725303,130.82249721355453,950.0741268865927,4.441153109278394,2.118719011961689,1.6921875,69.78820889544933,58.98934433625699,15.473766600558935,1
31,15,874.6409785951558,130.782927792742,950.0861651371625,4.454750707190311,2.1323600810633625,1.6921875,69.77022630089975,59.38282966421052,14.888007660877081,1
31,16,874.5845928892147,130.7421941710695,950.0996977065885,4.4683358524450965,2.1305018628103993,1.6921875,69.75075573352886,58.61044278939545,15.97160177976153,1
31,17,874.5213099583734,130.7002391149526,950.1148856099904,4.48190720325008,2.131220166147637,1.6921875,69.72968091766968,59.3602533233458,14.870894944388366,1
31,18,874.4503956734121,130.65699480655817,950.1319050383811,4.495463291346824,2.1623242120309043,1.6921875,69.70687769248644,59.24364207858401,15.010334647409183,1
31,19,874.3710479289318,130.61238258162265,950.1509484970563,4.50900251252453,2.1054638900465523,1.6921875,69.68221369040769,58.985707717565795,15.350410680644544,1
31,20,874.282391756954,130.56631256054604,950.1722259783311,4.522523116847241,2.1446849665283225,1.6921875,69.65554804333789,59.39175207941275,14.735073159627243,1
31,21,874.1834743393472,130.51868319639777,950.1959661585566,4.536023198678694,2.145325255319001,1.6921875,69.62673112655871,59.04898713499892,15.192073246025151,1
31,22,874.0732599729208,130.46938075959014,950.222417606499,4.549500686612508,2.1523541321700503,1.6921875,69.59560435181997,58.92908724222047,15.326423570773356,1
31,23,873.9506250547098,130.41827877701655,950.2518499868696,4.562953333442753,2.1388768050320213,1.6921875,69.56200002283539,59.32558024430237,14.715534020259149,1
31,24,873.8143531705608,130.3652374428579,950.2845552390654,4.576378706341122,2.1467165397146095,1.6921875,69.52574126822434,59.275720934561335,14.742770298729077,1
31,25,873.663130387622,130.3101030186818,950.3208487069708,4.58977417744191,2.1466621234469416,1.6921875,69.48664206884683,58.769219819138065,15.423715883536332,1
31,26,873.4955408707314,130.2527072416687,950.3610701910245,4.603136915074796,2.135534974573135,1.6921875,69.44450739842388,58.78872093962214,15.344318590477304,1
31,27,873.310062963856,130.19286676163367,950.4055848886745,4.616463875927712,2.1293943424474784,1.6921875,69.39913349825993,58.69106604279615,15.429684659870087,1
31,28,873.1050659004139,130.13038262985023,950.4547841839006,4.6297517984674945,2.1420831577015775,1.6921875,69.35030830871337,58.445896870562564,15.723666850347284,1
31,29,872.8788073301188,130.06503986541017,950.5090862407715,4.642997197993571,2.1475294474267077,1.6921875,69.29781208169447,59.026275345798474,14.82231029716637,1
31,30,872.6294318743361,129.99660712785962,950.5689363501593,4.6561963637486725,2.173227016456089,1.6921875,69.24141819978756,58.96087081729734,14.847395749213238,1
31,31,872.354970946026,129.92483652800775,950.6348069729538,4.669345358558719,2.131085889630632,1.6921875,69.18089422844675,59.171312681268525,14.46870795587714,1
31,32,872.0533440930981,129.8494636119602,950.7071974176565,4.682440021519529,2.1322539692829694,1.6921875,69.11600322792941,59.02577979685634,14.598968342827535,1
31,33,871.722362144093,129.77020755640245,950.7866330854176,4.695475974288186,2.15507182441631,1.6921875,69.0465053510089,58.854825444758966,14.760602081798218,1
31,34,871.3597324508473,129.6867716157276,950.8736642117966,4.708448631568361,2.1590890269551677,1.6921875,68.97215975082749,58.40551995720271,15.320152119055546,1
31,35,870.9630665322575,129.59884386351004,950.9688640322582,4.721353216397849,2.167253421101635,1.6921875,68.89272682027632,58.34758927367656,15.306604968779006,1
31,36,870.5298904241706,129.50609827176913,951.0728262981991,4.7341847808483415,2.162227569808489,1.6921875,68.80797077977883,58.285411819082746,15.292645374434489,1
31,37,870.0576580302883,129.40819617110694,951.1861620727308,4.746938232727244,2.174795505942734,1.6921875,68.7176626240748,58.86588280468523,14.336604947238218,1
31,38,869.543767745138,129.30478813277765,951.3094957411669,4.759608368823609,2.1162861389228613,1.6921875,68.62158343035064,59.28924044488247,13.599719678489034,1
31,39,868.9855825799626,129.19551630967237,951.443460180809,4.772189915159926,2.1134064221266855,1.6921875,68.51952801968311,58.61455541360873,14.455692986135354,1
31,40,868.3804539632952,129.08001726671426,951.5886910488091,4.784677574593257,2.1872780693941256,1.6921875,68.41130895119085,58.812141216234714,14.031551043417126,1
31,41,867.7257493079192,128.95792532192453,951.7458201660994,4.797066081949172,2.094663527618898,1.6921875,68.29676081356155,58.48507444464716,14.366254346525468,1
31,42,867.0188833334719,128.82887640718744,951.9154679999667,4.809350266666944,2.1279486343243574,1.6921875,68.17574476193644,58.59376973097252,14.054815337072323,1
31,43,866.2573530087551,128.6925124423791,952.0982352778988,4.821525122684177,2.134294964137313,1.6921875,68.0481532298616,58.64522643012448,13.818048475136024,1
31,44,865.4387758308897,128.54848619806825,952.2946938005865,4.833585884995113,2.1046227385586995,1.6921875,67.91391472673955,58.22801206240724,14.262029664030997,1
31,45,864.5609309925637,128.39646660070002,952.5053765617847,4.845528111985128,2.1414206962151763,1.6921875,67.77299861174691,58.123126637133055,14.238520018710332,1
31,46,863.6218028085214,128.23614441055474,952.7307673259548,4.85734777228371,2.1571026952436974,1.6921875,67.62541971656097,58.06676544552299,14.134706018981108,1
31,47,862.6196255851265,128.06723817763626,952.9712898595697,4.869041334503587,2.1380504053612714,1.6921875,67.4712426727067,58.16277935762291,13.796193676523497,1
31,48,861.5529289315002,127.88950035510945,953.22729705644,4.880605857863,2.114890206103192,1.6921875,67.31058578630005,58.10888787650023,13.67050635841097,1
31,49,860.420582338606,127.70272342537386,953.4990602387345,4.892039081343879,2.108945180476857,1.6921875,67.14362429491057,57.862722230587885,13.822462164923923,1
31,50,859.2218377065317,127.50674587198314,953.7867589504324,4.903339508746397,2.1357893066644444,1.6921875,66.97059283965407,57.493668607991495,14.150874032656288,1
31,51,857.9563683936927,127.30145781319918,954.0904715855138,4.914506486787386,2.147653856392949,1.6921875,66.79178699175392,57.908814934028264,13.299497524781522,1
31,52,856.6243033081485,127.08680610184284,954.4101672060444,4.925540273282963,2.145823839100313,1.6921875,66.60756368765817,57.72409205611763,13.337031321544309,1
31,53,855.2262545726071,126.8627986929781,954.7456989025743,4.936442092478547,2.112170151948703,1.6921875,66.41834045088731,57.58535050364724,13.29902235930086,1
31,54,853.7633373801043,126.62950808724165,955.096799028775,4.947214174760209,2.147645765247527,1.6921875,66.22459331201854,57.140534813100416,13.717046862210836,1
31,55,852.2371808216843,126.38707367421762,955.4630766027957,4.957859778310035,2.1129673032427796,1.6921875,66.02685337978491,57.2750050234809,13.254983250471719,1
31,56,850.6499287103017,126.13570282740821,955.8440171095276,4.968383190753936,2.127757232873892,1.6921875,65.82570206462314,57.23001112909996,13.058259412234646,1
31,57,849.0042297400943,125.8756706395387,956.2389848623774,4.978789709480188,2.1293498646604596,1.6921875,65.62176500885798,57.15380571628003,12.904193130792649,1
31,58,847.3032166943483,125.60731823279772,956.6472279933564,4.989085600055363,2.1596201839635256,1.6921875,65.415704832168,57.156942684386756,12.6250449627809,1
31,59,845.5504748301998,125.33104963098049,957.067886040752,4.9992780329937325,2.1363068566612666,1.6921875,65.20821285372743,56.506193075509145,13.344975114926589,1
31,60,843.75,125.04732723651512,957.5,5.009375,2.1207440918190277,1.6921875,65.0,56.93606069688207,12.406060466335273,1
31,61,841.9061474919403,124.75666601167092,957.9425246019343,5.0193852116505475,2.125814115697372,1.6921875,64.79178714627257,56.251761600626274,13.18072231341067,1
31,62,840.023572958915,124.45962651633029,958.3943424898604,5.0293179792511635,2.177144485950114,1.6921875,64.584295167832,56.89206297824668,11.910375687457604,1
31,63,838.1071671293696,124.15680700112028,958.8542798889513,5.039183084258739,2.1326947551918813,1.6921875,64.37823499114202,55.92341599888248,13.133039440150638,1
31,64,836.1619862358457,123.84883479144811,959.321123303397,5.048990639138358,2.1496510005199974,1.6921875,64.17429793537686,55.96169140056119,12.797345353252965,1
31,65,834.1931802410396,123.53635722278027,959.7936367421505,5.058750943815412,2.1529544788307793,1.6921875,63.97314662021508,55.809862556017485,12.760485446589016,1
31,66,832.2059209798724,123.22003239897944,960.2705789648306,5.068474341959745,2.1680917349324433,1.6921875,63.77540668798145,55.65699367066553,12.729692273127984,1
31,67,830.2053322698489,122.90052004332823,960.7507202552363,5.0781710812063645,2.1824784932666104,1.6921875,63.581659549112686,55.72568035034904,12.355731596932316,1
31,68,828.196423879088,122.5784726967075,961.2328582690188,5.0878511810915095,2.1628699362556274,1.6921875,63.39243631234183,55.33198854957337,12.715156936158294,1
31,69,826.1840309967686,122.25452749086094,961.7158325607755,5.097524311993537,2.1089568185343746,1.6921875,63.20821300824607,54.601448984285405,13.616528002204136,1
31,70,824.172760544189,121.92929868908132,962.1985374693946,5.1071996877550445,2.160715900336139,1.6921875,63.029407160345926,55.19780086800532,12.4253212035092,1
31,71,822.1669453188906,121.60337114478394,962.6799331234663,5.116885973971115,2.1102323145641044,1.6921875,62.85637570508944,55.37572819786627,11.901175375304792,1
31,72,820.1706066027496,121.2772947832544,963.15905441534,5.126591213205499,2.158303703909755,1.6921875,62.68941421369995,55.27759370923817,11.823081452310051,1
31,73,818.1874255096262,120.95158016626354,963.6350178776897,5.136322767685919,2.108388103005681,1.6921875,62.528757327293306,55.042203040102834,11.972977886004863,1
31,74,816.2207230181758,120.62669515581375,964.1070264756378,5.146087279369685,2.1428646630880492,1.6921875,62.37458028343902,54.97091794183396,11.86967881460967,1
31,75,814.2734483457273,120.30306265413154,964.5743723970255,5.1558906466914545,2.146038446865426,1.6921875,62.227001388253086,54.44550627036752,12.50501381118217,1
31,76,812.3481750799785,119.98105936368798,965.0364379808051,5.165738016826624,2.160383528263783,1.6921875,62.08608527326045,54.51093587169859,12.201042098597837,1
31,77,810.4471043021517,119.66101548445161,965.4926949674835,5.175633791937637,2.1568191355499993,1.6921875,61.9518467701384,53.9584113020789,12.902658895250951,1
31,78,808.5720738092664,119.34321524612153,965.942702285776,5.185581647618533,2.131735636094649,1.6921875,61.824255238063564,53.419085306342,13.595262732007365,1
31,79,806.7245724717332,119.02789816061255,966.386102606784,5.195584561610133,2.1239813421932063,1.6921875,61.70323918643846,54.026883894369234,12.440765498347426,1
31,80,804.9057587400763,118.71526087404177,966.8226179023817,5.205644850813486,2.1464675799265063,1.6921875,61.58869104880915,53.37298794434283,13.339629345191572,1
31,81,803.1164823339237,118.4054594970719,967.2520442398583,5.215764214667848,2.16083073197924,1.6921875,61.48047198031689,54.43176585629168,11.464951222693715,1
31,82,801.3573081990883,118.09861229672168,967.6742460322188,5.225943783064843,2.1171293344829656,1.6921875,61.37841656964936,53.307072616496036,13.150133881336512,1
31,83,799.6285418960199,117.79480264059768,968.0891499449552,5.236184167125373,2.12275191506351,1.6921875,61.282337375925195,53.21129168064995,13.170264126456052,1
31,84,797.9302556769353,117.4940820949029,968.4967386375355,5.24648551135387,2.140661943584175,1.6921875,61.19202922022117,52.91377430141204,13.528322273832272,1
31,85,796.2623146121367,117.19647358957457,968.8970444930872,5.25684754589094,2.129645427693102,1.6921875,61.10727317972368,53.011672762835474,13.24817815561511,1
31,86,794.6244022321705,116.90197457666413,969.2901434642791,5.267269637797674,2.1446158628946894,1.6921875,61.02784024917251,53.311182618672014,12.644487497827079,1
31,87,793.0160452564819,116.61056012090575,969.6761491384443,5.277750840512963,2.1348942464012435,1.6921875,60.9534946489911,52.57104293023816,13.752208576430961,1
31,88,791.4366370773137,116.32218587378568,970.0552071014447,5.2882899408212936,2.149110606528516,1.6921875,60.88399677207058,52.749480093631064,13.360681147284796,1
31,89,789.8854597571083,116.03679089393174,970.427489658294,5.29888550284755,2.131327271658044,1.6921875,60.819105771553254,52.64143293668087,13.445894560812995,1
31,90,788.3617043769916,115.75430028702797,970.793190949522,5.309535908753983,2.1275208520000217,1.6921875,60.75858180021243,52.216691539252786,14.058738712906859,1
31,91,786.8644896422711,115.47462764757695,971.1525224858549,5.320239395951209,2.097197480478675,1.6921875,60.702187918305526,52.138220180745,14.10816978967236,1
31,92,785.3928787081636,115.19767729262499,971.5057091100407,5.330994090749661,2.0999333639575277,1.6921875,60.64969169128664,51.934062366144616,14.370442919158604,1
31,93,783.9458942356069,114.92334628405042,971.8529853834543,5.3417980384712145,2.146773438306485,1.6921875,60.60086650174007,51.600871739027085,14.851264152228854,1
31,94,782.5225317237662,114.651526241259,972.1945923862961,5.352649230114199,2.131386924691211,1.6921875,60.55549260157612,51.95071088936164,14.209746040428575,1
31,95,781.1217711937032,114.38210495023715,972.5307749135112,5.3635456257207395,2.1304119394879137,1.6921875,60.513357931153166,51.678650052708235,14.599599461157473,1
31,96,779.7425873177566,114.11496777800582,972.8617790437384,5.374485174635513,2.141691599845591,1.6921875,60.47425873177566,51.865789948486956,14.234930636306359,1
31,97,778.3839581026007,113.84999890372872,973.1878500553759,5.385465832871868,2.135214346145331,1.6921875,60.43799997716461,51.4897787762422,14.805620974061572,1
31,98,777.0448722418379,113.5870823791906,973.5092306619589,5.396485577817009,2.1524785422355404,1.6921875,60.404395648180035,51.13578729343978,15.344261382440488,1
31,99,775.7243352573634,113.32610303220525,973.8261595382328,5.4075424205147264,2.148931394744043,1.6921875,60.3732688734413,51.551254119987995,14.612451699354946,1
31,100,774.4213745485637,113.06694722685307,974.1388701083447,5.418634415763794,2.139164360450804,1.6921875,60.34445195666211,51.31514402316707,14.96294628705828,1
31,101,773.1350434655023,112.80950349439483,974.4475895682795,5.429759670264338,2.0973844475962915,1.6921875,60.3177863095923,51.602806426485344,14.448441191750133,1
31,102,771.8644245173316,112.55366304835235,974.7525381158404,5.440916349034663,2.1519572445522424,1.6921875,60.29312230751356,50.845012992010346,15.67029364861043,1
31,103,770.6086318208356,112.29932019666907,975.0539283629994,5.452102680308338,2.150360017274851,1.6921875,60.27031908233032,51.093164623525965,15.226656501134824,1
31,104,769.3668128867707,112.04637266313102,975.351964907175,5.463316959106875,2.1235237829854094,1.6921875,60.24924426647114,51.27806463947597,14.890111463170088,1
31,105,768.1381498339091,111.79472182939604,975.6468440398618,5.474557549667818,2.126567038397721,1.6921875,60.22977369910026,51.23634005668907,14.93187354038744,1
31,106,766.921860112747,111.54427290809049,975.9387535729408,5.48582288689216,2.145869430873541,1.6921875,60.21179110455068,51.03944936932553,15.233464354678397,1
31,107,765.7171968129254,111.29493505652466,976.2278727648979,5.4971114769591845,2.1467655310360074,1.6921875,60.19518775144004,50.82149397339803,15.57216469985637,1
31,108,764.5234486207354,111.04662143967387,976.5143723310235,5.508421897241471,2.139488432207467,1.6921875,60.17986209962092,50.3471662122065,16.338847488778732,1
31,109,763.3399394857568,110.79924925019601,976.7984145234184,5.51975279563818,2.1364343380214343,1.6921875,60.165719440947385,50.747874651751836,15.653174061084997,1
31,110,762.1660280487929,110.55273969241884,977.0801532682897,5.531102889430919,2.1495690178062508,1.6921875,60.152671538803745,50.544809869522275,15.972460446887313,1
31,111,761.0011068768752,110.30701793644232,977.35973434955,5.54247096375375,2.0932687573126185,1.6921875,60.14063627043245,50.197127650812746,16.53376025971367,1
31,112,759.8446015452478,110.0620130477699,977.6372956291406,5.553855869757163,2.1288180391475424,1.6921875,60.12953727530696,49.87094616723268,17.060818314807012,1
31,113,758.6959696008981,109.81765789720839,977.9129672957845,5.56525652253513,2.1532589759972836,1.6921875,60.1193036121117,49.526918378591425,17.618941998833005,1
31,114,757.554699437383,109.57388905516191,978.1868721350281,5.576671898874766,2.1519165385325647,1.6921875,60.109869426305934,50.4458492324472,16.077260333607477,1
31,115,756.4203091063773,109.33064667388898,978.4591258144694,5.588101034879421,2.130986988809161,1.6921875,60.10117362974976,49.922241662460934,16.936328115646496,1
31,116,755.2923450875288,109.08787436079245,978.7298371789931,5.599543023508391,2.154535008288405,1.6921875,60.093159593450665,49.649027921154214,17.379901045234302,1
31,117,754.1703810347962,108.84551904536524,978.9991085516489,5.610997012069593,2.1483993531099874,1.6921875,60.08577485413712,49.51311432860487,17.59594604745999,1
31,118,753.0540165144536,108.60353084201783,979.2670360365312,5.6224621996955735,2.110834985462151,1.6921875,60.07897083507419,49.76291646865851,17.17082403880519,1
31,119,751.9428757473265,108.3618629106647,979.5337098206417,5.633937834827987,2.1346500839486477,1.6921875,60.07270258129694,49.093022339063914,18.277320264348223,1
32,0,875.0,131.25,950.0,4.25,2.0772577570081885,1.6921875,70.06692850924284,59.62726737115539,14.899555839257758,1
32,1,875.0075731855518,131.23362508261698,949.9981824354676,4.26371306303777,2.004340827214017,1.6921875,70.07270258129694,59.25088592746111,15.44369812378875,1
32,2,875.0164522573072,131.21246323453136,949.9960514582463,4.277428737847948,2.0392357968539865,1.6921875,70.07897083507419,59.1529389911934,15.59102782715576,1
32,3,875.0268046419178,131.18908506461517,949.9935668859397,4.291147359283836,2.0348306019844125,1.6921875,70.08577485413711,59.138975131871476,15.619146317563265,1
32,4,875.0388164972711,131.16419435120136,949.990684040655,4.304869299661209,2.045824410576704,1.6921875,70.09315959345066,58.939771475928566,15.912234777563436,1
32,5,875.052694598828,131.13816609941216,949.9873532962813,4.318594972530989,2.0248689116987597,1.6921875,70.10117362974975,58.96319700254403,15.88843103545267,1
32,6,875.0686683914412,131.11124534844058,949.9835195860541,4.332324836782883,2.047481447944399,1.6921875,70.10986942630593,59.29687583822889,15.422926438969942,1
32,7,875.0869922171648,131.08361219496993,949.9791218678804,4.346059401100996,2.0598632422020664,1.6921875,70.11930361211171,58.980295063889706,15.885794602070122,1
32,8,875.1079477294224,131.05541017595476,949.9740925449386,4.359799228792178,2.048473154001318,1.6921875,70.12953727530696,59.40987157396096,15.285521789861367,1
32,9,875.1318465035304,131.02676091267787,949.9683568391526,4.373544943007061,2.0661081605581457,1.6921875,70.14063627043245,59.11949583586938,15.712917675953559,1
32,10,875.1590328529205,130.99777258845626,949.9618321152991,4.387297232372508,2.038377628156471,1.6921875,70.15267153880374,59.17447914723128,15.64900117239308,1
32,11,875.1898868594188,130.96854530929252,949.9544271537395,4.401056857052171,2.0198021131973154,1.6921875,70.16571944094738,59.04667344092577,15.846835304495926,1
32,12,875.2248276245261,130.9391747504428,949.9460413701137,4.414824655249053,2.057687990624726,1.6921875,70.17986209962092,59.33045181350636,15.45943517346006,1
32,13,875.2643167467418,130.90975480043505,949.936563980782,4.42860155016015,2.0373909105679857,1.6921875,70.19518775144003,59.19011304311447,15.677819321880499,1
32,14,875.3088620274697,130.88037959136557,949.9258731134073,4.442388557388273,2.0263032558494496,1.6921875,70.21179110455067,59.33054832514197,15.497742769737505,1
32,15,875.3590214048442,130.85114514081332,949.9138348628375,4.456186792809688,2.0412398339325337,1.6921875,70.22977369910025,59.05268816309808,15.915024280001862,1
32,16,875.4154071107853,130.8221507421889,949.9003022934115,4.469997480888237,2.0355617859333957,1.6921875,70.24924426647114,59.11658623733061,15.847370523890422,1
32,17,875.4786900416266,130.79350018961782,949.8851143900096,4.483821963416586,2.0338387097566244,1.6921875,70.27031908233032,59.33659553037437,15.55951886193337,1
32,18,875.5496043265879,130.76530289289497,949.8680949616189,4.497661708653176,2.0348905916949396,1.6921875,70.29312230751356,59.623572432411386,15.178654077173798,1
32,19,875.6289520710682,130.73767491872275,949.8490515029437,4.511518320808803,2.072100472724891,1.6921875,70.31778630959231,58.914353953541735,16.21699566286686,1
32,20,875.717608243046,130.7107399816037,949.8277740216689,4.525393549819426,2.044190348043849,1.6921875,70.34445195666211,58.971404902681456,16.167653223010927,1
32,21,875.8165256606528,130.68463039875562,949.8040338414434,4.539289301321306,2.036263311391491,1.6921875,70.37326887344129,59.7689251362698,15.068709904953051,1
32,22,875.9267400270792,130.65948801671453,949.777582393501,4.553207646720825,2.0366448343129475,1.6921875,70.40439564818003,59.285413439339756,15.793022731710218,1
32,23,876.0493749452902,130.63546511196517,949.7481500131304,4.567150833223914,2.053622688535429,1.6921875,70.43799997716461,58.90057980803912,16.379539698551664,1
32,24,876.1856468294392,130.61272526341895,949.7154447609346,4.581121293658878,2.0256943531670792,1.6921875,70.47425873177566,58.82755494749147,16.526181323327474,1
32,25,876.336869612378,130.59144419048172,949.6791512930292,4.595121655891423,2.025076847977308,1.6921875,70.51335793115317,58.345995008512865,17.255401358874582,1
32,26,876.5044591292686,130.57181054659216,949.6389298089755,4.609154751591871,2.053687910671136,1.6921875,70.55549260157612,59.85360202654092,15.16804741973573,1
32,27,876.689937036144,130.55402665431953,949.5944151113255,4.623223624072288,2.0457526774359938,1.6921875,70.60086650174007,58.82100308953812,16.68515415729582,1
32,28,876.8949340995861,130.53830916431323,949.5452158160994,4.637331534865838,2.0299407349972642,1.6921875,70.64969169128663,59.11202759982914,16.33080600248459,1
32,29,877.1211926698812,130.5248896165651,949.4909137592285,4.651481968673096,2.022444567110996,1.6921875,70.70218791830553,59.51991375114208,15.8160228083525,1
32,30,877.3705681256639,130.51401487859548,949.4310636498407,4.665678636251328,2.0590014635427702,1.6921875,70.75858180021244,58.96449253284455,16.668069041672734,1
32,31,877.645029053974,130.5059474313676,949.3651930270462,4.679925474774615,2.0572978835442135,1.6921875,70.81910577155325,59.78984975588095,15.573842532338997,1
32,32,877.9466559069019,130.5009654700705,949.2928025823435,4.694226645147137,2.0808474267598545,1.6921875,70.88399677207059,60.23443505192196,15.023929525859806,1
32,33,878.277637855907,130.4993627835395,949.2133669145824,4.708586525711814,2.0247564096663995,1.6921875,70.9534946489911,60.203852586861416,15.150264430678796,1
32,34,878.6402675491527,130.50144837319615,949.1263357882034,4.723009701764972,2.0357121348850877,1.6921875,71.02784024917251,59.216746607089796,16.628822727325314,1
32,35,879.0369334677425,130.50754577023042,949.0311359677418,4.737500950268818,2.04933771015282,1.6921875,71.10727317972368,59.262644242272756,16.65740845878538,1
32,36,879.4701095758294,130.5179920086015,948.9271737018009,4.752065219151659,2.050777145468194,1.6921875,71.19202922022117,59.07720822539464,17.01710307673808,1
32,37,879.9423419697117,130.5331362116285,948.8138379272692,4.7667076006060904,2.0380212106139948,1.6921875,71.2823373759252,59.886666396499415,15.986668505730762,1
32,38,880.456232254862,130.55333775183354,948.6905042588331,4.781433297843058,2.0416550368266404,1.6921875,71.37841656964936,59.58770200561088,16.51859922184374,1
32,39,881.0144174200374,130.57896394766516,948.556539819191,4.796247584840074,2.0523014347496096,1.6921875,71.48047198031689,59.94983750706187,16.131167231842195,1
32,40,881.6195460367048,130.61038726712493,948.4113089511909,4.811155758740076,2.0096917684114746,1.6921875,71.58869104880915,59.788597441194824,16.483181120840758,1
32,41,882.2742506920808,130.64798201748144,948.2541798339006,4.826163084717495,2.037433479870428,1.6921875,71.70323918643845,59.7381196126858,16.687000070724377,1
32,42,882.9811166665281,130.69212051242394,948.0845320000333,4.841274733333056,2.0639952660505108,1.6921875,71.82425523806356,59.408034199341905,17.28694714281092,1
32,43,883.7426469912449,130.74316872331866,947.9017647221012,4.856495710649156,2.0225433738264016,1.6921875,71.9518467701384,59.21383624920052,17.70352130311746,1
32,44,884.5612241691103,130.80148143964394,947.7053061994135,4.871830781671554,2.031813083819988,1.6921875,72.08608527326045,60.26696841815494,16.39583674200392,1
32,45,885.4390690074363,130.86739698493795,947.4946234382153,4.887284388014873,2.040384518885794,1.6921875,72.22700138825309,59.54342205177169,17.56071703475736,1
32,46,886.3781971914786,130.94123155818306,947.2692326740452,4.902860561049624,2.033082687763762,1.6921875,72.37458028343903,59.56899814351784,17.693480348723217,1
32,47,887.3803744148735,131.02327329565793,947.0287101404303,4.91856283216308,2.0202925406206402,1.6921875,72.5287573272933,60.20263333667428,16.994809293362287,1
32,48,888.4470710684998,131.11377617380268,946.77270294356,4.934394142136999,2.019318796129143,1.6921875,72.68941421369995,60.5051131331778,16.762139593946188,1
32,49,889.579417661394,131.21295389815413,946.5009397612655,4.950356751989455,2.0413738568386566,1.6921875,72.85637570508943,60.306110351994214,17.226035788407344,1
32,50,890.7781622934683,131.3209739452683,946.2132410495676,4.96645215792027,2.0372288033031056,1.6921875,73.02940716034593,60.60585583851355,17.0117104943147,1
32,51,892.0436316063073,131.43795194195388,945.9095284144862,4.9826810132126145,2.0584594604108037,1.6921875,73.20821300824608,60.593844713114486,17.230810283145043,1
32,52,893.3756966918515,131.5639465772541,945.5898327939556,4.9990430600503695,2.0540920447734163,1.6921875,73.39243631234183,60.53400679691695,17.520101745501776,1
32,53,894.7737454273929,131.69895524572823,945.2543010974257,5.015537074188119,2.0536403227934446,1.6921875,73.58165954911269,60.609126454567665,17.63011757826201,1
32,54,896.2366626198957,131.84291061430028,944.903200971225,5.032160825239791,2.0428408950985113,1.6921875,73.77540668798146,60.738013885235155,17.671732882321322,1
32,55,897.7628191783157,131.99567828834404,944.5369233972043,5.048911055023298,2.0336518918688795,1.6921875,73.97314662021509,60.73009797244419,17.90250821120524,1
32,56,899.3500712896983,132.1570557255178,944.1559828904724,5.06578347591273,2.052150064732441,1.6921875,74.17429793537686,61.47364443325626,17.12271481583261,1
32,57,900.9957702599057,132.3267725086657,943.7610151376226,5.082772790519812,2.0662183020886546,1.6921875,74.37823499114202,60.84843403767055,18.19053780327375,1
32,58,902.6967833056517,132.5044920432356,943.3527720066436,5.09987273327797,2.068580323683401,1.6921875,74.584295167832,61.27014311938238,17.85114683793643,1
32,59,904.4495251698002,132.68981469229138,942.932113959248,5.117076133672934,2.054810922958175,1.6921875,74.79178714627257,61.2253389403205,18.13895445421,1
32,60,906.25,132.88228230618023,942.5,5.134375,2.0456358609327436,1.6921875,75.0,61.73062564361526,17.692499141846316,1
32,61,908.0938525080597,133.08138404759333,942.0574753980657,5.1517606216827865,2.0131041668168703,1.6921875,75.20821285372743,61.94328114052428,17.637610587825215,1
32,62,909.976427041085,133.28656335967162,941.6056575101396,5.169223687415504,2.0697149628120295,1.6921875,75.415704832168,61.90731543406412,17.911904991361936,1
32,63,911.8928328706304,133.49722587839102,941.1457201110487,5.186754415741261,2.069999625271824,1.6921875,75.62176500885798,62.05956185908368,17.934258937470826,1
32,64,913.8380137641543,133.71274805371027,940.678876696603,5.204342694194976,2.059787953276196,1.6921875,75.82570206462314,61.60176882661814,18.758722769071795,1
32,65,915.8068197589603,133.93248621916692,940.2063632578495,5.221978222851254,2.0911718182415324,1.6921875,76.02685337978491,62.902216057784656,17.26315997380212,1
32,66,917.7940790201275,134.15578583813002,939.7294210351694,5.239650658040255,2.03710375257019,1.6921875,76.22459331201854,61.981503683173344,18.68568792560478,1
32,67,919.7946677301511,134.3819906571013,939.2492797447637,5.257349752126968,2.048556830021373,1.6921875,76.41834045088731,62.31318047422812,18.457820326161528,1
32,68,921.803576120912,134.61045151161588,938.7671417309812,5.2750654855751575,2.051693333406413,1.6921875,76.60756368765817,63.037253500395494,17.714060510514468,1
32,69,923.8159690032313,134.84053455682863,938.2841674392245,5.292788188006463,2.023968199275223,1.6921875,76.79178699175392,63.39326620495532,17.447856485274098,1
32,70,925.827239455811,135.0716287304663,937.8014625306054,5.310508645578288,2.058907756711387,1.6921875,76.97059283965407,63.543125121037754,17.444932178953795,1
32,71,927.8330546811093,135.30315229769462,937.3200668765338,5.328218192695552,2.0429734167286413,1.6921875,77.14362429491055,62.97814476389896,18.362476044499427,1
32,72,929.8293933972504,135.53455837262675,936.84094558466,5.345908786794501,2.062353708099486,1.6921875,77.31058578630005,63.50175432406472,17.861501528917852,1
32,73,931.8125744903738,135.7653393567923,936.3649821223103,5.363573065647414,2.01500065979141,1.6921875,77.4712426727067,64.11423679319938,17.241243871531463,1
32,74,933.7792769818242,135.9950302783142,935.8929735243622,5.3812043872969815,2.0847844130653135,1.6921875,77.62541971656097,63.91452387443817,17.66289430986182,1
32,75,935.7265516542727,136.22321105468913,935.4256276029745,5.3987968533085455,2.085978685747329,1.6921875,77.77299861174691,64.11625128887735,17.559754113437045,1
32,76,937.6518249200215,136.44950773539924,934.9635620191949,5.4163453165067095,2.0351871445719363,1.6921875,77.91391472673955,64.01842837466977,17.834409169150554,1
32,77,939.5528956978483,136.67359280715957,934.5073050325165,5.43384537472903,2.075537910815118,1.6921875,78.0481532298616,64.16329716571055,17.790114806763473,1
32,78,941.4279261907336,136.89518466406184,934.057297714224,5.451293352381468,2.057501648854763,1.6921875,78.17574476193644,64.37064938880052,17.659051941463037,1
32,79,943.275427528267,137.11404635735008,933.6138973932159,5.4686862717232,2.033590127403776,1.6921875,78.29676081356155,64.98169519585804,17.005895875321126,1
32,80,945.0942412599237,137.32998374558613,933.1773820976183,5.486021815853181,2.0351955257294763,1.6921875,78.41130895119085,64.70357811005411,17.481828864340816,1
32,81,946.8835176660763,137.54284316635577,932.7479557601417,5.503298285332153,2.0654523565987595,1.6921875,78.51952801968311,65.47723746142968,16.610250834650984,1
32,82,948.6426918009117,137.75250874641162,932.3257539677812,5.520514550268491,2.055690058720948,1.6921875,78.62158343035064,64.94020391523571,17.40155682216067,1
32,83,950.3714581039801,137.95889945930412,931.9108500550448,5.5376699995412935,2.0325840926693117,1.6921875,78.7176626240748,65.28614930085884,17.06289652852079,1
32,84,952.0697443230647,138.16196602915005,931.5032613624645,5.554764488646129,2.0492148638937766,1.6921875,78.80797077977883,65.12072982446563,17.367838328892972,1
32,85,953.7376853878633,138.3616877671916,931.1029555069128,5.571798287442394,2.0572570214468606,1.6921875,78.89272682027632,65.58837795060924,16.863847157895055,1
32,86,955.3755977678295,138.5580694150371,930.7098565357209,5.588772028868993,2.008482096282501,1.6921875,78.97215975082749,65.38183713256787,17.20900461775356,1
32,87,956.9839547435181,138.75113805564172,930.3238508615557,5.605686659487036,2.03271368918223,1.6921875,79.0465053510089,65.79249792126966,16.76735406693103,1
32,88,958.5633629226863,138.94094014071942,929.9447928985553,5.622543392512039,2.0805818385653434,1.6921875,79.11600322792941,66.05624458875154,16.50710110008127,1
32,89,960.1145402428917,139.12753867177068,929.572510341706,5.639343663819117,2.025980824857291,1.6921875,79.18089422844675,66.13718799919752,16.47329997513858,1
32,90,961.6382956230084,139.31101056152468,929.206809050478,5.656089091246017,2.035754507706186,1.6921875,79.24141819978756,66.3039367309053,16.326665729610752,1
32,91,963.1355103577289,139.49144419347633,928.8474775141451,5.672781437382124,2.0544076163959755,1.6921875,79.29781208169447,66.70976631049838,15.874392294994962,1
32,92,964.6071212918364,139.668937189406,928.4942908899593,5.689422575917006,2.0423105327418627,1.6921875,79.35030830871335,66.95252040029983,15.62412065266309,1
32,93,966.0541057643931,139.84359438828494,928.1470146165457,5.706014461528786,2.0609567159059874,1.6921875,79.39913349825993,66.38505486459995,16.39070612016841,1
32,94,967.4774682762338,140.01552603472453,927.8054076137039,5.722559103219134,2.086993375970233,1.6921875,79.44450739842388,66.83585662119826,15.871016373720717,1
32,95,968.8782288062968,140.18484617102135,927.4692250864888,5.739058540945927,2.026093772575819,1.6921875,79.48664206884683,67.30274092348752,15.328237334276002,1
32,96,970.2574126822434,140.35167122375788,927.1382209562616,5.755514825364487,2.0843518143592323,1.6921875,79.52574126822434,66.95966279814799,15.801271726211885,1
32,97,971.6160418973993,140.51611877370675,926.8121499446241,5.771930000461465,2.0327232574477514,1.6921875,79.56200002283539,66.99100281175123,15.80025289393946,1
32,98,972.9551277581622,140.67830649632546,926.4907693380411,5.788306088849658,2.0570908972056174,1.6921875,79.59560435181997,67.55844671589915,15.122892443551864,1
32,99,974.2756647426366,140.8383512592835,926.1738404617672,5.804645079485273,2.054206009272535,1.6921875,79.62673112655871,67.31469219236335,15.46219311028429,1
32,100,975.5786254514363,140.99636836312393,925.8611298916553,5.82094891756954,2.0727564980613518,1.6921875,79.65554804333789,67.31515020505061,15.49220128593338,1
32,101,976.8649565344975,141.15247091121475,925.5524104317205,5.837219496402328,2.0634146494226013,1.6921875,79.68221369040769,67.42376351807899,15.384173712789813,1
32,102,978.1355754826684,141.30676929550052,925.2474618841595,5.853458650965337,2.0514167218154813,1.6921875,79.70687769248644,67.57391393697903,15.221978462532512,1
32,103,979.3913681791644,141.4593707851431,924.9460716370006,5.869668153024995,2.0416792190022073,1.6921875,79.72968091766968,67.59319183788988,15.22204647013722,1
32,104,980.6331871132293,141.61037920587273,924.648035092825,5.885849707559792,2.0696933432788773,1.6921875,79.75075573352886,67.61404255812171,15.21830490981119,1
32,105,981.8618501660909,141.75989469870208,924.3531559601382,5.902004950332182,2.027991617604289,1.6921875,79.77022630089974,68.54091159028708,14.077075158662296,1
32,106,983.0781398872531,141.90801354754635,924.0612464270592,5.918135446441172,2.06235321394835,1.6921875,79.78820889544933,67.3196407418572,15.627081151715473,1
32,107,984.2828031870746,142.05482806619855,923.7721272351021,5.934242689707483,2.0314910878710553,1.6921875,79.80481224855997,67.56903935518197,15.332124152198334,1
32,108,985.4765513792646,142.2004265360149,923.4856276689765,5.9503281027585295,2.0237824487869585,1.6921875,79.82013790037908,67.26620338521496,15.727778534825726,1
32,109,986.6600605142432,142.3448931865402,923.2015854765816,5.966393037695154,2.0400564711013844,1.6921875,79.83428055905262,67.9786762813735,14.85026757259953,1
32,110,987.8339719512071,142.48830821214077,922.9198467317103,5.982438777235748,2.0439943677911923,1.6921875,79.84732846119626,67.93660083024024,14.916876820424022,1
32,111,988.9988931231248,142.63074781850122,922.64026565045,5.99846653624625,2.044454499718704,1.6921875,79.85936372956755,68.39905494592425,14.350613689400301,1
32,112,990.1553984547522,142.77228429357163,922.3627043708594,6.014477463576171,2.0728353219590354,1.6921875,79.87046272469304,69.06801005272835,13.524965679990936,1
32,113,991.3040303991017,142.91298609822638,922.0870327042155,6.030472644131537,2.058503174715469,1.6921875,79.88069638788829,68.63291058231151,14.080730782515062,1
32,114,992.445300562617,143.0529179725104,921.8131278649719,6.046453101125234,2.082503870560469,1.6921875,79.89013057369407,68.38137349413566,14.405730716564843,1
32,115,993.5796908936227,143.19214105390378,921.5408741855306,6.062419798453912,2.01472509006399,1.6921875,79.89882637025025,68.86458630400837,13.810265516428661,1
32,116,994.7076549124712,143.33071300453673,921.2701628210069,6.078373643158276,2.087877024833686,1.6921875,79.90684040654934,68.9837103569343,13.669831010762573,1
32,117,995.8296189652038,143.46868814473208,921.000891448351,6.094315487930408,2.039131357791078,1.6921875,79.91422514586289,68.66855616785232,14.072174206137255,1
32,118,996.9459834855464,143.6061175906499,920.7329639634688,6.11024613363776,2.061714854360671,1.6921875,79.92102916492581,69.50044060152486,13.038606574868957,1
32,119,998.0571242526735,143.74304939415828,920.4662901793583,6.1261663318386805,2.0585777666832614,1.6921875,79.92729741870306,69.11811269850377,13.523771063563997,1
33,0,1000.0,150.0,900.0,4.5,1.9187018928233597,1.51875,80.06692850924284,70.59964349149944,11.824214059429686,1
33,1,1000.0075731855518,149.98122600793175,899.9981824354676,4.515744313037771,1.9111617613032856,1.51875,80.07270258129694,70.71998379856817,11.680283643771183,1
33,2,1000.0164522573072,149.95695160824246,899.9960514582463,4.5314912378479475,1.941598761896535,1.51875,80.07897083507419,70.70001954811892,11.712127652428991,1
33,3,1000.0268046419178,149.93011925992965,899.9935668859397,4.547241109283836,1.9338304808678581,1.51875,80.08577485413711,70.90110054842857,11.468546470876873,1
33,4,1000.0388164972711,149.90153195909855,899.990684040655,4.5629942996612085,1.9137482750765655,1.51875,80.09315959345066,70.76429640053028,11.64751551852028,1
33,5,1000.052694598828,149.87161572689575,899.9873532962813,4.57875122253099,1.9466263076286776,1.51875,80.10117362974975,70.94020409331644,11.436748203937563,1
33,6,1000.0686683914412,149.84064733825358,899.9835195860541,4.594512336782882,1.9403058803907205,1.51875,80.10986942630593,71.27335772198299,11.030490709327347,1
33,7,1000.0869922171648,149.80882876473802,899.9791218678804,4.610278151100996,1.9380280642462608,1.51875,80.11930361211171,70.31518915172498,12.236894254413654,1
33,8,1000.1079477294224,149.77631963799712,899.9740925449386,4.626049228792178,1.9347412774850123,1.51875,80.12953727530696,70.70517340820675,11.761410570387085,1
33,9,1000.1318465035304,149.74325397179192,899.9683568391526,4.641826193007061,1.9655353753627827,1.51875,80.14063627043245,71.03712191596311,11.359423605959119,1
33,10,1000.1590328529205,149.70974981708792,899.9618321152991,4.657609732372507,1.9173805572132485,1.51875,80.15267153880374,71.05115856881824,11.355220974236966,1
33,11,1000.1898868594188,149.67591534289465,899.9544271537395,4.673400607052171,1.9311451412220415,1.51875,80.16571944094738,70.37953938263142,12.207437451521626,1
33,12,1000.2248276245261,149.64185294960677,899.9460413701137,4.689199655249053,1.9465905387877536,1.51875,80.17986209962092,70.7886898356013,11.7126320975102,1
33,13,1000.2643167467418,149.6076622296057,899.936563980782,4.70500780016015,1.9577416890181796,1.51875,80.19518775144003,70.88541196963719,11.608895798907422,1
33,14,1000.3088620274697,149.57344222028846,899.9258731134073,4.7208260573882725,1.9581151928394087,1.51875,80.21179110455067,71.05442211647093,11.416487354264069,1
33,15,1000.3590214048442,149.53929320749583,899.9138348628375,4.736655542809689,1.948811790548618,1.51875,80.22977369910025,70.77636999517264,11.782912088699588,1
33,16,1000.4154071107853,149.5053182359931,899.9003022934115,4.752497480888237,1.9363894467736293,1.51875,80.24924426647114,70.40106047289164,12.27199568494149,1
33,17,1000.4786900416266,149.47162442565858,899.8851143900096,4.768353213416587,1.9267885851051985,1.51875,80.27031908233032,70.47144972912098,12.207338235642244,1
33,18,1000.5496043265879,149.43832415714164,899.8680949616189,4.784224208653176,1.9064697803456374,1.51875,80.29312230751356,70.63954242636387,12.022922516548261,1
33,19,1000.6289520710682,149.40553616874743,899.8490515029437,4.800112070808803,1.9425377418815255,1.51875,80.31778630959231,70.89840072072538,11.727645919621143,1
33,20,1000.717608243046,149.37338659175725,899.8277740216689,4.816018549819425,1.9299578633497763,1.51875,80.34445195666211,70.88795731966138,11.76994105591955,1
33,21,1000.8165256606528,149.34200994126658,899.8040338414434,4.831945551321305,1.9509437331404391,1.51875,80.37326887344129,70.96702562256478,11.703198566787089,1
33,22,1000.9267400270792,149.31155007216486,899.777582393501,4.847895146720825,1.9343060647377268,1.51875,80.40439564818003,70.79111071440974,11.95616838640822,1
33,23,1001.0493749452902,149.2821611040353,899.7481500131304,4.863869583223914,1.9523175090360243,1.51875,80.43799997716461,71.35468836246339,11.292314101891968,1
33,24,1001.1856468294392,149.2540083138673,899.7154447609346,4.879871293658878,1.9285915441013213,1.51875,80.47425873177566,70.80507713127511,12.015247798340546,1
33,25,1001.336869612378,149.22726899113627,899.6791512930292,4.895902905891423,1.8970097964883583,1.51875,80.51335793115317,70.70781097181738,12.178782765116432,1
33,26,1001.5044591292686,149.20213324575366,899.6389298089755,4.911967251591871,1.8859875219321842,1.51875,80.55549260157612,70.70110856718948,12.233038016570745,1
33,27,1001.689937036144,149.17880475545903,899.5944151113255,4.928067374072288,1.9364687251106047,1.51875,80.60086650174007,71.01586926708863,11.891928276533491,1
33,28,1001.8949340995861,149.1575014353249,899.5452158160994,4.944206534865839,1.975794662851794,1.51875,80.64969169128663,70.96915350857644,12.003193043521673,1
33,29,1002.1211926698812,149.13845600813477,899.4909137592285,4.960388218673096,1.9203466883436104,1.51875,80.70218791830553,71.37483485151745,11.55774497245368,1
33,30,1002.3705681256639,149.12191645048514,899.4310636498407,4.9766161362513275,1.8907905973977883,1.51875,80.75858180021244,70.60975589516168,12.566869896449889,1
33,31,1002.645029053974,149.10814628560868,899.3651930270462,4.992894224774615,1.9426061503878087,1.51875,80.81910577155325,71.06124728308623,12.07370261686513,1
33,32,1002.9466559069019,149.09742469021555,899.2928025823435,5.0092266451471374,1.9258794024747503,1.51875,80.88399677207059,70.85187688203982,12.403096150529102,1
33,33,1003.277637855907,149.09004637924966,899.2133669145824,5.0256177757118135,1.9341247266343522,1.51875,80.9534946489911,70.92632738947695,12.386330328284489,1
33,34,1003.6402675491527,149.08632122954785,899.1263357882034,5.042072201764972,1.930784189736644,1.51875,81.02784024917251,70.85042264520386,12.560395998056464,1
33,35,1004.0369334677425,149.08657360121188,899.0311359677418,5.058594700268818,1.9256813834150481,1.51875,81.10727317972368,71.83625366134953,11.430564923358617,1
33,36,1004.4701095758294,149.09114131434228,898.9271737018009,5.075190219151659,1.9208306073679489,1.51875,81.19202922022117,71.22351383860435,12.277701983009596,1
33,37,1004.9423419697117,149.1003742389667,898.8138379272692,5.0918638506060905,1.5252788632133178,1.51875,81.2823373759252,71.04053611236459,12.600278971054903,1
33,38,1005.456232254862,149.11463245787718,898.6905042588331,5.108620797843058,1.5386923627563844,1.51875,81.37841656964936,71.12133520859324,12.604179085098558,1
33,39,1006.0144174200374,149.1342839660464,898.556539819191,5.125466334840075,1.5349156399981496,1.51875,81.48047198031689,71.03606384403635,12.818296068294233,1
33,40,1006.6195460367048,149.1597018766849,898.4113089511909,5.142405758740076,1.5313351176128402,1.51875,81.58869104880915,71.07658605059642,12.884267247189973,1
33,41,1007.2742506920808,149.1912611131533,898.2541798339006,5.159444334717495,1.493082149034157,1.51875,81.70323918643845,71.95706604843419,11.928747544224647,1
33,42,1007.9811166665281,149.22933457811044,898.0845320000333,5.176587233333056,1.5438927781536438,1.51875,81.82425523806356,70.97706614263687,13.256691507753212,1
33,43,1008.7426469912449,149.2742888065828,897.9017647221012,5.193839460649157,1.5339305312503675,1.51875,81.9518467701384,70.92622843616967,13.45377653891535,1
33,44,1009.5612241691103,149.32647912805194,897.7053061994135,5.211205781671554,1.5194452921794452,1.51875,82.08608527326045,70.94612734960445,13.571067357605907,1
33,45,1010.4390690074363,149.3862443839121,897.4946234382153,5.228690638014872,1.5283056262498909,1.51875,82.22700138825309,71.00091272303342,13.65255752452067,1
33,46,1011.3781971914786,149.45390127023578,897.2692326740452,5.246298061049624,1.5370977810489568,1.51875,82.37458028343903,71.76997760839846,12.87363485015846,1
33,47,1012.3803744148735,149.52973840089322,897.0287101404303,5.2640315821630805,1.512789711171027,1.51875,82.5287573272933,71.68270680235037,13.142146902720917,1
33,48,1013.4470710684998,149.61401021158213,896.77270294356,5.281894142136999,1.5117300361222512,1.51875,82.68941421369995,71.88143831271958,13.070567742865574,1
33,49,1014.579417661394,149.7069308498347,896.5009397612655,5.299888001989455,1.5155569621914502,1.51875,82.85637570508943,72.06786421164668,13.020737875190541,1
33,50,1015.7781622934683,149.8086682179291,896.2132410495676,5.31801465792027,1.4930974867559996,1.51875,83.02940716034593,71.61784669190668,13.743998492487494,1
33,51,1017.0436316063073,149.91933835303624,895.9095284144862,5.336274763212614,1.5071529967369686,1.51875,83.20821300824608,72.10370547340563,13.34544648103424,1
33,52,1018.3756966918515,150.03900034004673,895.5898327939556,5.35466806005037,1.5404311171515312,1.51875,83.39243631234183,72.27161078936986,13.335532591132754,1
33,53,1019.7737454273929,150.16765195563582,895.2543010974257,5.373193324188119,1.5191497925948854,1.51875,83.58165954911269,71.45590680726063,14.507671667762168,1
33,54,1021.2366626198957,150.30522623583897,894.903200971225,5.391848325239791,1.5301033690578507,1.51875,83.77540668798146,72.6695038005851,13.256757951363813,1
33,55,1022.7628191783156,150.45158914281274,894.5369233972043,5.410629805023298,1.5829395005953644,1.51875,83.97314662021509,72.48365643376977,13.682338519966128,1
33,56,1024.3500712896982,150.60653847929822,894.1559828904724,5.42953347591273,1.5160230129440178,1.51875,84.17429793537686,72.79468219232443,13.519109778365957,1
33,57,1025.9957702599058,150.76980416210887,893.7610151376226,5.448554040519811,1.5242061542982706,1.51875,84.37823499114202,73.23425333704186,13.207175588906367,1
33,58,1027.6967833056515,150.9410499200951,893.3527720066436,5.46768523327797,1.5131655499977366,1.51875,84.584295167832,72.91970338095521,13.790493570623156,1
33,59,1029.4495251698002,151.11987642966795,892.932113959248,5.486919883672933,1.5468535846481464,1.51875,84.79178714627257,73.2701199342306,13.588187724084847,1
33,60,1031.25,151.3058258449442,892.5,5.50625,1.55255347659786,1.51875,85.0,73.21191330198384,13.868337291783718,1
33,61,1033.0938525080599,151.49838762325507,892.0574753980657,5.525666871682786,1.5545950132100734,1.51875,85.20821285372743,73.01011011289978,14.315642040007937,1
33,62,1034.9764270410851,151.69700549367178,891.6056575101396,5.545161187415504,1.4968532169332514,1.51875,85.415704832168,74.0151551266554,13.347135316524481,1
33,63,1036.8928328706306,151.90108536978468,891.1457201110487,5.5647231657412615,1.5294763146719945,1.51875,85.62176500885798,74.10536193309639,13.450321976626109,1
33,64,1038.8380137641543,152.11000397122157,890.678876696603,5.584342694194976,1.5313187423248824,1.51875,85.82570206462314,74.00281182441003,13.775465805465794,1
33,65,1040.8068197589603,152.3231178935917,890.2063632578495,5.604009472851254,1.502768905980215,1.51875,86.02685337978491,74.1506688843744,13.805206198790538,1
33,66,1042.7940790201274,152.53977285506642,889.7294210351694,5.623713158040255,1.5565614678890345,1.51875,86.22459331201854,74.39723826275963,13.716916015433778,1
33,67,1044.794667730151,152.75931284998913,889.2492797447637,5.643443502126969,1.542970887077504,1.51875,86.41834045088731,74.74554981597758,13.507307099403896,1
33,68,1046.803576120912,152.98108895506755,888.7671417309812,5.663190485575157,1.5090751628294667,1.51875,86.60756368765817,74.96007664955233,13.448579479860875,1
33,69,1048.8159690032314,153.20446756023503,888.2841674392245,5.682944438006462,1.5230547487015025,1.51875,86.79178699175392,74.81755242348476,13.79650653973381,1
33,70,1050.827239455811,153.42883783186255,887.8014625306054,5.7026961455782885,1.5712832269428059,1.51875,86.97059283965407,75.29464485205905,13.425167756556212,1
33,71,1052.8330546811094,153.65361825787167,887.3200668765338,5.722436942695552,1.5165592826771552,1.51875,87.14362429491055,75.27216352722519,13.622867838856562,1
33,72,1054.8293933972504,153.87826216947542,886.84094558466,5.7421587867945005,1.530061721689864,1.51875,87.31058578630005,75.94989893597884,13.011809218789855,1
33,73,1056.8125744903737,154.10226217986772,886.3649821223103,5.7618543156474145,1.5301185347719815,1.51875,87.4712426727067,76.28598670779735,12.787352303615366,1
33,74,1058.779276981824,154.32515352360906,885.8929735243622,5.7815168872969815,1.5033946692142985,1.51875,87.62541971656097,75.77067206277746,13.528891150683972,1
33,75,1060.7265516542727,154.5465163196049,885.4256276029745,5.8011406033085455,1.5140722143187684,1.51875,87.77299861174691,75.81706833908652,13.62142169204676,1
33,76,1062.6518249200215,154.76597681390547,884.9635620191949,5.820720316506709,1.5198668930705124,1.51875,87.91391472673955,75.93154573428106,13.62966150432837,1
33,77,1064.5528956978483,154.9832076851318,884.5073050325165,5.84025162472903,1.563932759262412,1.51875,88.0481532298616,76.77972557838869,12.798028394820676,1
33,78,1066.4279261907336,155.19792751478923,884.057297714224,5.8597308523814675,1.5373822133919819,1.51875,88.17574476193644,76.35998669388889,13.400236198683253,1
33,79,1068.2754275282668,155.40989953720455,883.6138973932159,5.8791550217232,1.5156646623071457,1.51875,88.29676081356155,76.87570161541979,12.934856378545199,1
33,80,1070.0942412599236,155.61892978984528,883.1773820976183,5.898521815853181,1.535332342187423,1.51875,88.41130895119085,76.79123873221353,13.143194413502462,1
33,81,1071.8835176660762,155.82486478517202,882.7479557601417,5.917829535332153,1.540153183308708,1.51875,88.51952801968311,77.26912526515487,12.70951507110003,1
33,82,1073.6426918009117,156.02758882092112,882.3257539677812,5.93707705026849,1.52624852256216,1.51875,88.62158343035064,76.91515178726749,13.209458903748263,1
33,83,1075.37145810398,156.22702103786852,881.9108500550448,5.956263749541294,1.5029070098261592,1.51875,88.7176626240748,77.36590769712393,12.795371959980395,1
33,84,1077.0697443230647,156.42311232372526,881.5032613624645,5.97538948864613,1.9726742426253592,1.51875,88.80797077977883,77.48873325158925,12.74574503707376,1
33,85,1078.7376853878634,156.61584214981775,881.1029555069128,5.994454537442394,1.9513187047833804,1.51875,88.89272682027632,77.75494444067633,12.529464195781067,1
33,86,1080.3755977678295,156.80521541444432,880.7098565357209,6.013459528868992,1.9198486924444376,1.51875,88.97215975082749,78.35706068220065,11.93080970311964,1
33,87,1081.9839547435183,156.99125935396654,880.3238508615557,6.032405409487036,1.9242241600294554,1.51875,89.0465053510089,78.3081314365495,12.059287304010674,1
33,88,1083.5633629226863,157.17402057032692,879.9447928985553,6.051293392512039,1.9339112182869467,1.51875,89.11600322792941,78.18425822400238,12.266870828988177,1
33,89,1085.1145402428917,157.353562212178,879.572510341706,6.070124913819117,1.9472312742811033,1.51875,89.18089422844675,78.52119248784676,11.952898468694402,1
33,90,1086.6382956230084,157.52996133642128,879.206809050478,6.088901591246017,1.9015591181843545,1.51875,89.24141819978756,78.37554999481154,12.175813007196126,1
33,91,1088.135510357729,157.70330646783728,878.8474775141451,6.107625187382125,1.8669962662135016,1.51875,89.29781208169447,78.76908053408891,11.790581764728241,1
33,92,1089.6071212918364,157.8736953666939,878.4942908899593,6.126297575917006,1.9554106524296762,1.51875,89.35030830871335,78.64566021322656,11.98053850972877,1
33,93,1091.054105764393,158.04123300773747,878.1470146165457,6.144920711528786,1.9410400883294692,1.51875,89.39913349825993,79.21090697552219,11.39633699350793,1
33,94,1092.4774682762338,158.20602976872334,877.8054076137039,6.1634966032191345,1.9142917726509492,1.51875,89.44450739842388,79.65265119949342,10.947409163218227,1
33,95,1093.8782288062966,158.36819982253982,877.4692250864888,6.182027290945927,1.923876114358201,1.51875,89.48664206884683,79.93180584586732,10.677388269445258,1
33,96,1095.2574126822433,158.52785972388386,877.1382209562616,6.200514825364487,1.896615743782695,1.51875,89.52574126822434,79.35364745511242,11.362200043265466,1
33,97,1096.6160418973993,158.68512717923784,876.8121499446241,6.218961250461465,1.926324282682366,1.51875,89.56200002283539,79.57163646771261,11.154690105821182,1
33,98,1097.9551277581622,158.84011998743375,876.4907693380411,6.237368588849658,1.943655942848465,1.51875,89.59560435181997,80.74107316359675,9.882774107369874,1
33,99,1099.2756647426368,158.99295513724698,876.1738404617672,6.255738829485273,1.9384306462333944,1.51875,89.62673112655871,79.84704818627719,10.91156936926772,1
33,100,1100.5786254514364,159.1437480481223,875.8611298916553,6.27407391756954,1.907405332691349,1.51875,89.65554804333789,79.36870397642207,11.473739541409465,1
33,101,1101.8649565344977,159.29261194018687,875.5524104317205,6.292375746402328,1.952734539790061,1.51875,89.68221369040769,79.92728721303412,10.877214194387074,1
33,102,1103.1355754826686,159.43965732006143,875.2474618841595,6.310646150965337,1.9814124902276116,1.51875,89.70687769248644,80.4926766259709,10.271454434186927,1
33,103,1104.3913681791644,159.58499156955827,874.9460716370006,6.328886903024996,1.9361605126316586,1.51875,89.72968091766968,80.43090304884375,10.363101455089216,1
33,104,1105.6331871132293,159.72871862508728,874.648035092825,6.347099707559792,1.9374088584638087,1.51875,89.75075573352886,80.22072680378183,10.618327223942057,1
33,105,1106.8618501660908,159.8709387364234,874.3531559601382,6.365286200332182,1.8942992690862923,1.51875,89.77022630089974,80.3436920464215,10.50073575940597,1
33,106,1108.078139887253,160.01174829437755,874.0612464270592,6.383447946441173,1.9289621986788246,1.51875,89.78820889544933,80.45549611088136,10.39414072223572,1
33,107,1109.2828031870747,160.15123971782162,873.7721272351021,6.401586439707483,1.9036076521635004,1.51875,89.80481224855997,80.51730030810198,10.341886707309401,1
33,108,1110.4765513792647,160.28950139142125,873.4856276689765,6.419703102758529,1.950043972502158,1.51875,89.82013790037908,81.11463354136004,9.69215207471008,1
33,109,1111.6600605142432,160.42661764630705,873.2015854765816,6.437799287695153,1.9327575190807695,1.51875,89.83428055905262,81.16285511945468,9.65269091669051,1
33,110,1112.833971951207,160.56266877675216,872.9198467317103,6.455876277235747,1.9066906538108126,1.51875,89.84732846119626,80.83680074223687,10.028709671485553,1
33,111,1113.9988931231246,160.69773108671146,872.64026565045,6.47393528624625,1.9355496246502633,1.51875,89.85936372956755,80.90594954754145,9.963807677262732,1
33,112,1115.1553984547522,160.8318769608103,872.3627043708594,6.491977463576171,1.9314972881244636,1.51875,89.87046272469304,80.93337284740619,9.944412887540716,1
33,113,1116.3040303991017,160.96517495504315,872.0870327042155,6.510003894131537,1.8963370645740272,1.51875,89.88069638788829,81.61222793163975,9.199381834521194,1
33,114,1117.445300562617,161.0976899030584,871.8131278649719,6.528015601125235,1.9498702402062547,1.51875,89.89013057369407,81.3517657162209,9.498667765838002,1
33,115,1118.5796908936227,161.2294830344604,871.5408741855306,6.546013548453912,1.8989200715132817,1.51875,89.89882637025025,80.9439442029093,9.961066822452254,1
33,116,1119.707654912471,161.36061210206023,871.2701628210069,6.563998643158276,1.966169326153388,1.51875,89.90684040654934,81.7993406649526,9.017667293095245,1
33,117,1120.829618965204,161.49113151545333,871.000891448351,6.581971737930408,1.9171694572193343,1.51875,89.91422514586289,81.72272127202004,9.110353629310849,1
33,118,1121.9459834855465,161.6210924786976,870.7329639634688,6.599933633637759,1.8910626781597208,1.51875,89.92102916492581,82.10168975727306,8.69578504635568,1
33,119,1123.0571242526732,161.75054313021707,870.4662901793583,6.617885081838681,1.969331477000406,1.51875,89.92729741870306,81.847793087693,8.984484759273643,1
34,0,750.0,112.5,1000.0,4.0,2.1243016790970013,1.875,59.89960723613573,48.76416047021459,18.590183274529785,1
34,1,749.9886402216723,112.48497764376818,1000.0027263467987,4.011643947110011,2.1010429259402867,1.875,59.8909461280546,49.072221506158336,18.064040262053016,1
34,2,749.9753216140393,112.46536331443635,1000.0059228126306,4.023283976561412,2.088038604260077,1.875,59.88154374738872,48.41244557880333,19.152976778567986,1
34,3,749.9597930371232,112.44343662576597,1000.0096496710904,4.034919586074246,2.101146489405673,1.875,59.87133771879432,48.91410877213832,18.301293012894213,1
34,4,749.9417752540934,112.4197790035017,1000.0139739390175,4.046550217174853,2.0708940462189886,1.875,59.860260609824,48.23595736769089,19.41906554316836,1
34,5,749.9209581017581,112.39466970436138,1000.018970055578,4.058175249536849,2.0832704597218505,1.875,59.848239555375365,48.7102461252095,18.610394412454337,1
34,6,749.8969974128382,112.36826480925383,1000.0247206209189,4.069793994825677,2.096455160046464,1.875,59.835195860541106,48.04232974896664,19.708912024054037,1
34,7,749.8695116742529,112.34065510871874,1000.0313171981793,4.081405690015172,2.1187254604144994,1.875,59.821044581832446,48.293023074001,19.270846218777812,1
34,8,749.8380784058663,112.3118908597669,1000.0388611825921,4.093009490145066,2.075192039135461,1.875,59.80569408703956,48.17743517580152,19.44339763754701,1
34,9,749.8022302447043,112.28199410636502,1000.0474647412709,4.1046044604894085,2.1344599157919744,1.875,59.789045594351315,48.56562764225547,18.771696120127057,1
34,10,749.7614507206191,112.25096538973825,1000.0572518270515,4.116189568107905,2.0634738374596013,1.875,59.77099269179438,48.69239227997983,18.53507849357749,1
34,11,749.7151697108717,112.21878759049604,1000.0683592693908,4.127763672755076,2.0958760546594335,1.875,59.75142083857892,48.39941154637973,18.998726947208738,1
34,12,749.6627585632108,112.18542816054156,1000.0809379448294,4.139325517126421,2.0973054733289005,1.875,59.73020685056863,48.20542703860928,19.294726101973367,1
34,13,749.6035248798875,112.15084038066294,1000.095154028827,4.1508737164264415,2.0706349735742475,1.875,59.70721837283995,47.824252504037084,19.90205906863729,1
34,14,749.5367069587954,112.1149639901789,1000.1111903298892,4.162406747250924,2.0540143173888414,1.875,59.68231334317399,48.9513912950378,17.98007055529711,1
34,15,749.4614678927338,112.07772538904163,1000.1292477057439,4.173922935785468,2.113321911627679,1.875,59.65533945134962,48.470746052196915,18.74868788279046,1
34,16,749.3768893338222,112.03903753448549,1000.1495465598827,4.185420445334311,2.1137519680170294,1.875,59.62613360029329,48.39710520416165,18.832393982487584,1
34,17,749.2819649375601,111.99879961024554,1000.1723284149856,4.196897263208453,2.0756251330218745,1.875,59.594521376504524,48.42459205273472,18.74321509052947,1
34,18,749.1755935101181,111.95689652072733,1000.1978575575716,4.208351187020236,2.0779949071667616,1.875,59.56031653872966,48.337146338114174,18.843368962482785,1
34,19,749.0565718933979,111.91319824732297,1000.2264227455845,4.2197798104534625,2.103361301216224,1.875,59.523320535611546,48.45827896404924,18.589422552363025,1
34,20,748.9235876354309,111.86755909512807,1000.2583389674966,4.231180508604195,2.094742974361909,1.875,59.48332206500683,48.7059706120885,18.118274297357193,1
34,21,748.7752115090208,111.81981685329735,1000.293949237835,4.2425504230180415,2.0882570549863275,1.875,59.44009668983806,48.089367121666854,19.09608193842615,1
34,22,748.6098899593811,111.7697918898587,1000.3336264097485,4.253886446585429,2.053436021293952,1.875,59.39340652772995,48.385060562436486,18.534626331213754,1
34,23,748.4259375820646,111.71728620120926,1000.3777749803045,4.265185208497463,2.077068212976734,1.875,59.34300003425308,48.37201440320101,18.487413215913527,1
34,24,748.2215297558413,111.66208243726928,1000.4268328585981,4.276443059511682,2.080172258288261,1.875,59.2886119023365,49.10831345456866,17.1707485149718,1
34,25,747.994695581433,111.60394292507728,1000.481273060456,4.287656057829532,2.053888813960406,1.875,59.22996310327026,47.698543623259376,19.46889526151705,1
34,26,747.743311306097,111.54260871627633,1000.5416052865368,4.298819955945527,2.087140875743625,1.875,59.16676109763582,48.19071137916595,18.551040338945395,1
34,27,747.4650944457841,111.4777986873227,1000.6083773330118,4.309930188891568,2.086814696467832,1.875,59.098700247389885,48.45807998277998,18.00482958181446,1
34,28,747.157598850621,111.40920872522283,1000.682176275851,4.3209818643679085,2.1061754329768108,1.875,59.02546246307004,47.82362359532447,18.97797730048135,1
34,29,746.8182109951781,111.33651103605177,1000.7636293611573,4.33196975532369,2.0693589811160895,1.875,58.94671812254171,48.35001284226479,17.976751917295722,1
34,30,746.4441478115042,111.259353618286,1000.853404525239,4.342888295623008,2.095902610986977,1.875,58.86212729968135,48.87315569722901,16.970116543012562,1
34,31,746.0324564190389,111.17735994792667,1000.9522104594306,4.353731579504744,2.09960741849551,1.875,58.77134134267012,48.1707890994662,18.03694113666168,1
34,32,745.5800161396471,111.09012892728758,1001.0607961264847,4.364493365612628,2.0626846240143797,1.875,58.674004841894124,47.955753364438586,18.267461896179523,1
34,33,745.0835432161397,110.99723515390806,1001.1799496281265,4.375167086432279,2.0686392826140905,1.875,58.569758026513355,48.28989961716167,17.551478366528674,1
34,34,744.539598676271,110.89822957000875,1001.310496317695,4.385745864019208,2.0856332879849493,1.875,58.45823962624122,47.66987769777533,18.45481834116525,1
34,35,743.9445997983861,110.79264055584848,1001.4532960483873,4.396222532930105,2.071775309691424,1.875,58.33909023041448,48.275460328692176,17.2502345545247,1
34,36,743.2948356362559,110.67997553182026,1001.6092394472986,4.406589671272512,2.087526586172714,1.875,58.211956169668234,48.14769321992651,17.28899630242246,1
34,37,742.5864870454325,110.5597231336383,1001.7792431090962,4.416839640757532,2.088151773274378,1.875,58.076493936112215,48.413548366744486,16.63830736751701,1
34,38,741.815651617707,110.43135602197002,1001.9642436117504,4.426964636568747,2.08521420034972,1.875,57.93237514552597,47.75091597230298,17.5747311372047,1
34,39,740.9783738699439,110.29433438179292,1002.1651902712134,4.436956747739888,2.0621782382505613,1.875,57.779292029524655,47.86178023881016,17.16447440312481,1
34,40,740.0706809449428,110.14811015705165,1002.3830365732138,4.4468080285565526,2.0316792587777313,1.875,57.61696342678627,47.640679219038624,17.314838572540335,1
34,41,739.0886239618786,109.99213205236344,1002.6187302491492,4.45651058125709,2.0763765418748057,1.875,57.445141220342315,47.250431998792806,17.746860752671257,1
34,42,738.0283250002079,109.82585131519178,1002.8732019999501,4.466056650000415,2.061928022300113,1.875,57.26361714290466,47.8134667700138,16.50288760017982,1
34,43,736.8860295131326,109.6487282888801,1003.1473529168481,4.475438725692932,2.085107574054732,1.875,57.072229844792396,47.536044258091145,16.708976699587268,1
34,44,735.6581637463345,109.4602396992663,1003.4420407008797,4.484649660826002,2.086620289751873,1.875,56.87087209010933,47.44468880998292,16.57471203394076,1
34,45,734.3413964888455,109.2598866056664,1003.7580648426771,4.493682792977691,2.105350590330399,1.875,56.65949791762037,47.3726516626501,16.390625749054127,1
34,46,732.932704212782,109.04720291159497,1004.0961509889323,4.502532075092231,2.0513290767968577,1.875,56.43812957484146,47.67852975740234,15.520712474752013,1
34,47,731.4294383776898,108.82176429289557,1004.4569347893545,4.511192210088713,2.0879001444198098,1.875,56.20686400906004,46.932223718628386,16.500903321944214,1
34,48,729.8293933972503,108.5831973626567,1004.84094558466,4.5196587867945,2.0554253047073323,1.875,55.96587867945007,47.08506754958681,15.868259981638023,1
34,49,728.130873507909,108.33118885549821,1005.2485903581019,4.527928413682485,2.078149898973745,1.875,55.71543644236584,47.33290394015197,15.045260411600795,1
34,50,726.3327565597974,108.06549458100105,1005.6801384256486,4.535998846452928,2.073575193459896,1.875,55.45588925948111,46.47482212786861,16.194974513147915,1
34,51,724.4345525905392,107.78594786992815,1006.1357073782706,4.543869105181078,2.098409263437951,1.875,55.18768048763089,46.885356589695895,15.043799312775578,1
34,52,722.4364549622227,107.49246722019738,1006.6152508090665,4.551539576591112,2.0838663664254367,1.875,54.91134553148726,46.65377906774683,15.037996945467984,1
34,53,720.3393818589105,107.18506284488298,1007.1185483538615,4.559012097051154,2.079739596658388,1.875,54.627510676330964,46.36541738553436,15.124418426733127,1
34,54,718.1450060701565,106.86384183393828,1007.6451985431625,4.566290012140313,2.103793156724511,1.875,54.33688996802782,46.34287922953861,14.71194016292235,1
34,55,715.8557712325266,106.52901166621733,1008.1946149041936,4.57337820913172,2.07710785030658,1.875,54.04028006967738,46.373721882670715,14.186747694722735,1
34,56,713.4748930654525,106.1808818491004,1008.7660256642914,4.580283119464238,2.0331962316174024,1.875,53.73855309693472,46.37613293297509,13.700443610156654,1
34,57,711.0063446101415,105.81986351881379,1009.358477293566,4.587012689220282,2.046374157175418,1.875,53.43264751328697,45.404411395586926,15.024964120865775,1
34,58,708.4548250415226,105.44646690332873,1009.9708419900346,4.5935763167497115,2.0796749883693315,1.875,53.123557248252,45.39094169254578,14.55590693893274,1
34,59,705.8257122452998,105.06129662827621,1010.601829061128,4.599984757823933,2.1006215598737636,1.875,52.81231928059115,44.94462729429086,14.897455922167222,1
34,60,703.125,104.66504493033489,1011.25,4.60625,2.085708675422894,1.875,52.5,44.8820007150751,14.51047482842838,1
34,61,700.3592212379104,104.25848292702858,1011.9137869029015,4.612385109142488,2.0863961586599813,1.875,52.18768071940886,44.83756940560511,14.083996859952826,1
34,62,697.5353594383726,103.84245017149482,1012.5915137347906,4.618404052210078,2.0823520521268923,1.875,51.876442751748,44.485864897799665,14.246500843004133,1
34,63,694.6607506940543,103.41784279040894,1013.281419833427,4.624321501388108,2.0702920600713113,1.875,51.56735248671303,44.52108477768396,13.664202968039953,1
34,64,691.7429793537685,102.98560055837126,1013.9816849550956,4.630152625374204,2.0993676491883537,1.875,51.26144690306528,44.069577947511284,14.029781424534743,1
34,65,688.7897703615595,102.5466932992588,1014.6904551132258,4.635912874056452,2.0631179881817747,1.875,50.95971993032263,44.19275257918113,13.279051298543221,1
34,66,685.8088814698087,102.10210702225542,1015.4058684472459,4.641617762939617,2.079843261212079,1.875,50.66311003197218,44.05821498563028,13.036892212447523,1
34,67,682.8079984047735,101.65283019699713,1016.1260803828544,4.647282663476213,2.06237739480581,1.875,50.37248932366903,43.04710608408862,14.542428492090343,1
34,68,679.794635818632,101.19984054952873,1016.8492874035284,4.652922604970597,2.069833257436706,1.875,50.08865446851274,43.14225624724181,13.868206872352001,1
34,69,676.776046495153,100.74409272096261,1017.5737488411633,4.6585520929903055,2.0789175710716266,1.875,49.81231951236911,42.97356905730281,13.729034347352842,1
34,70,673.7591408162835,100.28650707733881,1018.2978062040919,4.6641849482992335,2.095313678099962,1.875,49.54411074051889,42.876912769794934,13.457094841488978,1
34,71,670.7504179783359,99.82795989637923,1019.0198996851993,4.669834169290005,2.0835028290487108,1.875,49.28456355763416,42.78770276809846,13.18234416733378,1
34,72,667.7559099041245,99.36927508906268,1019.7385816230101,4.675511819808249,2.0843924409214765,1.875,49.03412132054993,42.52169747911633,13.281412343172308,1
34,73,664.7811382644393,98.91121754555594,1020.4525268165346,4.681228943195545,2.090705352881439,1.875,48.79313599093996,42.08479655813265,13.748531010699802,1
34,74,661.8310845272638,98.45448812989378,1021.1605397134567,4.686995502387861,2.1084816976063103,1.875,48.56187042515854,42.05829921764971,13.392340843896964,1
34,75,658.9101725185909,97.9997202890764,1021.8615585955382,4.692820345037182,2.054262356315259,1.875,48.340502082379636,41.93619700375107,13.248321392513981,1
34,76,656.0222626199678,97.54747819225392,1022.5546569712077,4.698711191906602,2.063469729424283,1.875,48.12912790989067,41.883237867623535,12.97735968530522,1
34,77,653.1706564532276,97.09825627580241,1023.2390424512254,4.704674646239789,2.12468545059408,1.875,47.927770155207604,41.29596380929824,13.83708510626126,1
34,78,650.3581107138997,96.65248004090907,1023.914053428664,4.710716221427799,2.0871407857377124,1.875,47.73638285709534,40.77758493634434,14.577555952622154,1
34,79,647.5868587075997,96.2105079315737,1024.579153910176,4.716840384081866,2.08957144366206,1.875,47.554858779657685,40.84596073264172,14.107702596912763,1
34,80,644.8586381101144,95.77263411189654,1025.2339268535725,4.723050609553562,2.067996646704543,1.875,47.38303657321373,40.572789589802625,14.372753364779136,1
34,81,642.1747235008856,95.3390919609347,1025.8780663597875,4.729349447001772,2.0951363635943276,1.875,47.220707970475345,41.03918303170876,13.090707878906796,1
34,82,639.5359622986324,94.91005810978969,1026.5113690483283,4.735738591263932,2.0809610433664028,1.875,47.06762485447403,40.28181886499584,14.417141316263304,1
34,83,636.9428128440298,94.48565685735664,1027.1337249174328,4.742218959021393,2.11228379979531,1.875,46.923506063887785,40.159988322606814,14.413922378417835,1
34,84,634.395383515403,94.06596481676591,1027.7451079563034,4.748790767030806,2.037252693074684,1.875,46.788043830331766,40.28491590062757,13.899123359990421,1
34,85,631.8934719182051,93.65101566254417,1028.3455667396308,4.755453610503077,2.0583978456004024,1.875,46.66090976958552,40.286591266536234,13.660939176981483,1
34,86,629.4366033482557,93.24080486766366,1028.9352151964185,4.762206540029845,2.072870585139764,1.875,46.54176037375878,40.01173020234425,14.030475252707225,1
34,87,627.0240678847227,92.83529433889693,1029.5142237076666,4.769048135769445,2.108523346004276,1.875,46.430241973486645,39.32878585406902,15.29489362444593,1
34,88,624.6549556159706,92.43441687744473,1030.0828106521672,4.775976577898607,2.0691745964553845,1.875,46.325995158105876,39.47277006842672,14.793476246521637,1
34,89,622.3281896356624,92.03808040906469,1030.6412344874411,4.7829897126046585,2.1112443654539197,1.875,46.22865865732988,39.17023612923875,15.268499526260785,1
34,90,620.0425565654873,91.64617194350717,1031.189786424283,4.790085113130974,2.0686032651542527,1.875,46.13787270031865,39.31872698335027,14.779930928461054,1
34,91,617.7967344634067,91.25856123674116,1031.7287837287824,4.79726013559348,2.068948764559021,1.875,46.05328187745829,39.06588791863267,15.172412635907587,1
34,92,615.5893180622454,90.8751041411418,1032.258563665061,4.804511969457824,2.0494625906538704,1.875,45.97453753692996,39.51622533809829,14.047584912939914,1
34,93,613.4188413534105,90.49564563853929,1032.7794780751815,4.811837682706821,2.0535391544670447,1.875,45.901299752610115,38.608753511238156,15.8874504222667,1
34,94,611.2837975856493,90.12002255889382,1033.2918885794443,4.819234261837965,2.0798437183563907,1.875,45.83323890236418,39.15281584209437,14.575498525209438,1
34,95,609.1826567905548,89.74806599352263,1033.7961623702668,4.826698646914442,2.053996423454578,1.875,45.77003689672975,39.008611043885345,14.772603019962837,1
34,96,607.1138809766351,89.37960341644185,1034.2926685656075,4.8342277619532705,2.095636875495273,1.875,45.7113880976635,38.429477900049875,15.930188298057471,1
34,97,605.0759371539011,89.01446053070312,1034.7817750830636,4.841818540974469,2.0608006653328736,1.875,45.65699996574692,38.30761671092599,16.096947369153973,1
34,98,603.0673083627568,88.6524628587986,1035.2638459929383,4.8494679500588465,2.066023606624837,1.875,45.60659347227005,38.382391514712765,15.840257751217003,1
34,99,601.0865028860451,88.29343709747221,1035.7392393073492,4.85717300577209,2.061072098491078,1.875,45.55990331016194,37.828463075667,16.969834597455073,1
34,100,599.1320618228455,87.937212257787,1036.208305162517,4.864930790312358,2.0693878773129692,1.875,45.51667793499317,37.438717813749754,17.747253287641822,1
34,101,597.2025651982535,87.58362061121775,1036.6713843524192,4.87273846372984,2.095319735411391,1.875,45.476679464388454,37.784099664077644,16.915438618016644,1
34,102,595.2966367759975,87.23249846200441,1037.1288071737606,4.880593273551995,2.104673543051253,1.875,45.43968346127035,36.966455848320294,18.647197708082736,1
34,103,593.4129477312537,86.88368676513542,1037.5808925444992,4.888492562129174,2.1017767531200535,1.875,45.40547862349548,38.12084504988376,16.04351235677146,1
34,104,591.5502193301561,86.53703160823106,1038.0279473607625,4.896433771993646,2.071460517289694,1.875,45.37386639970671,37.78615602797648,16.722644495156526,1
34,105,589.7072247508636,86.19238457434821,1038.4702660597927,4.9044144495017274,2.075230113632036,1.875,45.34466054865038,36.68301527013487,19.10179759582149,1
34,106,587.8827901691205,85.84960300139532,1038.908130359411,4.912432247004908,2.0743806902250967,1.875,45.31768665682601,37.28400426712324,17.7274768029067,1
34,107,586.075795219388,85.50855015248311,1039.3418091473468,4.9204849237721096,2.063729809426602,1.875,45.29278162716005,36.65769884840566,19.065030825080353,1
34,108,584.2851729311029,85.16909531018226,1039.7715584965354,4.928570345862206,2.0923641277190965,1.875,45.26979314943137,36.739621884694806,18.842964969111446,1
34,109,582.5099092286351,84.8311138063431,1040.1976217851275,4.936686485123937,2.0921857981229675,1.875,45.24857916142108,36.68905197111528,18.91667616737819,1
34,110,580.7490420731895,84.49448699787696,1040.6202299024346,4.944831417479712,2.090085845464264,1.875,45.22900730820562,36.36655258136213,19.594625781750526,1
34,111,579.0016603153128,84.15910219771735,1041.039601524325,4.953003320630626,2.0851279579138406,1.875,45.210954405648685,36.095297973398324,20.162495023797696,1
34,112,577.2669023178718,83.82485256908079,1041.4559434437108,4.96120047130241,2.1062620115233006,1.875,45.19430591296044,36.08232058341037,20.16179946893931,1
34,113,575.5439544013473,83.49163699013714,1041.8694509436766,4.969421242136027,2.1030702888242208,1.875,45.178955418167554,36.08304868084114,20.133061185537574,1
34,114,573.8320491560744,83.15935989527678,1042.280308202542,4.9776640983121485,2.0845333192883793,1.875,45.164804139458894,35.87373421149455,20.571482828256226,1
34,115,572.130463659566,82.82793109832865,1042.6886887217042,4.9859275939857985,2.060173430449872,1.875,45.151760444624635,35.36402032666617,21.677427461466134,1
34,116,570.4385176312933,82.4972656023329,1043.0947557684897,4.99421036859592,2.0593868559013835,1.875,45.139739390176004,35.67510191202834,20.967417193834095,1
34,117,568.7555715521942,82.16728339980229,1043.4986628274735,5.002511143104388,2.0847309226498103,1.875,45.12866228120568,35.98181673365953,20.268372881408126,1
34,118,567.0810247716804,81.83790926681212,1043.9005540547967,5.010828716210027,2.071578189877296,1.875,45.11845625261128,35.29040127401037,21.78278202510996,1
34,119,565.4143136209899,81.50907255373252,1044.3005647309624,5.019161960575313,2.0516390433531786,1.875,45.109053871945406,35.570482182955665,21.145581363926695,1
35,0,750.0,112.5,1000.0,4.0,2.1288305117030446,1.875,60.06692850924285,48.599007899801286,19.091904470655475,1
35,1,750.0075731855518,112.48602415730221,999.9981824354676,4.01168181303777,2.148706378124877,1.875,60.07270258129694,48.7720048934395,18.81170182507454,1
35,2,750.0164522573072,112.46797486082025,999.9960514582463,4.023366237847948,2.157128791687363,1.875,60.07897083507419,48.58290424769709,19.134925960924885,1
35,3,750.0268046419178,112.4480508693007,999.9935668859397,4.035053609283835,2.119230989540096,1.875,60.08577485413712,48.68962498107685,18.966469019872527,1
35,4,750.0388164972711,112.42685674330417,999.990684040655,4.046744299661209,2.133589324023784,1.875,60.093159593450665,47.67296812456847,20.668228385574565,1
35,5,750.052694598828,112.40471647192854,999.9873532962813,4.0584387225309895,2.146125021074125,1.875,60.10117362974976,48.30054705925853,19.634602550672962,1
35,6,750.0686683914412,112.38184335862755,999.9835195860541,4.070137336782882,2.1291516899958607,1.875,60.109869426305934,48.51018396706979,19.297472395040273,1
35,7,750.0869922171648,112.35839562520184,999.9791218678805,4.081840651100996,2.1072465106655356,1.875,60.1193036121117,48.53391519633653,19.27066303116852,1
35,8,750.1079477294224,112.33450071391238,999.9740925449386,4.093549228792178,2.1319853026474487,1.875,60.12953727530696,48.25037085949307,19.75595847582256,1
35,9,750.1318465035304,112.31026785356383,999.9683568391526,4.1052636930070605,2.1392442880332982,1.875,60.14063627043245,48.01404499409013,20.16372294734807,1
35,10,750.1590328529205,112.28579535982458,999.9618321152991,4.116984732372508,2.1398319871007425,1.875,60.152671538803745,48.66475561771729,19.097931359001638,1
35,11,750.1898868594188,112.26117527569042,999.9544271537395,4.128713107052171,2.1444244247252855,1.875,60.165719440947385,48.7661871884947,18.946889289076516,1
35,12,750.2248276245261,112.23649655127882,999.9460413701137,4.140449655249053,2.1616264991839764,1.875,60.17986209962091,48.52145228219232,19.372609724710603,1
35,13,750.2643167467418,112.21184737126443,999.936563980782,4.15219530016015,2.160228441223113,1.875,60.19518775144004,48.52212060866023,19.392027135093628,1
35,14,750.3088620274698,112.18731696244272,999.9258731134073,4.163951057388273,2.1243302340619485,1.875,60.21179110455068,48.404382816465265,19.60979414743408,1
35,15,750.3590214048442,112.16299707413079,999.9138348628373,4.175718042809688,2.1436590033303675,1.875,60.22977369910026,48.866918299209146,18.865844418839075,1
35,16,750.4154071107853,112.13898324838473,999.9003022934115,4.187497480888237,2.13834870862921,1.875,60.24924426647114,48.33917221158712,19.76800240382767,1
35,17,750.4786900416266,112.11537595357709,999.8851143900096,4.199290713416587,2.167204652469342,1.875,60.27031908233032,48.13856972354399,20.128895190042293,1
35,18,750.549604326588,112.09228162864832,999.8680949616189,4.2110992086531756,2.1249753438434076,1.875,60.29312230751356,48.808289393016885,19.048330016681636,1
35,19,750.628952071068,112.06981366869807,999.8490515029437,4.222924570808803,2.1736485964636856,1.875,60.3177863095923,48.72944124696501,19.212152453917895,1
35,20,750.717608243046,112.04809337145014,999.8277740216689,4.234768549819425,2.1433172026962106,1.875,60.34445195666211,48.48024224305574,19.660812765566174,1
35,21,750.8165256606528,112.02725085624466,999.8040338414434,4.2466330513213055,2.1492808746939196,1.875,60.3732688734413,48.61836920277207,19.47037139120407,1
35,22,750.9267400270793,112.00742596126419,999.777582393501,4.258520146720825,2.123228824452643,1.875,60.404395648180035,48.47413783137204,19.750645112476096,1
35,23,751.0493749452902,111.98876911989505,999.7481500131304,4.2704320832239135,2.120970531599322,1.875,60.43799997716461,48.5781481503055,19.623170573712127,1
35,24,751.1856468294392,111.9714422129706,999.7154447609346,4.282371293658878,2.1415562409937863,1.875,60.47425873177567,49.09088634891827,18.823500480339263,1
35,25,751.336869612378,111.95561938982719,999.6791512930292,4.294340405891423,2.1263715090191218,1.875,60.513357931153166,48.54533215739585,19.777494065646625,1
35,26,751.5044591292686,111.94148784743068,999.6389298089755,4.306342251591871,2.1635030779631985,1.875,60.55549260157612,49.183145614593855,18.78004207117336,1
35,27,751.689937036144,111.92924855318,999.5944151113255,4.318379874072288,2.1478136710809075,1.875,60.60086650174008,48.56666591807758,19.858132859068853,1
35,28,751.8949340995861,111.91911689330155,999.5452158160994,4.330456534865839,2.1288590981875153,1.875,60.64969169128664,48.089758505615144,20.708981093593827,1
35,29,752.1211926698812,111.91132322499544,999.4909137592285,4.342575718673096,2.11976408555102,1.875,60.702187918305526,48.68254720764818,19.801000792316863,1
35,30,752.3705681256638,111.90611330670583,999.4310636498407,4.354741136251327,2.134699734212648,1.875,60.75858180021243,48.869431215982836,19.567854008383108,1
35,31,752.645029053974,111.90374857712649,999.3651930270462,4.366956724774615,2.134415395796351,1.875,60.819105771553254,48.484597619713,20.280647002885463,1
35,32,752.9466559069019,111.90450624992543,999.2928025823435,4.3792266451471376,2.145146336719841,1.875,60.88399677207058,49.48481835867154,18.72278269784714,1
35,33,753.277637855907,111.90867918782936,999.2133669145824,4.391555275711814,2.131972468185004,1.875,60.9534946489911,48.788773256280166,19.95738138192587,1
35,34,753.6402675491527,111.91657551684446,999.1263357882034,4.403947201764972,2.155257963157188,1.875,61.02784024917252,48.620995415117996,20.329811416229415,1
35,35,754.0369334677426,111.92851793924896,999.0311359677418,4.416407200268819,2.163774602265642,1.875,61.107273179723684,48.354843405267026,20.86892297902127,1
35,36,754.4701095758294,111.94484270286075,998.9271737018009,4.4289402191516585,2.130164911187562,1.875,61.19202922022117,48.74026226060357,20.34867468572665,1
35,37,754.9423419697117,111.96589818429024,998.8138379272692,4.44155135060609,2.1413426064380063,1.875,61.282337375925195,48.28597639330191,21.20735196978455,1
35,38,755.456232254862,111.99204304578988,998.6905042588331,4.454245797843058,2.165374249426156,1.875,61.37841656964936,49.05884475246434,20.07150478247569,1
35,39,756.0144174200374,112.0236439292839,998.556539819191,4.467028834840074,2.1607760804429166,1.875,61.48047198031689,49.45602533463286,19.55815604267593,1
35,40,756.6195460367048,112.06107265756499,998.4113089511909,4.479905758740077,2.123508175966193,1.875,61.58869104880915,48.23868633104401,21.676065021718422,1
35,41,757.274250692081,112.10470292180959,998.2541798339006,4.492881834717495,2.161246773038871,1.875,61.70323918643846,48.97963697175045,20.62063901741561,1
35,42,757.9811166665281,112.1549064467374,998.0845320000333,4.505962233333056,2.115656081615493,1.875,61.824255238063564,49.25420815850546,20.331902149334837,1
35,43,758.7426469912449,112.21204864005455,997.9017647221012,4.519151960649157,2.187590590175579,1.875,61.9518467701384,49.16249266194048,20.644023987937928,1
35,44,759.5612241691103,112.27648375123593,997.7053061994135,4.532455781671554,2.1573417776789805,1.875,62.08608527326045,48.935253849813215,21.181608351639948,1
35,45,760.4390690074363,112.34854958596381,997.4946234382153,4.5458781380148725,2.104584296223943,1.875,62.227001388253086,49.52842970030957,20.406851374234286,1
35,46,761.3781971914786,112.42856184613035,997.2692326740452,4.559423061049624,2.1492409149690994,1.875,62.37458028343902,49.21977539710346,21.090009466289384,1
35,47,762.3803744148735,112.51680819042261,997.0287101404303,4.57309408216308,2.172443837693442,1.875,62.528757327293306,48.92291678346359,21.759333025943363,1
35,48,763.4470710684998,112.61354213602326,996.77270294356,4.586894142137,2.113718850014494,1.875,62.689414213699955,49.3214553435086,21.324108763597216,1
35,49,764.579417661394,112.71897694647356,996.5009397612654,4.600825501989455,2.1311915113865223,1.875,62.85637570508944,50.021840774259594,20.418827504543255,1
35,50,765.7781622934683,112.83327967260746,996.2132410495676,4.61488965792027,2.1393034102891493,1.875,63.029407160345926,49.61975027192912,21.275238801315115,1
35,51,767.0436316063073,112.95656553087153,995.9095284144863,4.6290872632126145,2.1129193161771167,1.875,63.20821300824607,50.076436646706576,20.775427332246107,1
35,52,768.3756966918515,113.08889281446145,995.5898327939556,4.64341806005037,2.1155866338635896,1.875,63.39243631234183,49.46911878065262,21.96368895350136,1
35,53,769.7737454273929,113.23025853582064,995.2543010974257,4.657880824188119,2.1303142887139908,1.875,63.581659549112686,50.01613265382655,21.33559739001095,1
35,54,771.2366626198957,113.38059499276156,994.903200971225,4.672473325239792,2.123916599529728,1.875,63.77540668798145,50.28294715553275,21.156210886211984,1
35,55,772.7628191783156,113.53976743387534,994.5369233972043,4.687192305023298,2.132659925993319,1.875,63.97314662021508,50.507237331097016,21.049315221369664,1
35,56,774.3500712896983,113.70757297173736,994.1559828904724,4.70203347591273,2.1484216637745956,1.875,64.17429793537686,50.85966517392315,20.747609541223913,1
35,57,775.9957702599057,113.88374085522251,993.7610151376226,4.716991540519811,2.1294748730153845,1.875,64.37823499114202,50.68290890546283,21.273223920419017,1
35,58,777.6967833056517,114.06793416637608,993.3527720066436,4.73206023327797,2.1025832270966607,1.875,64.584295167832,51.40258060615679,20.410092774753586,1
35,59,779.4495251698002,114.25975295491482,992.932113959248,4.747232383672934,2.154198382202359,1.875,64.79178714627257,50.61832926930356,21.875392702120273,1
35,60,781.25,114.45873876741628,992.5,4.7625,2.1331369473202773,1.875,65.0,50.75079054508493,21.921860699869335,1
35,61,783.0938525080597,114.66438047193161,992.0574753980657,4.777854371682786,2.175120183994968,1.875,65.20821285372743,51.265936574371835,21.38116606665847,1
35,62,784.976427041085,114.8761212256715,991.6056575101396,4.793286187415504,2.129453085485227,1.875,65.415704832168,50.72910390716566,22.45118502152139,1
35,63,786.8928328706304,115.09336638699735,991.1457201110487,4.808785665741261,2.1622415442430927,1.875,65.62176500885798,51.522118444066926,21.48623488394103,1
35,64,788.8380137641543,115.31549213619894,990.678876696603,4.824342694194975,2.152446865477946,1.875,65.82570206462314,51.383461399665386,21.940124012318716,1
35,65,790.8068197589603,115.54185454474211,990.2063632578495,4.839946972851254,2.132327102554719,1.875,66.02685337978491,52.04583435433883,21.17474680343706,1
35,66,792.7940790201275,115.77179882119363,989.7294210351694,4.855588158040255,2.173884836319024,1.875,66.22459331201854,51.91485752564647,21.607887750931827,1
35,67,794.7946677301511,116.0046684642135,989.2492797447637,4.871256002126969,2.1577162688297324,1.875,66.41834045088731,51.931168120879825,21.812005888222924,1
35,68,796.803576120912,116.23981406816422,988.7671417309812,4.886940485575157,2.1109197360835963,1.875,66.60756368765817,51.68020479143025,22.410906614489846,1
35,69,798.8159690032313,116.47660155342224,988.2841674392245,4.902631938006462,2.161243089593923,1.875,66.79178699175392,52.54813431958486,21.325455289776237,1
35,70,800.827239455811,116.71441962907004,987.8014625306054,4.918321145578289,2.1594019916991267,1.875,66.97059283965407,52.42006552538041,21.72674109233527,1
35,71,802.8330546811093,116.95268633751758,987.3200668765338,4.933999442695552,2.1601454306588397,1.875,67.14362429491055,52.450839660871715,21.882620707968755,1
35,72,804.8293933972504,117.1908545757781,986.84094558466,4.949658786794501,2.1507472582637,1.875,67.31058578630005,52.550225103601896,21.928736037983466,1
35,73,806.8125744903738,117.42841653371687,986.3649821223103,4.965291815647414,2.1171837388699366,1.875,67.4712426727067,52.994168864125776,21.45665802956546,1
35,74,808.7792769818242,117.66490703301935,985.8929735243622,4.980891887296981,2.163821939626157,1.875,67.62541971656097,53.663210262109885,20.646392307760923,1
35,75,810.7265516542727,117.89990578977337,985.4256276029745,4.9964531033085455,2.143600031560854,1.875,67.77299861174691,52.73808646566304,22.184221524880137,1
35,76,812.6518249200215,118.13303865689302,984.9635620191949,5.0119703165067095,2.131750636786358,1.875,67.91391472673955,53.14823698573065,21.741756163549873,1
35,77,814.5528956978483,118.36397792918733,984.5073050325165,5.02743912472903,2.1412894076654925,1.875,68.0481532298616,53.4822512824246,21.405286192315117,1
35,78,816.4279261907336,118.59244181333445,984.057297714224,5.042855852381467,2.1455788373808677,1.875,68.17574476193644,53.720051431456845,21.203572298267627,1
35,79,818.275427528267,118.81819317749562,983.6138973932159,5.058217521723201,2.142267912486786,1.875,68.29676081356155,52.95723130346791,22.46011278919644,1
35,80,820.0942412599237,119.041037701327,983.1773820976183,5.07352181585318,2.142862128106803,1.875,68.41130895119085,53.789798256434786,21.372943916608897,1
35,81,821.8835176660763,119.26082154753949,982.7479557601417,5.088767035332152,2.149324788809353,1.875,68.51952801968311,53.796859160974826,21.486821763394236,1
35,82,823.6426918009117,119.47742867190209,982.3257539677812,5.10395205026849,2.142789966022462,1.875,68.62158343035064,54.201125519074175,21.01446394910561,1
35,83,825.3714581039801,119.69077788073972,981.9108500550448,5.119076249541293,2.1351186074983204,1.875,68.7176626240748,54.36284698091536,20.889557495121096,1
35,84,827.0697443230647,119.90081973457484,981.5032613624645,5.134139488646129,2.1397219501822313,1.875,68.80797077977883,54.34051800926666,21.025838440746224,1
35,85,828.7376853878633,120.10753338456543,981.1029555069128,5.1491420374423935,2.079865275551794,1.875,68.89272682027632,54.03000723523607,21.57371361393972,1
35,86,830.3755977678295,120.31092341562987,980.7098565357209,5.164084528868992,2.1154961352197414,1.875,68.97215975082749,54.591921366393656,20.849337524567375,1
35,87,831.9839547435181,120.5110167573169,980.3238508615557,5.178967909487036,2.163752756198864,1.875,69.0465053510089,54.65328210762941,20.84569402927672,1
35,88,833.5633629226863,120.7078597111119,979.9447928985553,5.193793392512039,2.1552854151190317,1.875,69.11600322792941,54.9975655335458,20.427161634077855,1
35,89,835.1145402428917,120.90151513136335,979.572510341706,5.208562413819116,2.1411173200023406,1.875,69.18089422844675,55.08293262141493,20.378403263302747,1
35,90,836.6382956230084,121.09205978662806,979.206809050478,5.223276591246017,2.143238325909571,1.875,69.24141819978756,54.98672128253412,20.58695111663264,1
35,91,838.1355103577289,121.27958191911537,978.8474775141451,5.237937687382124,2.146141058526265,1.875,69.29781208169447,55.58073382956807,19.794388653938285,1
35,92,839.6071212918364,121.46417901211805,978.4942908899593,5.252547575917006,2.147774431002448,1.875,69.35030830871335,55.3265746532026,20.22158804699759,1
35,93,841.0541057643931,121.64595576883242,978.1470146165457,5.267108211528786,2.1207704399095446,1.875,69.39913349825993,55.7756613465411,19.630608431242756,1
35,94,842.4774682762338,121.82502230072569,977.8054076137039,5.2816216032191345,2.110178480912955,1.875,69.44450739842388,54.94018486100652,20.886205519756558,1
35,95,843.8782288062968,122.0014925195029,977.4692250864888,5.296089790945927,2.1457486652992843,1.875,69.48664206884683,55.32414517332715,20.38161072956668,1
35,96,845.2574126822434,122.17548272363189,977.1382209562616,5.3105148253644865,2.160101431589883,1.875,69.52574126822434,55.20106735639623,20.60341055058262,1
35,97,846.6160418973993,122.34711036817563,976.8121499446241,5.3248987504614655,2.157555580983147,1.875,69.56200002283539,56.055246406047544,19.416856347364845,1
35,98,847.9551277581622,122.51649300521717,976.4907693380411,5.339243588849658,2.140679770815092,1.875,69.59560435181997,55.268949996506066,20.58557359871429,1
35,99,849.2756647426366,122.68374738132002,976.1738404617672,5.353551329485273,2.1038533891265487,1.875,69.62673112655871,56.043346060803046,19.50886512403619,1
35,100,850.5786254514363,122.8489886781256,975.8611298916553,5.367823917569539,2.1336636115252254,1.875,69.65554804333789,56.314125091304014,19.15342471174469,1
35,101,851.8649565344975,123.01232988224264,975.5524104317205,5.382063246402328,2.1369551256983095,1.875,69.68221369040769,56.15149532626811,19.417750452440334,1
35,102,853.1355754826684,123.17388127093959,975.2474618841595,5.396271150965337,2.0897931000637597,1.875,69.70687769248644,56.50538648355141,18.938577721374532,1
35,103,854.3913681791644,123.33375000072796,974.9460716370006,5.4104494030249946,2.125336527837756,1.875,69.72968091766968,56.26487964707839,19.309999835635672,1
35,104,855.6331871132293,123.49203978665818,974.648035092825,5.424599707559792,2.1169238706707514,1.875,69.75075573352886,56.011714873507294,19.697336201645303,1
35,105,856.8618501660909,123.64885066098081,974.3531559601382,5.438723700332182,2.1677622080962364,1.875,69.77022630089974,56.84842056951876,18.520515722068602,1
35,106,858.0781398872531,123.80427880071515,974.0612464270592,5.452822946441173,2.154559363040017,1.875,69.78820889544933,56.62862163284621,18.856462246104748,1
35,107,859.2828031870746,123.95841641457545,973.7721272351021,5.466898939707483,2.1035610026136182,1.875,69.80481224855997,57.37690614884666,17.80379561148335,1
35,108,860.4765513792646,124.11135168060858,973.4856276689765,5.480953102758529,2.146765284158202,1.875,69.82013790037908,56.914616967596515,18.483952224781405,1
35,109,861.6600605142432,124.26316872677333,973.2015854765816,5.494986787695153,2.1311367910869925,1.875,69.83428055905262,56.33969317499057,19.323729371924834,1
35,110,862.8339719512071,124.41394764752935,972.9198467317103,5.509001277235747,2.1611506261784688,1.875,69.84732846119626,56.75104982581645,18.749863343242186,1
35,111,863.9988931231248,124.56376455029098,972.64026565045,5.52299778624625,2.1492508347901795,1.875,69.85936372956755,57.38073414069012,17.862501063112205,1
35,112,865.1553984547522,124.71269162633294,972.3627043708594,5.5369774635761715,2.1450026039703975,1.875,69.87046272469304,57.3771170591905,17.880725528796653,1
35,113,866.3040303991017,124.8607972414096,972.0870327042155,5.550941394131537,2.1652418465709,1.875,69.88069638788829,57.10406930946397,18.283485624563355,1
35,114,867.445300562617,125.00814604196236,971.8131278649719,5.564890601125234,2.1416095033338043,1.875,69.89013057369407,57.3443107785473,17.950774583141044,1
35,115,868.5796908936227,125.15479907334714,971.5408741855306,5.578826048453912,2.1015281505764922,1.875,69.89882637025025,57.55414512636912,17.660784715457208,1
35,116,869.7076549124712,125.3008139070132,971.2701628210069,5.592748643158275,2.163344463463428,1.875,69.90684040654934,58.01861424116899,17.005812444452257,1
35,117,870.8296189652038,125.44624477401085,971.000891448351,5.606659237930407,2.1754689957188487,1.875,69.91422514586289,57.17089420238087,18.227093151494493,1
35,118,871.9459834855464,125.59114270260221,970.7329639634688,5.620558633637759,2.170892005490559,1.875,69.92102916492581,57.84200765232636,17.275234156105075,1
35,119,873.0571242526735,125.73555565809949,970.4662901793583,5.63444758183868,2.1703307016803333,1.875,69.92729741870306,57.75451908236993,17.407763185021,1
36,0,1000.0,150.0,900.0,4.5,2.1158373740805425,1.51875,80.10039276386428,70.92300267984203,11.457359654998408,1
36,1,1000.0113597783277,149.98143531063855,899.9972736532013,4.515751886223322,2.1662274317236956,1.51875,80.1090538719454,71.41448628703041,10.853414395348231,1
36,2,1000.0246783859607,149.95747391751925,899.9940771873694,4.531507690105255,2.1399533718582195,1.51875,80.11845625261128,70.82706202767574,11.597070961577236,1
36,3,1000.0402069628768,149.9310421086366,899.9903503289096,4.5472679139257535,2.1625020003125996,1.51875,80.12866228120568,71.42193076704653,10.865938936561188,1
36,4,1000.0582247459066,149.90294750705905,899.9860260609825,4.56303311615848,2.1200900168957366,1.51875,80.139739390176,70.67334475812919,11.812360140027184,1
36,5,1000.0790418982419,149.8736250804092,899.981029944422,4.578803917129817,2.1478884175056567,1.51875,80.15176044462463,71.24739403883656,11.109383445095919,1
36,6,1000.1030025871618,149.8433630481283,899.9752793790811,4.594581005174324,2.1374019021613835,1.51875,80.1648041394589,71.25608916563056,11.113000361518093,1
36,7,1000.1304883257471,149.81237686803465,899.9686828018207,4.610365143318161,2.129180551729237,1.51875,80.17895541816755,70.41372986851412,12.179287568319635,1
36,8,1000.1619215941337,149.78084160882622,899.9611388174079,4.626157176521601,2.1349052624193328,1.51875,80.19430591296044,71.07444811549207,11.372201172695084,1
36,9,1000.1977697552957,149.7489087212317,899.9525352587291,4.641958039510591,2.1378664846680553,1.51875,80.21095440564868,70.71341503741124,11.840701109484113,1
36,10,1000.2385492793809,149.7167158111052,899.9427481729485,4.657768765225429,2.107070304348408,1.51875,80.22900730820561,70.88571419610194,11.645779283059955,1
36,11,1000.2848302891283,149.6843928799335,899.9316407306092,4.67359049391159,2.1613363992989796,1.51875,80.24857916142108,71.46427801365293,10.946363461586541,1
36,12,1000.3372414367892,149.65206662775424,899.9190620551706,4.689424482873578,2.1671375515487536,1.51875,80.26979314943138,70.85189047018577,11.732810450517935,1
36,13,1000.3964751201125,149.619863627726,899.904845971173,4.705272116906892,2.120309157393377,1.51875,80.29278162716005,71.21339405156776,11.307850334233626,1
36,14,1000.4632930412046,149.5879128147412,899.8888096701108,4.721134919415743,2.156085284097943,1.51875,80.31768665682601,71.21894489393178,11.328441021677452,1
36,15,1000.5385321072662,149.55634754451367,899.8707522942561,4.737014564214532,2.1031020183812292,1.51875,80.34466054865038,70.80305145192627,11.875847170885079,1
36,16,1000.6231106661778,149.52530737877294,899.8504534401173,4.752912887999022,2.142789508060265,1.51875,80.37386639970671,71.24846245599919,11.353695364518165,1
36,17,1000.7180350624399,149.49493969432487,899.8276715850144,4.768831903458214,2.1587294311180343,1.51875,80.40547862349548,71.1666644464111,11.490279437730605,1
36,18,1000.8244064898819,149.4654011787258,899.8021424424284,4.784773812979764,2.1499989599967493,1.51875,80.43968346127035,71.15120926910217,11.54712921842904,1
36,19,1000.9434281066021,149.43685925302245,899.7735772544155,4.800741022879871,2.1570956713503544,1.51875,80.47667946438845,71.23574436840107,11.482748987023708,1
36,20,1001.0764123645691,149.40949344702165,899.7416610325034,4.816736158062471,2.1446980370669304,1.51875,80.51667793499317,71.06314119196351,11.74109139309271,1
36,21,1001.2247884909792,149.38349674185605,899.706050762165,4.832762076981958,2.145009112366834,1.51875,80.55990331016194,71.3023168267778,11.491556100485512,1
36,22,1001.3901100406189,149.35907688644596,899.6663735902515,4.8488218867479045,2.148732791643946,1.51875,80.60659347227005,71.28869531735026,11.55972204448175,1
36,23,1001.5740624179354,149.33645768777245,899.6222250196955,4.864918958169204,2.170237721093008,1.51875,80.65699996574692,71.28736839611213,11.616637828847896,1
36,24,1001.7784702441587,149.31588026900755,899.5731671414019,4.8810569404883175,2.1304033134565215,1.51875,80.7113880976635,71.45900133813805,11.463545575910242,1
36,25,1002.0053044185671,149.29760428408625,899.5187269395439,4.897239775503801,2.1160593171126063,1.51875,80.77003689672975,70.87796128805704,12.247209471156285,1
36,26,1002.256688693903,149.28190907198453,899.4583947134632,4.913471710721139,2.150100229160386,1.51875,80.83323890236417,71.40663927072237,11.661786363686216,1
36,27,1002.5349055542159,149.26909472863048,899.3916226669882,4.929757311108432,2.1184822593959045,1.51875,80.90129975261011,71.1360455234579,12.070577678002218,1
36,28,1002.842401149379,149.25948306894065,899.317823724149,4.946101468965424,2.1312616072215915,1.51875,80.97453753692996,71.14215506107327,12.142560828300436,1
36,29,1003.1817890048219,149.2534184459235,899.2363706388427,4.962509411342977,2.1622552393914436,1.51875,81.05328187745829,71.55475823775214,11.718863714940804,1
36,30,1003.5558521884958,149.2512683881691,899.146595474761,4.978986704376991,2.1430008402689102,1.51875,81.13787270031865,71.19652466465206,12.25241395271083,1
36,31,1003.9675435809611,149.25342401144866,899.0477895405694,4.995539253828589,2.116390290461582,1.51875,81.22865865732987,71.80130858380798,11.605940845695834,1
36,32,1004.4199838603529,149.2603001547431,898.9392038735153,5.012173301054039,2.1552255618716827,1.51875,81.32599515810588,71.23414392099001,12.409133411151387,1
36,33,1004.9164567838603,149.2723351860339,898.8200503718735,5.028895413567721,2.1577752738184826,1.51875,81.43024197348664,71.47082744930299,12.230609025362348,1
36,34,1005.460401323729,149.289990418915,898.689503682305,5.045712469314124,2.1376410937687376,1.51875,81.54176037375878,71.65425353177312,12.125697062051147,1
36,35,1006.0554002016139,149.31374907789197,898.5467039516127,5.0626316337365616,2.12855331886773,1.51875,81.66090976958553,71.46570785802085,12.484800794323096,1
36,36,1006.7051643637441,149.34411474855037,898.3907605527014,5.079660328727488,2.1458125051499755,1.51875,81.78804383033176,71.49006521224527,12.591056266670849,1
36,37,1007.4135129545675,149.3816092490971,898.2207568909038,5.0968061925758015,1.7567649880713352,1.51875,81.92350606388779,71.95182613321703,12.171939910499407,1
36,38,1008.184348382293,149.42676986264115,898.0357563882496,5.11407703009792,1.7282973212138417,1.51875,82.06762485447403,70.93677340028505,13.563023755015093,1
36,39,1009.0216261300561,149.48014587554462,897.8348097287866,5.131480752260112,1.7033484805164594,1.51875,82.22070797047535,71.44508161413411,13.10573287718546,1
36,40,1009.9293190550571,149.54229437678754,897.6169634267862,5.149025304776781,1.730119992063461,1.51875,82.38303657321373,71.65411740876584,13.023214014347609,1
36,41,1010.9113760381214,149.61377528704253,897.3812697508508,5.166718585409576,1.7460352373065067,1.51875,82.55485877965769,71.21025415016481,13.741898171944179,1
36,42,1011.9716749997921,149.6951456044196,897.1267980000499,5.1845683499995845,1.7070856072763565,1.51875,82.73638285709535,71.84252811484706,13.166945865961377,1
36,43,1013.1139704868674,149.78695287681768,896.8526470831519,5.202582107640401,1.7460918605603837,1.51875,82.9277701552076,71.75820114233953,13.469033343068437,1
36,44,1014.3418362536655,149.88972793844587,896.5579592991203,5.220767005840664,1.7102404121633386,1.51875,83.12912790989067,72.10731053284289,13.258670762184686,1
36,45,1015.6586035111545,150.00397697997158,896.2419351573229,5.239129707022309,1.7688212747744636,1.51875,83.34050208237963,72.21272473217272,13.352184198755404,1
36,46,1017.067295787218,150.13017305714283,895.9038490110677,5.257676258241102,1.7264338060546833,1.51875,83.56187042515853,72.23358691791245,13.556761534427553,1
36,47,1018.5705616223102,150.26874718039863,895.5430652106455,5.276411956577954,1.7160610022473108,1.51875,83.79313599093996,72.66259503458048,13.283356476314431,1
36,48,1020.1706066027497,150.42007916625542,895.15905441534,5.295341213205499,1.7450201705565753,1.51875,84.03412132054993,71.97990962398225,14.344425225304175,1
36,49,1021.869126492091,150.58448846802978,894.7514096418981,5.314467419650849,1.7373697966571109,1.51875,84.28456355763416,72.79408107631606,13.63296195211458,1
36,50,1023.6672434402025,150.76222523625037,894.3198615743514,5.333792820213739,1.7367223314464741,1.51875,84.54411074051889,72.73165373872284,13.971945412082704,1
36,51,1025.5654474094608,150.95346188522493,893.8642926217294,5.353318394818922,1.7188952397250392,1.51875,84.8123195123691,73.13903793632412,13.763662688582103,1
36,52,1027.5635450377774,151.1582854588995,893.3847491909335,5.373043756742222,1.7304138998656018,1.51875,85.08865446851274,72.50934712695809,14.783765732492169,1
36,53,1029.6606181410893,151.37669109382335,892.8814516461385,5.392967069615512,1.7359581364525767,1.51875,85.37248932366903,73.64207356102345,13.74027611889418,1
36,54,1031.8549939298434,151.60857686760363,892.3548014568375,5.413084987859687,1.7356446949339857,1.51875,85.66311003197218,74.06478901546812,13.539458247751218,1
36,55,1034.1442287674734,151.8537402963443,891.8053850958064,5.4333926242016135,1.751962642836955,1.51875,85.95971993032262,73.86270665938936,14.072885859491954,1
36,56,1036.5251069345475,152.1118767038256,891.2339743357086,5.4538835472024285,1.7408153185476325,1.51875,86.26144690306528,73.94476633286132,14.278314371476519,1
36,57,1038.9936553898585,152.3825796293906,890.641522706434,5.474549810779717,1.7381148111635945,1.51875,86.56735248671302,74.09363710323177,14.409260564363228,1
36,58,1041.5451749584774,152.6653433727046,890.0291580099654,5.495382016583622,1.7540006271073276,1.51875,86.876442751748,74.14524856865168,14.654368641078092,1
36,59,1044.1742877547003,152.95956769499566,889.3981709388719,5.516369408842734,1.7218654072914994,1.51875,87.18768071940886,74.29959559513941,14.782002477788625,1
36,60,1046.875,153.26456461236046,888.75,5.5375,1.7842963748195277,1.51875,87.5,75.08864967499815,14.184400371430684,1
36,61,1049.6407787620897,153.57956713223567,888.0862130970985,5.558760724190845,1.7494731278995874,1.51875,87.81231928059114,74.83370502441824,14.779947008006566,1
36,62,1052.4646405616274,153.9037397045071,887.4084862652094,5.580137614456588,1.7558501298794813,1.51875,88.123557248252,75.37598043108827,14.465572220663608,1
36,63,1055.3392493059457,154.2361900891024,886.718580166573,5.601615998611892,1.7476666626886197,1.51875,88.43264751328698,75.37129055261009,14.769835946293957,1
36,64,1058.2570206462315,154.5759822867871,886.0183150449044,5.623180707959129,1.7465886610143362,1.51875,88.73855309693472,75.80045163706741,14.58002300954153,1
36,65,1061.2102296384405,154.92215014268837,885.3095448867742,5.644816292610215,1.7280710607253809,1.51875,89.04028006967738,76.40084122819106,14.195192144044794,1
36,66,1064.1911185301913,155.27371121485405,884.5941315527541,5.666507237060383,1.7126291276953847,1.51875,89.33688996802782,76.60845584489029,14.247679908817986,1
36,67,1067.1920015952264,155.6296805034324,883.8739196171456,5.68823816985712,1.7570730065370446,1.51875,89.62751067633097,76.48371105019659,14.664916527248174,1
36,68,1070.2053641813682,155.98908365879464,883.1507125964716,5.70999406169607,1.7269767146433352,1.51875,89.91134553148726,76.9312289986226,14.436572443817978,1
36,69,1073.223953504847,156.35096932672695,882.4262511588367,5.731760407009694,1.749024008075229,1.51875,90.1876804876309,77.24545523308541,14.350324994022323,1
36,70,1076.2408591837166,156.7144203422088,881.7021937959081,5.7535233850341,1.7520545330698223,1.51875,90.45588925948111,78.09846597426896,13.661270024955186,1
36,71,1079.249582021664,157.07856354609933,880.9801003148007,5.775269997376661,1.7332289484829904,1.51875,90.71543644236584,77.31549695315574,14.771399460469409,1
36,72,1082.2440900958754,157.4425780668185,880.2614183769899,5.796988180191751,1.7599017555265977,1.51875,90.96587867945007,78.63106996655043,13.559819233281564,1
36,73,1085.2188617355607,157.80570197749992,879.5474731834654,5.818666890137788,1.751238651127007,1.51875,91.20686400906004,78.06614095376833,14.407603197481256,1
36,74,1088.1689154727364,158.16723730423416,878.8394602865433,5.840296164278806,1.7409054366012806,1.51875,91.43812957484147,78.32012987440505,14.346312376938359,1
36,75,1091.0898274814092,158.5265534197443,878.1384414044618,5.861867154962818,1.7562403937452435,1.51875,91.65949791762037,78.53180515795196,14.322239438259867,1
36,76,1093.9777373800323,158.8830889068333,877.4453430287923,5.883372141426731,1.7373807081294206,1.51875,91.87087209010933,78.88742152093553,14.132281836226932,1
36,77,1096.8293435467724,159.23635201580876,876.7609575487746,5.904804520426879,1.7459197775686839,1.51875,92.0722298447924,79.34933193731398,13.818387942733237,1
36,78,1099.6418892861004,159.58591986927428,876.085946571336,5.9261587785722005,1.7469185259309898,1.51875,92.26361714290465,79.72721065009696,13.58759485159831,1
36,79,1102.4131412924003,159.9314365863889,875.420846089824,5.947430449251467,1.7236501033115024,1.51875,92.44514122034231,80.14699454586022,13.303183393023915,1
36,80,1105.1413618898857,160.27261050773137,874.7660731464275,5.968616057113104,1.7424079708291222,1.51875,92.61696342678627,79.93081023556468,13.697440211641144,1
36,81,1107.8252764991144,160.60921070249296,874.1219336402125,5.989713052998229,1.7882018149901004,1.51875,92.77929202952465,80.65661906013108,13.066140842652521,1
36,82,1110.4640377013677,160.94106293334363,873.4886309516718,6.010719742069402,1.7403180727979985,1.51875,92.93237514552597,81.14578873839243,12.682971234380403,1
36,83,1113.0571871559703,161.26804524254516,872.8662750825672,6.031635207645274,1.7802195960537168,1.51875,93.07649393611221,80.95148619106126,13.026927887263959,1
36,84,1115.604616484597,161.59008330728705,872.2548920436967,6.052459232969194,2.1503312335946796,1.51875,93.21195616966824,81.23279236145149,12.851531391972706,1
36,85,1118.1065280817947,161.907145694222,871.6544332603693,6.073192222830256,2.140439428850624,1.51875,93.33909023041448,81.69564602858509,12.474349356830764,1
36,86,1120.5633966517444,162.21923912403756,871.0647848035813,6.093835126636822,2.1470798245384177,1.51875,93.45823962624122,82.09069001436173,12.163239600211465,1
36,87,1122.9759321152774,162.52640383765055,870.4857762923334,6.114389364230554,2.154579852842546,1.51875,93.56975802651336,82.29448932225756,12.050120618096397,1
36,88,1125.3450443840293,162.82870913706034,869.917189347833,6.1348567554347255,2.119168431333401,1.51875,93.67400484189412,82.13588130093785,12.317316378680152,1
36,89,1127.6718103643377,163.12624915663773,869.358765512559,6.155239454062009,2.132455131476711,1.51875,93.77134134267013,82.56223801129363,11.953655744791886,1
36,90,1129.9574434345127,163.4191389050455,868.810213575717,6.175539886869025,2.1643987696754268,1.51875,93.86212729968135,82.53884769631202,12.063736385620754,1
36,91,1132.2032655365933,163.70751060431212,868.2712162712176,6.195760697739853,2.1362349829025704,1.51875,93.94671812254171,83.36288098163836,11.265786982678913,1
36,92,1134.4106819377546,163.9915103408892,867.741436334939,6.215904697208843,2.1373857343760525,1.51875,94.02546246307004,83.4244379449974,11.274631616128838,1
36,93,1136.5811586465895,164.2712950337961,867.2205219248185,6.2359748172931795,2.1405924430074266,1.51875,94.09870024738989,83.57108871033422,11.187839480649657,1
36,94,1138.7162024143508,164.5470297170897,866.7081114205558,6.255974071495368,2.138813832989794,1.51875,94.16676109763583,83.89481675277446,10.908248542403417,1
36,95,1140.8173432094452,164.81888512773588,866.2038376297331,6.275905519752224,2.112482155717856,1.51875,94.22996310327025,83.76372916818349,11.107118787276201,1
36,96,1142.8861190233652,165.08703558532184,865.7073314343924,6.29577223804673,2.149314737399871,1.51875,94.2886119023365,84.25854831732222,10.637619308048937,1
36,97,1144.9240628460989,165.35165714673235,865.2182249169363,6.3155772923588644,2.173242336321061,1.51875,94.34300003425308,84.1938207316167,10.757744929620136,1
36,98,1146.9326916372434,165.61292601671744,864.7361540070616,6.33532371660782,2.172972919103202,1.51875,94.39340652772995,84.3041819142567,10.688484487006344,1
36,99,1148.9134971139551,165.87101719401653,864.2607606926508,6.35501449422791,2.1699562120968774,1.51875,94.44009668983806,84.93325555419112,10.066530498025097,1
36,100,1150.8679381771544,166.12610333219004,863.791694837483,6.374652543020976,2.12511411227334,1.51875,94.48332206500683,84.9304871767796,10.110604368519827,1
36,101,1152.7974348017465,166.37835379439187,863.3286156475808,6.394240702936826,2.1423585671553407,1.51875,94.52332053561155,85.22390163751302,9.838227059104401,1
36,102,1154.7033632240027,166.62793388184843,862.8711928262394,6.413781726448005,2.138917852097318,1.51875,94.56031653872965,85.12330088126798,9.97989008803338,1
36,103,1156.5870522687462,166.87500421667679,862.4191074555009,6.433278271204159,2.1707651755212414,1.51875,94.59452137650452,85.39140341553637,9.729017946333226,1
36,104,1158.449780669844,167.1197202607727,861.9720526392374,6.452732894673021,2.15991173034982,1.51875,94.62613360029329,85.52298061361446,9.620125688671916,1
36,105,1160.2927752491364,167.36223195374993,861.5297339402073,6.472148050498273,2.176716549050535,1.51875,94.65533945134962,85.57707233855756,9.590866363601238,1
36,106,1162.1172098308796,167.60268345424151,861.0918696405889,6.491526086328426,2.131100413241041,1.51875,94.68231334317399,86.37637853997049,8.772424869995326,1
36,107,1163.924204780612,167.8412129702401,860.6581908526531,6.510869242894557,2.1344843560480795,1.51875,94.70721837283995,86.57549958903459,8.58616578917216,1
36,108,1165.7148270688972,168.0779526655065,860.2284415034648,6.530179654137795,2.161220095457881,1.51875,94.73020685056862,86.24221869738493,8.960170610176117,1
36,109,1167.490090771365,168.31302863039312,859.8023782148724,6.549459348209396,2.1071174144256415,1.51875,94.75142083857892,86.410277780902,8.803185201715458,1
36,110,1169.2509579268105,168.54656090668266,859.3797700975654,6.568710249186955,2.145415884936653,1.51875,94.77099269179439,86.96640178800901,8.235210671652204,1
36,111,1170.9983396846872,168.7786635572262,858.9603984756751,6.587934179369375,2.175152227390787,1.51875,94.78904559435132,86.60292042499157,8.636151063691672,1
36,112,1172.7330976821283,169.00944477226074,858.5440565562892,6.607132862030923,2.159406919145748,1.51875,94.80569408703957,87.19277822282412,8.03001964969125,1
36,113,1174.4560455986527,169.23900700529765,858.1305490563233,6.626307924530639,2.1648515379141933,1.51875,94.82104458183245,87.28347899190958,7.949253905780175,1
36,114,1176.1679508439256,169.4674471323955,857.7196917974578,6.645460901687851,2.104533330046749,1.51875,94.8351958605411,87.20444211210419,8.04633098418254,1
36,115,1177.869536340434,169.69485662946406,857.3113112782959,6.664593239347535,2.120269132367646,1.51875,94.84823955537536,87.36748691419001,7.887075897510834,1
36,116,1179.5614823687067,169.92132176299629,856.9052442315104,6.683706298070748,2.1629833685886624,1.51875,94.860260609824,87.71781949597441,7.529434420623861,1
36,117,1181.2444284478058,170.14692379029503,856.5013371725266,6.702801356895612,2.166345101193933,1.51875,94.87133771879432,87.89460664643569,7.353887106597126,1
36,118,1182.9189752283196,170.37173916585562,856.0994459452033,6.721879617123307,2.1174167650726066,1.51875,94.88154374738872,87.15913921624276,8.13899545279952,1
36,119,1184.5856863790102,170.59583975109044,855.6994352690376,6.740942206091354,2.1463594590995765,1.51875,94.8909461280546,88.03621640939863,7.223797420467866,1
37,0,875.0,131.25,950.0,4.25,1.8901003080545222,1.6921875,69.89960723613572,59.06370482014839,15.50209342290201,1
37,1,874.9886402216723,131.23257856908293,950.0027263467987,4.263675197110011,1.917720024332087,1.6921875,69.8909461280546,59.532681749272705,14.820609753663112,1
37,2,874.9753216140393,131.20985168814747,950.0059228126306,4.277346476561412,1.8701434388860352,1.6921875,69.88154374738872,59.18592546392163,15.305354904765906,1
37,3,874.9597930371232,131.18447082108042,950.0096496710904,4.291013336074246,1.9200588122905127,1.6921875,69.87133771879432,58.76965448336337,15.888751522278028,1
37,4,874.9417752540934,131.1571166113989,950.0139739390175,4.304675217174854,1.895100228031266,1.6921875,69.860260609824,58.49599511785029,16.26713870342422,1
37,5,874.9209581017581,131.128119331845,950.018970055578,4.318331499536849,1.8922875521487872,1.6921875,69.84823955537537,59.050803137476386,15.458423127957044,1
37,6,874.8969974128382,131.09766679906684,950.0247206209189,4.331981494825676,1.9341877752922523,1.6921875,69.8351958605411,59.518683076463425,14.772655330815512,1
37,7,874.8695116742529,131.06587167848684,950.0313171981793,4.345624440015173,1.881719436029524,1.6921875,69.82104458183245,59.40595218852753,14.916838405501236,1
37,8,874.8380784058663,131.03280032180928,950.0388611825921,4.359259490145066,1.8633185209575949,1.6921875,69.80569408703956,58.775873843142044,15.800745753125256,1
37,9,874.8022302447043,130.99848716547908,950.0474647412709,4.372885710489409,1.8962692239202759,1.6921875,69.78904559435132,59.050375298006784,15.387329350745151,1
37,10,874.7614507206191,130.96294261836994,950.0572518270515,4.386502068107905,1.9044356328727494,1.6921875,69.77099269179439,59.08781084971856,15.311781343383776,1
37,11,874.7151697108717,130.92615762409815,950.0683592693908,4.4001074227550765,1.8986462775516075,1.6921875,69.75142083857892,59.25763498899419,15.044547800495426,1
37,12,874.6627585632108,130.88810635970555,950.0809379448294,4.413700517126421,1.9161421388100262,1.6921875,69.73020685056862,58.89268329328902,15.542078600891498,1
37,13,874.6035248798875,130.84874780983358,950.095154028827,4.4272799664264415,1.9191532998656187,1.6921875,69.70721837283995,59.597741795086414,14.502768599489107,1
37,14,874.5367069587954,130.80802661910175,950.1111903298892,4.440844247250924,1.8888402569660183,1.6921875,69.68231334317399,59.450203820813044,14.683940632064665,1
37,15,874.4614678927338,130.76587345572415,950.1292477057439,4.454391685785468,1.890635919729812,1.6921875,69.65533945134962,59.36610424513345,14.771638882619511,1
37,16,874.3768893338222,130.72220502828966,950.1495465598827,4.467920445334311,1.8913867060547465,1.6921875,69.62613360029329,59.16652427683219,15.02253361289192,1
37,17,874.2819649375601,130.6769238462863,950.1723284149856,4.481428513208454,1.905898088273771,1.6921875,69.59452137650452,58.40524638882651,16.07781010109161,1
37,18,874.1755935101181,130.629917784974,950.1978575575716,4.494913687020237,1.9406164735115248,1.6921875,69.56031653872965,58.69143496314328,15.625118050655818,1
37,19,874.0565718933979,130.58105949734764,950.2264227455845,4.508373560453462,1.8769134398346758,1.6921875,69.52332053561155,58.70773476537737,15.556773880922691,1
37,20,873.9235876354309,130.53020570528165,950.2583389674966,4.521805508604195,1.952930370727074,1.6921875,69.48332206500683,58.573605455239566,15.701201792799157,1
37,21,873.7752115090208,130.4771963958083,950.293949237835,4.535206673018042,1.9058702964154843,1.6921875,69.44009668983806,58.56322934871908,15.6636696370135,1
37,22,873.6098899593811,130.42185394530904,950.3336264097485,4.548573946585429,1.8832712612985127,1.6921875,69.39340652772995,58.3890213732859,15.857969373569583,1
37,23,873.4259375820646,130.36398219327938,950.3777749803045,4.561903958497463,1.9086087901377802,1.6921875,69.34300003425308,58.826009559671036,15.166621676862855,1
37,24,873.2215297558413,130.30336548771763,950.4268328585981,4.575193059511682,1.879678101190346,1.6921875,69.2886119023365,59.096811580313584,14.709199740338907,1
37,25,872.9946955814329,130.2397677257318,950.4812730604561,4.588437307829532,1.9218798403659667,1.6921875,69.22996310327025,58.97260191145675,14.816360910827886,1
37,26,872.743311306097,130.17293141543783,950.5416052865368,4.601632455945527,1.9257188248452946,1.6921875,69.16676109763583,58.728664134180875,15.091203921953971,1
37,27,872.4650944457841,130.10257678846222,950.6083773330118,4.6147739388915685,1.9087529199935012,1.6921875,69.09870024738989,58.693962508579276,15.057790814529302,1
37,28,872.157598850621,130.0284009962345,950.682176275851,4.627856864367908,1.8721587637030581,1.6921875,69.02546246307004,58.80937713083823,14.80045908811928,1
37,29,871.8182109951781,129.95007742762144,950.7636293611573,4.6408760053236895,1.905478984189301,1.6921875,68.94671812254171,58.73402225159032,14.812446696592529,1
37,30,871.4441478115042,129.86725519017565,950.853404525239,4.653825795623009,1.9097829338666805,1.6921875,68.86212729968135,59.14014411712341,14.11804073413068,1
37,31,871.0324564190389,129.77955880216777,950.9522104594306,4.666700329504745,1.8982170264301983,1.6921875,68.77134134267013,58.38721345253278,15.099498842687797,1
37,32,870.5800161396471,129.68658814743262,951.0607961264847,4.679493365612627,1.8973504058726516,1.6921875,68.67400484189412,58.596408081164306,14.674543568459605,1
37,33,870.0835432161397,129.5879187496182,951.1799496281265,4.69219833643228,1.9219771975407756,1.6921875,68.56975802651336,58.64943515601467,14.467489978107945,1
37,34,869.539598676271,129.48310242636046,951.310496317695,4.704808364019208,1.879341638901427,1.6921875,68.45823962624122,58.78145281865448,14.135313528975797,1
37,35,868.9445997983861,129.37166838682992,951.4532960483873,4.717316282930105,1.9152079828376887,1.6921875,68.33909023041447,58.553056583369326,14.319818443661175,1
37,36,868.2948356362559,129.25312483756102,951.6092394472986,4.729714671272512,1.9212703553345682,1.6921875,68.21195616966824,58.80851183763557,13.785624779097146,1
37,37,867.5864870454325,129.12696116097655,951.7792431090962,4.741995890757532,1.8947566162560963,1.6921875,68.07649393611221,58.12596016712961,14.616695416660097,1
37,38,866.815651617707,128.99265072801367,951.9642436117504,4.754152136568747,1.9020678976677867,1.6921875,67.93237514552597,58.50125998876752,13.883093497842433,1
37,39,865.9783738699439,128.84965440017416,952.1651902712134,4.766175497739888,1.9001983272877445,1.6921875,67.77929202952465,57.97539176644531,14.464447723662802,1
37,40,865.0706809449428,128.6974247666116,952.3830365732138,4.778058028556552,1.9055588655122262,1.6921875,67.61696342678627,57.593703869823635,14.823587231650142,1
37,41,864.0886239618786,128.5354111480353,952.6187302491492,4.789791831257091,1.895816204617621,1.6921875,67.44514122034231,58.37295799831864,13.45120353797611,1
37,42,863.0283250002078,128.3630653808783,952.8732019999501,4.801369150000416,1.9204141934109074,1.6921875,67.26361714290465,56.9248023431419,15.370589984474762,1
37,43,861.8860295131326,128.17984837214422,953.1473529168481,4.812782475692932,1.8984537439727478,1.6921875,67.0722298447924,58.123911735166345,13.34131596688047,1
37,44,860.6581637463345,127.9852373876743,953.4420407008797,4.8240246608260025,1.8787837846131654,1.6921875,66.87087209010933,57.71900656545389,13.685877331348676,1
37,45,859.3413964888455,127.77873400464054,953.7580648426771,4.835089042977691,1.9264597611800018,1.6921875,66.65949791762037,57.618670776897815,13.562699124880083,1
37,46,857.932704212782,127.55987262364766,954.0961509889323,4.845969575092231,1.934278259439918,1.6921875,66.43812957484147,57.435764632449455,13.549997569168465,1
37,47,856.4294383776898,127.32822939813086,954.4569347893545,4.856660960088713,1.9305030294941723,1.6921875,66.20686400906004,57.545679691149765,13.08200357703854,1
37,48,854.8293933972503,127.08343140043614,954.84094558466,4.8671587867945005,1.8847388803178065,1.6921875,65.96587867945007,57.79588054773061,12.385188062786478,1
37,49,853.130873507909,126.82516580717878,955.2485903581019,4.877459663682485,1.8781759269901808,1.6921875,65.71543644236584,56.99308177216483,13.272915988088654,1
37,50,851.3327565597974,126.55318885366187,955.6801384256486,4.887561346452928,1.9121038142076012,1.6921875,65.45588925948111,57.14068985800774,12.703516055690796,1
37,51,849.4345525905392,126.2673342810105,956.1357073782706,4.897462855181079,1.9077847011868694,1.6921875,65.1876804876309,56.8521265672641,12.787008002146106,1
37,52,847.4364549622227,125.96752098299002,956.6152508090665,4.907164576591112,1.8783175558345284,1.6921875,64.91134553148726,56.58524592470332,12.82687878152996,1
37,53,845.3393818589105,125.65375955479057,957.1185483538615,4.9166683470511545,1.9287134116907452,1.6921875,64.62751067633097,56.25435706047916,12.956020629955004,1
37,54,843.1450060701565,125.326157455477,957.6451985431625,4.925977512140313,1.9351947747288107,1.6921875,64.33688996802782,56.58210024045328,12.053410930227242,1
37,55,840.8557712325266,124.98492252068603,958.1946149041936,4.9350969591317195,1.8903693279447498,1.6921875,64.04028006967738,55.670284247916456,13.069892593621022,1
37,56,838.4748930654525,124.63036460288083,958.7660256642914,4.944033119464239,1.86489171437945,1.6921875,63.73855309693472,55.956161281648406,12.209865830262444,1
37,57,836.0063446101415,124.26289517225696,959.358477293566,4.952793939220283,1.8927645447466603,1.6921875,63.43264751328697,55.92628602415904,11.833593241643598,1
37,58,833.4548250415226,123.88302478018825,959.9708419900346,4.961388816749712,1.9366883127485854,1.6921875,63.123557248252,55.886837972826136,11.464371766890972,1
37,59,830.8257122452998,123.49135836565277,960.601829061128,4.969828507823933,1.8997316504069204,1.6921875,62.81231928059115,55.85467594774645,11.076876976575186,1
37,60,828.125,123.08858846909884,961.25,4.978125,1.905318504596594,1.6921875,62.5,55.762294940036796,10.780328095941128,1
37,61,825.3592212379104,122.6754865026903,961.9137869029015,4.986291359142488,1.8888637001944646,1.6921875,62.18768071940886,54.708366403752116,12.027003144567248,1
37,62,822.5353594383726,122.25289230549495,962.5915137347906,4.994341552210079,1.8622987805367146,1.6921875,61.876442751748,54.779074699653705,11.470226368004642,1
37,63,819.6607506940543,121.8217022818026,963.281419833427,5.002290251388109,1.8776125955946699,1.6921875,61.56735248671303,54.22390650653197,11.927500020024189,1
37,64,816.7429793537685,121.38285647588256,963.9816849550956,5.010152625374204,1.9229918143898481,1.6921875,61.26144690306528,53.890777704829965,12.031497084778312,1
37,65,813.7897703615595,120.9373249736836,964.6904551132258,5.017944124056452,1.9043765955117582,1.6921875,60.95971993032263,54.13767742087912,11.191066030554515,1
37,66,810.8088814698087,120.48609403919181,965.4058684472459,5.025680262939618,1.9041480490284444,1.6921875,60.66311003197218,54.34601412005038,10.413405953951933,1
37,67,807.8079984047735,120.03015238988495,966.1260803828544,5.033376413476214,1.885791599989594,1.6921875,60.37248932366903,54.098694337380046,10.391810999632481,1
37,68,804.794635818632,119.5704779929804,966.8492874035284,5.041047604970597,1.8671013249388708,1.6921875,60.08865446851274,53.629972087112755,10.748588795218279,1
37,69,801.776046495153,119.10802572436901,967.5737488411633,5.048708342990306,1.931832893639234,1.6921875,59.81231951236911,52.03675716303363,12.999934482941269,1
37,70,798.7591408162835,118.64371617873508,968.2978062040919,5.056372448299234,1.90159756755921,1.6921875,59.54411074051889,52.960681365285495,11.05639045299146,1
37,71,795.7504179783359,118.17842585655626,969.0198996851993,5.064052919290005,1.9037423962459206,1.6921875,59.28456355763416,53.278779534621194,10.130434741540052,1
37,72,792.7559099041245,117.71297888591134,969.7385816230101,5.071761819808249,1.8870328087352402,1.6921875,59.03412132054993,52.16592746293929,11.634278115730682,1
37,73,789.7811382644393,117.24814036863135,970.4525268165346,5.079510193195545,1.9038878797169951,1.6921875,58.79313599093996,52.64325219928185,10.460207110921607,1
37,74,786.8310845272638,116.78461137518863,971.1605397134567,5.087308002387861,1.9134781237239082,1.6921875,58.56187042515854,52.09735446830638,11.038779857815069,1
37,75,783.9101725185909,116.32302555399215,971.8615585955382,5.095164095037182,1.8977208060055684,1.6921875,58.340502082379636,51.248363837051585,12.156457336129206,1
37,76,781.0222626199678,115.86394727076015,972.5546569712077,5.103086191906602,1.914022676634156,1.6921875,58.12912790989067,51.853925988406814,10.795279659470221,1
37,77,778.1706564532276,115.40787115377464,973.2390424512254,5.1110808962397885,1.8884587546987464,1.6921875,57.927770155207604,51.26438538026226,11.502919510093236,1
37,78,775.3581107138997,114.95522289163645,973.914053428664,5.119153721427799,1.8813408456426022,1.6921875,57.73638285709534,51.44376000975729,10.89888651825153,1
37,79,772.5868587075997,114.50636111142818,974.579153910176,5.127309134081866,1.894988100447924,1.6921875,57.554858779657685,50.938109787137044,11.49642121067853,1
37,80,769.8586381101144,114.06158015615567,975.2339268535725,5.135550609553562,1.9148907083886904,1.6921875,57.38303657321373,50.8891391250626,11.316754629856007,1
37,81,767.1747235008856,113.62111357975095,975.8780663597875,5.143880697001771,1.9135710487571522,1.6921875,57.220707970475345,50.638312335837696,11.503520085829807,1
37,82,764.5359622986324,113.1851381842992,976.5113690483282,5.152301091263931,1.9062477927642658,1.6921875,57.06762485447403,50.43586062734146,11.62088705118529,1
37,83,761.9428128440298,112.75377843592106,977.1337249174328,5.160812709021393,1.911363741248792,1.6921875,56.923506063887785,50.33739854913945,11.57010165072484,1
37,84,759.395383515403,112.32711111134113,977.7451079563033,5.169415767030806,1.8778112668468907,1.6921875,56.788043830331766,49.78794271818377,12.3267164001326,1
37,85,756.8934719182051,111.90517004517032,978.3455667396307,5.178109860503077,1.8982382607917718,1.6921875,56.66090976958552,49.92966801760899,11.879868818466683,1
37,86,754.4366033482557,111.4879508670709,978.9352151964187,5.186894040029845,1.9342538933183366,1.6921875,56.54176037375878,49.39328251791114,12.642828607729856,1
37,87,752.0240678847227,111.07541563722175,979.5142237076666,5.195766885769445,1.9198784595694156,1.6921875,56.430241973486645,49.272947665912746,12.683437208964484,1
37,88,749.6549556159706,110.66749730705224,980.082810652167,5.204726577898608,1.9297157627747048,1.6921875,56.325995158105876,49.84657451694622,11.503428608712655,1
37,89,747.3281896356624,110.264103949472,980.641234487441,5.213770962604658,1.8673451521892386,1.6921875,56.22865865732988,48.949839170633716,12.945034899471693,1
37,90,745.0425565654873,109.8651227184038,981.189786424283,5.222897613130975,1.8553005324214609,1.6921875,56.13787270031865,48.35920917473476,13.856356059498031,1
37,91,742.7967344634067,109.4704235111021,981.7287837287824,5.23210388559348,1.8697549212567377,1.6921875,56.05328187745829,48.896181781583074,12.768387248978241,1
37,92,740.5893180622454,109.07986231842975,982.258563665061,5.241386969457825,1.9110450989483538,1.6921875,55.97453753692996,48.816672432476174,12.787716378596759,1
37,93,738.4188413534105,108.69328425799182,982.7794780751815,5.250743932706821,1.91446375642931,1.6921875,55.901299752610115,48.56180541398505,13.129380481501906,1
37,94,736.2837975856493,108.31052629289263,983.2918885794442,5.260171761837965,1.9045425670887053,1.6921875,55.83323890236418,48.20916196225327,13.655086271178297,1
37,95,734.1826567905548,107.9314196450411,983.7961623702669,5.269667396914443,1.9226973807027072,1.6921875,55.77003689672975,48.10941241665081,13.736093620063826,1
37,96,732.1138809766351,107.55579191656783,984.2926685656076,5.27922776195327,1.9128090056935836,1.6921875,55.7113880976635,47.24409104281842,15.198503113944483,1
37,97,730.0759371539011,107.18346893623422,984.7817750830637,5.288849790974469,1.8788040444446301,1.6921875,55.65699996574692,48.05785541075227,13.653528863703409,1
37,98,728.0673083627568,106.81427634990689,985.2638459929384,5.298530450058847,1.888936727393148,1.6921875,55.60659347227005,47.20343945280409,15.11179429406416,1
37,99,726.0865028860451,106.4480409754357,985.7392393073492,5.30826675577209,1.9151312726914391,1.6921875,55.55990331016194,47.495774275107436,14.514296380317083,1
37,100,724.1320618228455,106.08459194278535,986.208305162517,5.318055790312358,1.8941666426355401,1.6921875,55.51667793499317,47.78581161986668,13.925304255738952,1
37,101,722.2025651982535,105.72376164018986,986.6713843524192,5.32789471372984,1.92905410822012,1.6921875,55.476679464388454,47.16110623998398,14.989313175714491,1
37,102,720.2966367759975,105.36538648656534,987.1288071737606,5.337780773551994,1.9167529321581978,1.6921875,55.43968346127035,46.39435980726891,16.31561201160251,1
37,103,718.4129477312537,105.00930754955057,987.5808925444991,5.347711312129174,1.9241726067197573,1.6921875,55.40547862349548,46.60606695000651,15.881843983850107,1
37,104,716.5502193301561,104.65537102744561,988.0279473607626,5.357683771993646,1.8732625873534752,1.6921875,55.37386639970671,46.21755377588979,16.53544030630561,1
37,105,714.7072247508636,104.30342861206951,988.4702660597927,5.367695699501727,1.865054388266239,1.6921875,55.34466054865038,46.93406970929514,15.196752055172452,1
37,106,712.8827901691205,103.95333774822652,988.9081303594111,5.377744747004908,1.914928320247509,1.6921875,55.31768665682601,46.28501455407105,16.328723503553025,1
37,107,711.075795219388,103.60496180410618,989.3418091473469,5.38782867377211,1.919403406796576,1.6921875,55.29278162716005,46.20616861545935,16.43363336822491,1
37,108,709.2851729311029,103.2581701655886,989.7715584965352,5.397945345862206,1.9087784148915843,1.6921875,55.26979314943137,46.09910776004287,16.59258134835783,1
37,109,707.5099092286351,102.91283826610997,990.1976217851276,5.408092735123937,1.8999061634844658,1.6921875,55.24857916142108,45.83312973459923,17.041975684682324,1
37,110,705.7490420731895,102.56884756248836,990.6202299024345,5.418268917479712,1.8871090734857905,1.6921875,55.22900730820562,46.128640815672476,16.4775123364947,1
37,111,704.0016603153128,102.22608546592758,991.0396015243249,5.428472070630626,1.9164010053970368,1.6921875,55.210954405648685,45.73577377296609,17.161776561705626,1
37,112,702.2669023178718,101.88444523631946,991.4559434437108,5.43870047130241,1.871794621176441,1.6921875,55.19430591296044,46.4379040761933,15.864683307324654,1
37,113,700.5439544013473,101.54382584695391,991.8694509436766,5.448952492136028,1.9030393592264365,1.6921875,55.178955418167554,45.688348281058126,17.199686121612707,1
37,114,698.8320491560744,101.2041318258248,992.2803082025422,5.459226598312149,1.8770788300935601,1.6921875,55.164804139458894,45.81260544601468,16.95319840128766,1
37,115,697.130463659566,100.86527307888527,992.6886887217041,5.469521343985798,1.9296633313249838,1.6921875,55.151760444624635,44.85265254144599,18.67412358218285,1
37,116,695.4385176312933,100.52716469985641,993.0947557684896,5.4798353685959205,1.9002577135093033,1.6921875,55.139739390176004,45.163177745934526,18.093233219051008,1
37,117,693.7555715521942,100.18972677052352,993.4986628274734,5.490167393104389,1.9500743623927486,1.6921875,55.12866228120568,45.56677818698354,17.344669176712365,1
37,118,692.0810247716804,99.85288415485982,993.9005540547967,5.500516216210027,1.8732898577824284,1.6921875,55.11845625261128,44.73109848568959,18.845516498712858,1
37,119,690.4143136209899,99.5165662897913,994.3005647309624,5.5108807105753135,1.8844455457582,1.6921875,55.109053871945406,44.947862226895296,18.438334413545267,1
38,0,750.0,112.5,1000.0,4.0,1.9488434010316096,1.875,59.89960723613573,48.6020888560453,18.860755356130213,1
38,1,749.9886402216723,112.48497764376818,1000.0027263467987,4.011643947110011,1.9548532007974257,1.875,59.8909461280546,48.436497880950526,19.12550892519377,1
38,2,749.9753216140393,112.46536331443635,1000.0059228126306,4.023283976561412,1.9646244567431514,1.875,59.88154374738872,48.18671394741304,19.529940392503093,1
38,3,749.9597930371232,112.44343662576597,1000.0096496710904,4.034919586074246,1.9313477587407164,1.875,59.87133771879432,47.563729351496185,20.556761943594644,1
38,4,749.9417752540934,112.4197790035017,1000.0139739390175,4.046550217174853,1.9372592116578686,1.875,59.860260609824,48.51942826395497,18.945511146017,1
38,5,749.9209581017581,112.39466970436138,1000.018970055578,4.058175249536849,1.9448255342546805,1.875,59.848239555375365,48.16283441878326,19.52506075935622,1
38,6,749.8969974128382,112.36826480925383,1000.0247206209189,4.069793994825677,1.9560108541407932,1.875,59.835195860541106,48.33507535858452,19.21965882548477,1
38,7,749.8695116742529,112.34065510871874,1000.0313171981793,4.081405690015172,1.9544488762546766,1.875,59.821044581832446,48.499796191024075,18.92519341637611,1
38,8,749.8380784058663,112.3118908597669,1000.0388611825921,4.093009490145066,1.967610521192563,1.875,59.80569408703956,48.46397527821341,18.96427920779537,1
38,9,749.8022302447043,112.28199410636502,1000.0474647412709,4.1046044604894085,1.951319195473188,1.875,59.789045594351315,48.32347873830252,19.1767015881786,1
38,10,749.7614507206191,112.25096538973825,1000.0572518270515,4.116189568107905,1.9290625390129226,1.875,59.77099269179438,48.47290583850186,18.90229080107544,1
38,11,749.7151697108717,112.21878759049604,1000.0683592693908,4.127763672755076,1.9691749559652967,1.875,59.75142083857892,48.169604580121494,19.38333197087683,1
38,12,749.6627585632108,112.18542816054156,1000.0809379448294,4.139325517126421,1.9341576154387508,1.875,59.73020685056863,48.33049147111173,19.085343882997748,1
38,13,749.6035248798875,112.15084038066294,1000.095154028827,4.1508737164264415,1.9528182682133368,1.875,59.70721837283995,48.43670153098462,18.876305326228596,1
38,14,749.5367069587954,112.1149639901789,1000.1111903298892,4.162406747250924,1.9573816051431705,1.875,59.68231334317399,48.9239687262324,18.026018118769926,1
38,15,749.4614678927338,112.07772538904163,1000.1292477057439,4.173922935785468,1.9263423158147785,1.875,59.65533945134962,48.48434447439552,18.725892903625695,1
38,16,749.3768893338222,112.03903753448549,1000.1495465598827,4.185420445334311,1.9455331375782459,1.875,59.62613360029329,48.3162645510215,18.96797321303449,1
38,17,749.2819649375601,111.99879961024554,1000.1723284149856,4.196897263208453,1.951242046488038,1.875,59.594521376504524,48.228091482848455,19.072944343063973,1
38,18,749.1755935101181,111.95689652072733,1000.1978575575716,4.208351187020236,1.9455812566474422,1.875,59.56031653872966,47.90418658585259,19.570295509254986,1
38,19,749.0565718933979,111.91319824732297,1000.2264227455845,4.2197798104534625,1.928344036452386,1.875,59.523320535611546,48.58748070028424,18.372361852334205,1
38,20,748.9235876354309,111.86755909512807,1000.2583389674966,4.231180508604195,1.959302001666591,1.875,59.48332206500683,48.366033665364505,18.689757084334847,1
38,21,748.7752115090208,111.81981685329735,1000.293949237835,4.2425504230180415,1.9300593469267076,1.875,59.44009668983806,48.50147010189711,18.40277388009536,1
38,22,748.6098899593811,111.7697918898587,1000.3336264097485,4.253886446585429,1.9638500896444353,1.875,59.39340652772995,48.14504756570738,18.938733471653745,1
38,23,748.4259375820646,111.71728620120926,1000.3777749803045,4.265185208497463,1.9100199482814662,1.875,59.34300003425308,48.34689884040497,18.529735920834987,1
38,24,748.2215297558413,111.66208243726928,1000.4268328585981,4.276443059511682,1.9573957075626514,1.875,59.2886119023365,48.41126517383963,18.346435140722537,1
38,25,747.994695581433,111.60394292507728,1000.481273060456,4.287656057829532,1.9704219259591012,1.875,59.22996310327026,48.69954419346312,17.778871297702572,1
38,26,747.743311306097,111.54260871627633,1000.5416052865368,4.298819955945527,1.9330123960815657,1.875,59.16676109763582,48.2400336774859,18.467678841028416,1
38,27,747.4650944457841,111.4777986873227,1000.6083773330118,4.309930188891568,1.9291896451742416,1.875,59.098700247389885,47.85019592607771,19.033420826897068,1
38,28,747.157598850621,111.40920872522283,1000.682176275851,4.3209818643679085,1.9198515559184626,1.875,59.02546246307004,48.34183864577189,18.10002560163334,1
38,29,746.8182109951781,111.33651103605177,1000.7636293611573,4.33196975532369,1.9451780924282314,1.875,58.94671812254171,48.389028005800526,17.910564748987845,1
38,30,746.4441478115042,111.259353618286,1000.853404525239,4.342888295623008,1.9897527702138316,1.875,58.86212729968135,48.280161240496405,17.977546080367755,1
38,31,746.0324564190389,111.17735994792667,1000.9522104594306,4.353731579504744,1.9233619304324945,1.875,58.77134134267012,48.35736733398415,17.7194764842385,1
38,32,745.5800161396471,111.09012892728758,1001.0607961264847,4.364493365612628,1.9229900961676802,1.875,58.674004841894124,48.53778576341236,17.27548529505583,1
38,33,745.0835432161397,110.99723515390806,1001.1799496281265,4.375167086432279,1.8996913588410622,1.875,58.569758026513355,47.79420650448839,18.397807819433172,1
38,34,744.539598676271,110.89822957000875,1001.310496317695,4.385745864019208,1.9515631074767221,1.875,58.45823962624122,48.31297272276876,17.35472530192026,1
38,35,743.9445997983861,110.79264055584848,1001.4532960483873,4.396222532930105,1.9255806794886987,1.875,58.33909023041448,47.637762968138574,18.343322153311327,1
38,36,743.2948356362559,110.67997553182026,1001.6092394472986,4.406589671272512,1.94208768584723,1.875,58.211956169668234,48.433446869932006,16.798111493170182,1
38,37,742.5864870454325,110.5597231336383,1001.7792431090962,4.416839640757532,1.9083527893478662,1.875,58.076493936112215,47.68754393006888,17.88839046908003,1
38,38,741.815651617707,110.43135602197002,1001.9642436117504,4.426964636568747,1.9443240424090182,1.875,57.93237514552597,47.515225876339265,17.98156772101757,1
38,39,740.9783738699439,110.29433438179292,1002.1651902712134,4.436956747739888,1.9231326176603039,1.875,57.779292029524655,47.60564342049251,17.607776508984408,1
38,40,740.0706809449428,110.14811015705165,1002.3830365732138,4.4468080285565526,1.944974538535492,1.875,57.61696342678627,47.56808364944565,17.44083544095431,1
38,41,739.0886239618786,109.99213205236344,1002.6187302491492,4.45651058125709,1.9684316550618217,1.875,57.445141220342315,47.75119847894813,16.875130838674636,1
38,42,738.0283250002079,109.82585131519178,1002.8732019999501,4.466056650000415,1.946783622478804,1.875,57.26361714290466,47.78675007690479,16.549543215808043,1
38,43,736.8860295131326,109.6487282888801,1003.1473529168481,4.475438725692932,1.9471363998428008,1.875,57.072229844792396,47.262174830418964,17.188841299966413,1
38,44,735.6581637463345,109.4602396992663,1003.4420407008797,4.484649660826002,1.9338572929526148,1.875,56.87087209010933,46.955859272075415,17.43425492460187,1
38,45,734.3413964888455,109.2598866056664,1003.7580648426771,4.493682792977691,1.979217905745324,1.875,56.65949791762037,47.51393395139117,16.14127251802747,1
38,46,732.932704212782,109.04720291159497,1004.0961509889323,4.502532075092231,1.8879287069514925,1.875,56.43812957484146,47.45870900185662,15.910202270394901,1
38,47,731.4294383776898,108.82176429289557,1004.4569347893545,4.511192210088713,1.9098016892056902,1.875,56.20686400906004,47.122721767088485,16.1619802174113,1
38,48,729.8293933972503,108.5831973626567,1004.84094558466,4.5196587867945,1.8950398269442756,1.875,55.96587867945007,46.709546098699974,16.53924283716982,1
38,49,728.130873507909,108.33118885549821,1005.2485903581019,4.527928413682485,1.9659390121693392,1.875,55.71543644236584,47.189881360884556,15.30196230321276,1
38,50,726.3327565597974,108.06549458100105,1005.6801384256486,4.535998846452928,1.9452558498705819,1.875,55.45588925948111,46.85962032787326,15.501092934215595,1
38,51,724.4345525905392,107.78594786992815,1006.1357073782706,4.543869105181078,1.9108489374983342,1.875,55.18768048763089,46.61922374293015,15.526031659586003,1
38,52,722.4364549622227,107.49246722019738,1006.6152508090665,4.551539576591112,1.9561397568801393,1.875,54.91134553148726,47.119614417118164,14.189656142920699,1
38,53,720.3393818589105,107.18506284488298,1007.1185483538615,4.559012097051154,1.926655956020874,1.875,54.627510676330964,46.177681787830004,15.468083359255298,1
38,54,718.1450060701565,106.86384183393828,1007.6451985431625,4.566290012140313,1.9406826442475444,1.875,54.33688996802782,46.23437043948345,14.911636520441169,1
38,55,715.8557712325266,106.52901166621733,1008.1946149041936,4.57337820913172,1.956730555778815,1.875,54.04028006967738,46.189985816807614,14.526746054513245,1
38,56,713.4748930654525,106.1808818491004,1008.7660256642914,4.580283119464238,1.9588795852007588,1.875,53.73855309693472,45.25672213466198,15.783511973188116,1
38,57,711.0063446101415,105.81986351881379,1009.358477293566,4.587012689220282,1.8868564044081884,1.875,53.43264751328697,45.31061212467992,15.200510861056182,1
38,58,708.4548250415226,105.44646690332873,1009.9708419900346,4.5935763167497115,1.9384120051223745,1.875,53.123557248252,45.1378951793806,15.032242723418458,1
38,59,705.8257122452998,105.06129662827621,1010.601829061128,4.599984757823933,1.9299263791544805,1.875,52.81231928059115,45.02454730697644,14.746127569664914,1
38,60,703.125,104.66504493033489,1011.25,4.60625,1.9506691620028898,1.875,52.5,44.637325117293315,14.97652358610797,1
38,61,700.3592212379104,104.25848292702858,1011.9137869029015,4.612385109142488,1.937563786615288,1.875,52.18768071940886,44.716883101043,14.315251253515527,1
38,62,697.5353594383726,103.84245017149482,1012.5915137347906,4.618404052210078,1.9502143287846723,1.875,51.876442751748,44.893703620779064,13.460327579484332,1
38,63,694.6607506940543,103.41784279040894,1013.281419833427,4.624321501388108,1.9728024899769303,1.875,51.56735248671303,44.1331141332738,14.416560081021712,1
38,64,691.7429793537685,102.98560055837126,1013.9816849550956,4.630152625374204,1.8991208498032126,1.875,51.26144690306528,44.01628583964194,14.133742805043806,1
38,65,688.7897703615595,102.5466932992588,1014.6904551132258,4.635912874056452,1.9073480048485054,1.875,50.95971993032263,44.704471615590066,12.274887545075563,1
38,66,685.8088814698087,102.10210702225542,1015.4058684472459,4.641617762939617,1.9216627316376418,1.875,50.66311003197218,43.85167125147076,13.444572937198082,1
38,67,682.8079984047735,101.65283019699713,1016.1260803828544,4.647282663476213,1.957801664147991,1.875,50.37248932366903,43.599463875660796,13.44588194656825,1
38,68,679.794635818632,101.19984054952873,1016.8492874035284,4.652922604970597,1.9806547490406865,1.875,50.08865446851274,43.240074881269756,13.672915872691716,1
38,69,676.776046495153,100.74409272096261,1017.5737488411633,4.6585520929903055,1.9224227068670727,1.875,49.81231951236911,42.77343934657491,14.130801847214409,1
38,70,673.7591408162835,100.28650707733881,1018.2978062040919,4.6641849482992335,1.9541204559065761,1.875,49.54411074051889,42.793463796887465,13.625528529489802,1
38,71,670.7504179783359,99.82795989637923,1019.0198996851993,4.669834169290005,1.921390562226438,1.875,49.28456355763416,42.743114151765425,13.272815936006122,1
38,72,667.7559099041245,99.36927508906268,1019.7385816230101,4.675511819808249,1.9533053265162688,1.875,49.03412132054993,42.50545807661452,13.314530918695763,1
38,73,664.7811382644393,98.91121754555594,1020.4525268165346,4.681228943195545,1.9571122698612147,1.875,48.79313599093996,42.243048215719305,13.4241992079314,1
38,74,661.8310845272638,98.45448812989378,1021.1605397134567,4.686995502387861,1.9272478352708773,1.875,48.56187042515854,42.22769336424538,13.043519546215002,1
38,75,658.9101725185909,97.9997202890764,1021.8615585955382,4.692820345037182,1.9213185769439358,1.875,48.340502082379636,41.43475436899649,14.28563505942635,1
38,76,656.0222626199678,97.54747819225392,1022.5546569712077,4.698711191906602,1.9622393349985157,1.875,48.12912790989067,41.498298800425275,13.777164468635098,1
38,77,653.1706564532276,97.09825627580241,1023.2390424512254,4.704674646239789,1.9724340202034019,1.875,47.927770155207604,41.66711272847104,13.0626928948755,1
38,78,650.3581107138997,96.65248004090907,1023.914053428664,4.710716221427799,1.9306435677364857,1.875,47.73638285709534,41.32490526823354,13.43100839469831,1
38,79,647.5868587075997,96.2105079315737,1024.579153910176,4.716840384081866,1.98968794750344,1.875,47.554858779657685,41.25805001849846,13.24114700946769,1
38,80,644.8586381101144,95.77263411189654,1025.2339268535725,4.723050609553562,1.9507543201493514,1.875,47.38303657321373,40.630965353416435,14.249975746835803,1
38,81,642.1747235008856,95.3390919609347,1025.8780663597875,4.729349447001772,1.976011435938477,1.875,47.220707970475345,41.03707309639599,13.095176120497086,1
38,82,639.5359622986324,94.91005810978969,1026.5113690483283,4.735738591263932,1.9274091013799683,1.875,47.06762485447403,40.982429179630344,12.928622792541992,1
38,83,636.9428128440298,94.48565685735664,1027.1337249174328,4.742218959021393,1.9424153663445494,1.875,46.923506063887785,39.997102111771596,14.761053751366488,1
38,84,634.395383515403,94.06596481676591,1027.7451079563034,4.748790767030806,1.9271499678781316,1.875,46.788043830331766,40.32262742760564,13.818522582760181,1
38,85,631.8934719182051,93.65101566254417,1028.3455667396308,4.755453610503077,1.9224503388773924,1.875,46.66090976958552,39.55031570579221,15.238867177913743,1
38,86,629.4366033482557,93.24080486766366,1028.9352151964185,4.762206540029845,1.930342852366133,1.875,46.54176037375878,39.6297400766392,14.85122230360826,1
38,87,627.0240678847227,92.83529433889693,1029.5142237076666,4.769048135769445,1.9256540315017312,1.875,46.430241973486645,39.40896459367179,15.12220716795803,1
38,88,624.6549556159706,92.43441687744473,1030.0828106521672,4.775976577898607,1.9574589666957303,1.875,46.325995158105876,39.48304961735995,14.771286655346854,1
38,89,622.3281896356624,92.03808040906469,1030.6412344874411,4.7829897126046585,1.9288075269515323,1.875,46.22865865732988,39.093447049134895,15.434606617260455,1
38,90,620.0425565654873,91.64617194350717,1031.189786424283,4.790085113130974,1.9364872184892754,1.875,46.13787270031865,39.04726771097449,15.368296313529846,1
38,91,617.7967344634067,91.25856123674116,1031.7287837287824,4.79726013559348,1.937716616890154,1.875,46.05328187745829,39.17921873454329,14.926326339143372,1
38,92,615.5893180622454,90.8751041411418,1032.258563665061,4.804511969457824,1.9430611101003437,1.875,45.97453753692996,38.834742473868246,15.529889903354722,1
38,93,613.4188413534105,90.49564563853929,1032.7794780751815,4.811837682706821,1.9676560490885042,1.875,45.901299752610115,39.1995682677,14.600308751668905,1
38,94,611.2837975856493,90.12002255889382,1033.2918885794443,4.819234261837965,1.9145009162905424,1.875,45.83323890236418,37.97306272641597,17.149510626321383,1
38,95,609.1826567905548,89.74806599352263,1033.7961623702668,4.826698646914442,1.9321322197220547,1.875,45.77003689672975,38.5509470121241,15.772523629146237,1
38,96,607.1138809766351,89.37960341644185,1034.2926685656075,4.8342277619532705,1.946640070014251,1.875,45.7113880976635,38.501381769151635,15.772888613899694,1
38,97,605.0759371539011,89.01446053070312,1034.7817750830636,4.841818540974469,1.9312730651006602,1.875,45.65699996574692,37.445640208475396,17.984886793770727,1
38,98,603.0673083627568,88.6524628587986,1035.2638459929383,4.8494679500588465,1.911784707388942,1.875,45.60659347227005,38.048422236962104,16.57254063472972,1
38,99,601.0865028860451,88.29343709747221,1035.7392393073492,4.85717300577209,1.960355414125667,1.875,45.55990331016194,37.20979822208086,18.32774980059851,1
38,100,599.1320618228455,87.937212257787,1036.208305162517,4.864930790312358,1.9673334926806634,1.875,45.51667793499317,37.79272094831188,16.96950950091882,1
38,101,597.2025651982535,87.58362061121775,1036.6713843524192,4.87273846372984,1.9377119000489151,1.875,45.476679464388454,37.309328824209416,17.959426097885327,1
38,102,595.2966367759975,87.23249846200441,1037.1288071737606,4.880593273551995,1.9709435635510824,1.875,45.43968346127035,37.66253632698933,17.115319786304674,1
38,103,593.4129477312537,86.88368676513542,1037.5808925444992,4.888492562129174,1.9489368110520353,1.875,45.40547862349548,37.02751767396127,18.45143186135023,1
38,104,591.5502193301561,86.53703160823106,1038.0279473607625,4.896433771993646,1.9714039665525103,1.875,45.37386639970671,37.146671551140486,18.13201188563337,1
38,105,589.7072247508636,86.19238457434821,1038.4702660597927,4.9044144495017274,1.9451006911556648,1.875,45.34466054865038,37.01255247287543,18.375058882258955,1
38,106,587.8827901691205,85.84960300139532,1038.908130359411,4.912432247004908,1.9238093327220747,1.875,45.31768665682601,36.9450022865933,18.475533479093794,1
38,107,586.075795219388,85.50855015248311,1039.3418091473468,4.9204849237721096,1.9530591132436705,1.875,45.29278162716005,36.61678166612118,19.155370125989936,1
38,108,584.2851729311029,85.16909531018226,1039.7715584965354,4.928570345862206,1.9438018752299486,1.875,45.26979314943137,36.637403874995,19.068762355378247,1
38,109,582.5099092286351,84.8311138063431,1040.1976217851275,4.936686485123937,1.9574229686039957,1.875,45.24857916142108,36.42021046389202,19.510819701176654,1
38,110,580.7490420731895,84.49448699787696,1040.6202299024346,4.944831417479712,1.9436517612881905,1.875,45.22900730820562,36.51024649016182,19.27692279123271,1
38,111,579.0016603153128,84.15910219771735,1041.039601524325,4.953003320630626,1.9326890000989512,1.875,45.210954405648685,36.003952338551336,20.36453817030463,1
38,112,577.2669023178718,83.82485256908079,1041.4559434437108,4.96120047130241,1.9258682196294603,1.875,45.19430591296044,36.25104497589907,19.788468384236644,1
38,113,575.5439544013473,83.49163699013714,1041.8694509436766,4.969421242136027,1.9344140197489572,1.875,45.178955418167554,35.9436289163001,20.441655669962007,1
38,114,573.8320491560744,83.15935989527678,1042.280308202542,4.9776640983121485,1.9512032933548171,1.875,45.164804139458894,36.22140701292351,19.801695804813328,1
38,115,572.130463659566,82.82793109832865,1042.6886887217042,4.9859275939857985,1.962954659481399,1.875,45.151760444624635,35.62592307874226,21.09737753761589,1
38,116,570.4385176312933,82.4972656023329,1043.0947557684897,4.99421036859592,1.9575752543904557,1.875,45.139739390176004,36.31632021484897,19.546898795891853,1
38,117,568.7555715521942,82.16728339980229,1043.4986628274735,5.002511143104388,1.9416417460071091,1.875,45.12866228120568,35.542238540383586,21.24242832877956,1
38,118,567.0810247716804,81.83790926681212,1043.9005540547967,5.010828716210027,1.9334851236711545,1.875,45.11845625261128,35.12538789496391,22.148515679919818,1
38,119,565.4143136209899,81.50907255373252,1044.3005647309624,5.019161960575313,1.9559654119425993,1.875,45.109053871945406,35.32926581919409,21.68032182744059,1
39,0,1000.0,150.0,900.0,4.5,1.9568498028617587,1.51875,79.93307149075716,70.98131386511028,11.199066242164847,1
39,1,999.9924268144482,149.98038879710452,900.0018175645324,4.5157140202955635,1.9551869774546922,1.51875,79.92729741870306,71.28537994445666,10.812222799146191,1
39,2,999.9835477426928,149.95486237113536,900.0039485417537,4.531425428818719,1.9817877757568632,1.51875,79.92102916492581,71.27587190993398,10.81712453571087,1
39,3,999.9731953580822,149.92642786510186,900.0064331140603,4.5471338907161645,1.9754247291149516,1.51875,79.91422514586289,70.99197432615286,11.164784246390118,1
39,4,999.9611835027289,149.89586976725658,900.009315959345,4.562839033672124,1.9892159949442934,1.51875,79.90684040654934,70.90778397812217,11.261935001611684,1
39,5,999.947305401172,149.86357831284204,900.0126467037187,4.578540444135677,1.9763758275296677,1.51875,79.89882637025025,71.02754310915786,11.103145896014745,1
39,6,999.9313316085588,149.82978449875458,900.0164804139459,4.594237663217117,1.9665057525279355,1.51875,79.89013057369407,70.5376768363631,11.706644700879366,1
39,7,999.9130077828352,149.79463635155156,900.0208781321196,4.609930182232337,2.009885555664136,1.51875,79.88069638788829,71.15175250192935,10.92747594934894,1
39,8,999.8920522705776,149.75823175468074,900.0259074550614,4.625617437874489,1.9863468499696444,1.51875,79.87046272469304,71.4124735914805,10.589633319599677,1
39,9,999.8681534964696,149.7206349740329,900.0316431608474,4.641298806992939,1.9796737074231026,1.51875,79.85936372956755,71.30230461943063,10.715160640540777,1
39,10,999.8409671470795,149.68188584101887,900.0381678847009,4.656973600960826,1.988540499496116,1.51875,79.84732846119626,70.60277448163936,11.5777874572842,1
39,11,999.8101131405812,149.64200519473914,900.0455728462605,4.672641059614495,2.0219898216330163,1.51875,79.83428055905262,71.23146300304793,10.775844030611966,1
39,12,999.7751723754739,149.600998237017,900.0539586298863,4.688300344750948,1.9826085971774083,1.51875,79.82013790037908,71.11782791104572,10.902399091560614,1
39,13,999.7356832532582,149.5588566371245,900.063436019218,4.703950533173184,1.9769549491176415,1.51875,79.80481224855997,71.14043075510833,10.856966202070083,1
39,14,999.6911379725303,149.5155598424774,900.0741268865927,4.719590609278394,1.9372074464919204,1.51875,79.78820889544933,70.5500361747199,11.578368343666776,1
39,15,999.6409785951558,149.4710758594245,900.0861651371625,4.735219457190312,2.0046142126833386,1.51875,79.77022630089975,70.83060100278409,11.206719239324542,1
39,16,999.5845928892147,149.4253616648737,900.0996977065885,4.750835852445096,1.9891798636953744,1.51875,79.75075573352886,70.48416359091051,11.619441166903556,1
39,17,999.5213099583734,149.37836335099334,900.1148856099904,4.76643845325008,2.0219863577116417,1.51875,79.72968091766968,71.2660470551081,10.615411682509155,1
39,18,999.4503956734121,149.33001607080485,900.1319050383811,4.7820257913468245,1.981015313430093,1.51875,79.70687769248644,70.74847642681445,11.239182270109744,1
39,19,999.3710479289318,149.28024383164734,900.1509484970563,4.7975962625245305,2.0056211050259933,1.51875,79.68221369040769,71.47734464650594,10.296989332877269,1
39,20,999.282391756954,149.2289591706996,900.1722259783311,4.813148116847241,2.004104222913827,1.51875,79.65554804333789,71.5251476190057,10.20694807084714,1
39,21,999.1834743393472,149.17606273890874,900.1959661585566,4.828679448678694,1.9665819912163611,1.51875,79.62673112655871,70.58908938968938,11.350009737942033,1
39,22,999.0732599729208,149.12144281504047,900.222417606499,4.8441881866125085,1.9612501954365327,1.51875,79.59560435181997,70.95349342456997,10.857522846426377,1
39,23,998.9506250547098,149.06497476908666,900.2518499868696,4.859672083442753,1.988541088793687,1.51875,79.56200002283539,70.78644820947439,11.029828072248437,1
39,24,998.8143531705608,149.00652049330623,900.2845552390654,4.875128706341122,2.0012141903600655,1.51875,79.52574126822434,71.19991003926854,10.469353816991706,1
39,25,998.663130387622,148.94592781933633,900.3208487069708,4.89055542744191,1.9545157696118627,1.51875,79.48664206884683,70.60048932093301,11.179429041947882,1
39,26,998.4955408707314,148.88302994083017,900.3610701910245,4.905949415074796,2.001431889680061,1.51875,79.44450739842388,70.66208528177509,11.054788309786947,1
39,27,998.310062963856,148.8176448627732,900.4055848886745,4.921307625927712,1.9690648962704365,1.51875,79.39913349825993,71.0657993053503,10.495497653122703,1
39,28,998.1050659004139,148.74957490086192,900.4547841839006,4.936626798467494,1.95923901640312,1.51875,79.35030830871337,70.64391733135231,10.972094706284858,1
39,29,997.8788073301188,148.67860625697983,900.5090862407715,4.951903447993571,1.9916018983136958,1.51875,79.29781208169447,70.56828633819102,11.008532914514836,1
39,30,997.6294318743361,148.60450869974926,900.5689363501593,4.967133863748672,2.000692130917863,1.51875,79.24141819978756,70.55516690835161,10.96175647631107,1
39,31,997.354970946026,148.52703538224884,900.6348069729538,4.982314108558719,2.013201407666518,1.51875,79.18089422844675,70.6740419706928,10.74356679177002,1
39,32,997.0533440930981,148.44592283210525,900.7071974176565,4.997440021519529,1.9984544205317065,1.51875,79.11600322792941,70.8973253704279,10.388135803351823,1
39,33,996.722362144093,148.3608911521126,900.7866330854176,5.0125072242881865,1.972478217742718,1.51875,79.0465053510089,70.00767187407007,11.434829960921817,1
39,34,996.3597324508473,148.2716444720793,900.8736642117966,5.027511131568361,1.9922441328908762,1.51875,78.97215975082749,70.6294287985996,10.564141817256639,1
39,35,995.9630665322575,148.1778716944915,900.9688640322582,5.042446966397848,1.996145538349102,1.51875,78.89272682027632,70.5081403035061,10.627832063494216,1
39,36,995.5298904241706,148.07924757750988,901.0728262981991,5.057309780848341,1.9764204638215852,1.51875,78.80797077977883,71.12490405481942,9.749098535259817,1
39,37,995.0576580302883,147.97543419844516,901.1861620727308,5.072094482727243,1.5555819365673837,1.51875,78.7176626240748,70.3645078746346,10.611538085590338,1
39,38,994.543767745138,147.86608283882128,901.3094957411669,5.086795868823609,1.5735369806339317,1.51875,78.62158343035064,70.0129470803485,10.949456846831849,1
39,39,993.9855825799626,147.75083632805362,901.443460180809,5.1014086651599255,1.57868696114612,1.51875,78.51952801968311,69.82789891022276,11.069385321931064,1
39,40,993.3804539632952,147.6293318762742,901.5886910488091,5.115927574593257,1.5964535020023243,1.51875,78.41130895119085,70.44737035664524,10.156619881837415,1
39,41,992.7257493079192,147.5012044175964,901.7458201660994,5.130347331949172,1.5944292910225326,1.51875,78.29676081356155,70.00228732866232,10.593635545983618,1
39,42,992.0188833334719,147.36609047287396,901.9154679999667,5.1446627666669436,1.5653002078156144,1.51875,78.17574476193644,70.04119027489061,10.405471047084319,1
39,43,991.2573530087551,147.22363252564324,902.0982352778988,5.1588688726841765,1.6281560104321855,1.51875,78.0481532298616,69.75563692892503,10.624871899933455,1
39,44,990.4387758308897,147.07348388647625,902.2946938005865,5.1729608849951125,1.577509346210562,1.51875,77.91391472673955,69.58946159118152,10.684167474774737,1
39,45,989.5609309925637,146.91531399967417,902.5053765617847,5.186934361985127,1.575240733107711,1.51875,77.77299861174691,68.85569882502546,11.465804258413382,1
39,46,988.6218028085214,146.74881412260746,902.7307673259548,5.200785272283709,1.5931297255147137,1.51875,77.62541971656097,69.35793566322828,10.650485476948566,1
39,47,987.6196255851265,146.57370328287158,902.9712898595697,5.214510084503586,1.5528237554217634,1.51875,77.4712426727067,69.71785507368057,10.008084718328217,1
39,48,986.5529289315002,146.3897343928889,903.22729705644,5.228105857863,1.5633886620967608,1.51875,77.31058578630005,69.30571150971831,10.354176203901254,1
39,49,985.420582338606,146.1967003770544,903.4990602387345,5.241570331343879,1.614357865621371,1.51875,77.14362429491057,68.92661673416634,10.651570542410107,1
39,50,984.2218377065317,145.99444014464396,903.7867589504324,5.254902008746397,1.5543770531056442,1.51875,76.97059283965407,69.2777593635902,9.994509841037157,1
39,51,982.9563683936927,145.78284422428155,904.0904715855138,5.268100236787386,1.6080187650778068,1.51875,76.79178699175392,68.65740840074655,10.592771583608107,1
39,52,981.6243033081485,145.56185986463547,904.4101672060444,5.281165273282964,1.593182812534343,1.51875,76.60756368765817,69.17625425875966,9.700490488376847,1
39,53,980.2262545726071,145.3314954028857,904.7456989025743,5.294098342478548,1.543845808123753,1.51875,76.41834045088731,69.08049503875866,9.602204613229672,1
39,54,978.7633373801043,145.09182370878037,905.096799028775,5.3069016747602085,1.602561135394443,1.51875,76.22459331201854,68.66729817741421,9.914510273172885,1
39,55,977.2371808216843,144.84298452868632,905.4630766027957,5.319578528310036,1.6100759450435596,1.51875,76.02685337978491,68.97531077780901,9.275068332435891,1
39,56,975.6499287103017,144.58518558118865,905.8440171095276,5.332133190753937,1.5870913763119434,1.51875,75.82570206462314,68.34289174815488,9.868435257072816,1
39,57,974.0042297400943,144.31870229298187,906.2389848623774,5.344570959480189,1.5655724599459402,1.51875,75.62176500885798,68.30723324892901,9.67252187127896,1
39,58,972.3032166943483,144.04387610965725,906.6472279933564,5.356898100055363,1.596424196191683,1.51875,75.415704832168,68.09866004927564,9.702282567239678,1
39,59,970.5504748301998,143.76111136835706,907.067886040752,5.369121782993733,1.541078997692359,1.51875,75.20821285372743,68.38064062015303,9.078226930951486,1
39,60,968.75,143.47087077527908,907.5,5.38125,1.5888334822344974,1.51875,75.0,67.76874968471843,9.641667087042094,1
39,61,966.9061474919403,143.17366958733265,907.9425246019343,5.393291461650547,1.602172185566065,1.51875,74.79178714627257,68.19151146463646,8.824866918513052,1
39,62,965.023572958915,142.8700686503304,908.3943424898604,5.405255479251164,1.5289907864078416,1.51875,74.584295167832,67.6434827204103,9.30599723682211,1
39,63,963.1071671293696,142.56066649251395,908.8542798889513,5.417151834258739,1.5564960335813924,1.51875,74.37823499114202,67.51981771802151,9.221000301952987,1
39,64,961.1619862358457,142.24609070895943,909.321123303397,5.428990639138358,1.587587561845091,1.51875,74.17429793537686,67.41824396447772,9.108349062885951,1
39,65,959.1931802410397,141.92698889720506,909.7936367421505,5.440782193815412,1.5750440655077063,1.51875,73.97314662021509,66.48622883119513,10.121129262566694,1
39,66,957.2059209798725,141.60401941591584,910.2705789648306,5.452536841959745,1.576021653972466,1.51875,73.77540668798146,67.00033838614843,9.183369643066621,1
39,67,955.2053322698489,141.27784223621603,910.7507202552363,5.464264831206364,1.605336864371104,1.51875,73.58165954911269,66.3785236654022,9.789308813975167,1
39,68,953.196423879088,140.94911014015918,911.2328582690188,5.475976181091509,1.6055702263350597,1.51875,73.39243631234183,66.3637030019297,9.576917818205974,1
39,69,951.1840309967687,140.61846049426734,911.7158325607755,5.487680561993537,1.59227801542949,1.51875,73.20821300824608,66.22215159837286,9.542729050204128,1
39,70,949.172760544189,140.28650779047757,912.1985374693946,5.499387187755045,1.5886724303518414,1.51875,73.02940716034593,66.46776589042338,8.98493021518794,1
39,71,947.1669453188907,139.953837104961,912.6799331234662,5.511104723971115,1.5604887362518287,1.51875,72.85637570508945,65.8022990011508,9.682168012985416,1
39,72,945.1706066027496,139.62099858010308,913.15905441534,5.522841213205499,1.5887282695444411,1.51875,72.68941421369995,66.57894175282689,8.406275558788861,1
39,73,943.1874255096262,139.28850298933898,913.6350178776897,5.534604017685919,1.567765223554263,1.51875,72.5287573272933,66.28464065085747,8.609159878830729,1
39,74,941.2207230181758,138.95681840110862,914.1070264756378,5.546399779369685,1.6251174838711029,1.51875,72.37458028343903,65.52177216486061,9.468528994214427,1
39,75,939.2734483457273,138.6263679190473,914.5743723970255,5.5582343966914545,1.5790659672736014,1.51875,72.22700138825309,65.14081310304532,9.81099609426712,1
39,76,937.3481750799785,138.2975284421942,915.0364379808051,5.570113016826624,1.583664967190946,1.51875,72.08608527326045,64.76644286926009,10.15402955543142,1
39,77,935.4471043021517,137.97063036242383,915.4926949674835,5.582040041937637,1.5835042374511874,1.51875,71.9518467701384,65.47596040276217,9.000305979726248,1
39,78,933.5720738092664,137.6459580968489,915.942702285776,5.594019147618533,1.5728073165480652,1.51875,71.82425523806356,64.7870565087905,9.797802575116247,1
39,79,931.724572471733,137.32375134046703,916.3861026067841,5.6060533116101325,1.5510062083122547,1.51875,71.70323918643845,64.79747474402882,9.63103553028292,1
39,80,929.9057587400763,137.00420691830092,916.8226179023817,5.618144850813486,1.590318651496627,1.51875,71.58869104880915,64.58181921560156,9.78767977253602,1
39,81,928.1164823339237,136.68748111588818,917.2520442398583,5.630295464667848,1.5806924767931565,1.51875,71.48047198031689,64.31582655256989,10.023220649298295,1
39,82,926.3573081990883,136.37369237123121,917.6742460322188,5.642506283064844,1.5950670224716128,1.51875,71.37841656964936,64.25783937210545,9.975812773313372,1
39,83,924.6285418960199,136.06292421916208,918.0891499449552,5.654777917125373,1.5913284552287061,1.51875,71.2823373759252,64.18202213421074,9.960833921970277,1
39,84,922.9302556769353,135.7552283894781,918.4967386375355,5.6671105113538705,2.007497563539515,1.51875,71.19202922022117,64.51029654741679,9.385506700666607,1
39,85,921.2623146121367,135.45062797220072,918.8970444930872,5.67950379589094,1.9888862546606034,1.51875,71.10727317972368,64.60725519083356,9.141143652719352,1
39,86,919.6244022321705,135.14912057607137,919.2901434642791,5.691957137797674,1.9934343883787309,1.51875,71.02784024917251,64.40892528802549,9.318761401060817,1
39,87,918.0160452564819,134.85068141923057,919.6761491384443,5.704469590512963,1.9971678699653324,1.51875,70.9534946489911,63.332520572132104,10.740801583572681,1
39,88,916.4366370773137,134.55526630339318,920.0552071014447,5.717039940821294,2.0111257130639864,1.51875,70.88399677207059,63.80403472475648,9.988096565829832,1
39,89,914.8854597571083,134.26281443433905,920.427489658294,5.72966675284755,1.983989922379584,1.51875,70.81910577155325,63.69587682303924,10.058343537253874,1
39,90,913.3617043769916,133.9732510619246,920.793190949522,5.742348408753983,1.9781293545584582,1.51875,70.75858180021244,63.54699768557084,10.191815510101069,1
39,91,911.8644896422711,133.6864899219379,921.1525224858549,5.755083145951209,1.9731914964707378,1.51875,70.70218791830553,63.73165215500629,9.859009980502307,1
39,92,910.3928787081636,133.40243546991292,921.5057091100407,5.767869090749661,1.9827572555251785,1.51875,70.64969169128665,63.11892243573264,10.659309439679818,1
39,93,908.9458942356069,133.12098490350294,921.8529853834543,5.780704288471214,1.9665305014832142,1.51875,70.60086650174007,63.18017933854685,10.510759330425962,1
39,94,907.5225317237662,132.84202997525784,922.1945923862961,5.793586730114199,1.9887711598001014,1.51875,70.55549260157612,63.11476405395808,10.545923886656869,1
39,95,906.1217711937032,132.5654586017556,922.5307749135112,5.80651437572074,1.964483980047497,1.51875,70.51335793115317,62.38132748577641,11.532609825951832,1
39,96,904.7425873177566,132.2911562781318,922.8617790437384,5.819485174635513,1.9975408438477307,1.51875,70.47425873177566,63.21828232559611,10.295924408081724,1
39,97,903.3839581026007,132.01900730925982,923.1878500553759,5.832497082871868,1.9645019453498016,1.51875,70.43799997716461,63.109851703964004,10.403685901894328,1
39,98,902.0448722418378,131.7488958702989,923.5092306619589,5.845548077817009,1.9907072389723273,1.51875,70.40439564818003,62.540135519616314,11.170126603830889,1
39,99,900.7243352573634,131.48070691016872,923.8261595382328,5.8586361705147265,1.977078043866684,1.51875,70.37326887344129,62.0058902557824,11.889995663988152,1
39,100,899.4213745485637,131.21432691185143,924.1388701083447,5.871759415763794,2.0047835881160916,1.51875,70.34445195666211,62.10216233096687,11.717042917290991,1
39,101,898.1350434655025,130.94964452336697,924.4475895682795,5.884915920264338,1.9694328842828475,1.51875,70.31778630959231,62.497033381030654,11.122012422474107,1
39,102,896.8644245173316,130.6865510729133,924.7525381158405,5.898103849034663,1.947369348864165,1.51875,70.29312230751356,61.61899563059916,12.339936528878914,1
39,103,895.6086318208356,130.42494098108423,925.0539283629994,5.9113214303083375,1.9846663329274379,1.51875,70.27031908233032,62.08947040679638,11.641968874439103,1
39,104,894.3668128867707,130.16471208234557,925.351964907175,5.924566959106874,1.994723710756978,1.51875,70.24924426647114,61.81579285387716,12.00504219035297,1
39,105,893.1381498339091,129.90576586711734,925.6468440398618,5.937838799667818,2.0356364111704335,1.51875,70.22977369910026,61.76865490887281,12.047765989506315,1
39,106,891.9218601127469,129.64800765492168,925.9387535729408,5.951135386892161,1.980413294755545,1.51875,70.21179110455067,61.45279991015782,12.475100060259177,1
39,107,890.7171968129254,129.39134670814775,926.2278727648979,5.964455226959184,1.987507154128021,1.51875,70.19518775144003,61.78213877241797,11.985221848558226,1
39,108,889.5234486207354,129.1356962950802,926.5143723310235,5.97779689724147,2.0091005788882685,1.51875,70.17986209962092,61.069186135096786,12.981894936743322,1
39,109,888.3399394857568,128.8809737099629,926.7984145234184,5.99115904563818,1.9801091110304856,1.51875,70.16571944094738,61.52874473837093,12.309393777178428,1
39,110,887.1660280487929,128.62710025703024,927.0801532682897,6.004540389430919,1.9967701684894903,1.51875,70.15267153880374,61.312836958203384,12.600852379101141,1
39,111,886.0011068768752,128.37400120465256,927.35973434955,6.0179397137537505,1.9958774971882416,1.51875,70.14063627043245,60.97108161267366,13.073098770311825,1
39,112,884.8446015452478,128.12160571500857,927.6372956291406,6.031355869757162,2.016187126443967,1.51875,70.12953727530696,61.43217328411036,12.401855664687227,1
39,113,883.6959696008983,127.86984675402518,927.9129672957845,6.0447877725351296,1.958130462056296,1.51875,70.11930361211171,60.67048267169195,13.475349088874383,1
39,114,882.554699437383,127.61866098570994,928.1868721350281,6.058234398874766,1.9640905827954613,1.51875,70.10986942630593,61.10691098026621,12.841214111093075,1
39,115,881.4203091063773,127.36798865444558,928.4591258144694,6.071694784879421,1.9593344624692501,1.51875,70.10117362974975,60.706769443800106,13.401208138921685,1
39,116,880.2923450875288,127.11777345831597,928.7298371789931,6.085168023508391,1.994123105725935,1.51875,70.09315959345066,60.72100442396393,13.370998288344307,1
39,117,879.1703810347962,126.86796241608646,928.999108551649,6.098653262069592,1.9902067681118536,1.51875,70.08577485413711,60.325475644482324,13.926220021064154,1
39,118,878.0540165144536,126.61850573006552,929.2670360365312,6.112149699695573,1.9969261052655445,1.51875,70.07897083507419,60.3746385677029,13.8477094508276,1
39,119,876.9428757473265,126.36935664672347,929.5337098206417,6.125656584827986,1.9785366243096407,1.51875,70.07270258129694,60.523703378882075,13.627274032047366,1
40,0,875.0,131.25,950.0,4.25,2.0208804436809444,1.6921875,69.93307149075716,59.05394635990606,15.55648121688601,1
40,1,874.9924268144482,131.23278787178975,950.0018175645324,4.2636827702955635,2.052497299414844,1.6921875,69.92729741870306,59.55338233907106,14.835286737189634,1
40,2,874.9835477426928,131.21037399742423,950.0039485417537,4.277362928818719,2.0454995737983133,1.6921875,69.92102916492581,59.23642672849234,15.280957051177307,1
40,3,874.9731953580822,131.18539366978737,950.0064331140603,4.291040140716165,2.026809720935659,1.6921875,69.91422514586289,58.746513954749695,15.973446273364056,1
40,4,874.9611835027289,131.1585321593594,950.009315959345,4.304714033672124,2.019788817413955,1.6921875,69.90684040654934,58.96032157913711,15.658723472197844,1
40,5,874.947305401172,131.13012868535841,950.0126467037187,4.318384194135677,2.0866912802687,1.6921875,69.89882637025025,59.01818810198878,15.56626746581885,1
40,6,874.9313316085588,131.10038250894158,950.0164804139459,4.332050163217118,2.0527427842874038,1.6921875,69.89013057369407,59.27750044977083,15.18473357655698,1
40,7,874.9130077828352,131.06941978178347,950.0208781321196,4.345711432232337,2.0236196750278395,1.6921875,69.88069638788829,58.955070935514904,15.63468313442139,1
40,8,874.8920522705776,131.03732229263838,950.0259074550614,4.359367437874488,2.057938559987213,1.6921875,69.87046272469304,59.23987569233458,15.214708215466688,1
40,9,874.8681534964696,131.00414191491882,950.0316431608474,4.373017556992939,2.005570364674978,1.6921875,69.85936372956755,59.245889359767574,15.192629596349851,1
40,10,874.8409671470795,130.9699086123872,950.0381678847009,4.386661100960826,2.034430449391687,1.6921875,69.84732846119626,58.93102887203522,15.628800456162894,1
40,11,874.8101131405812,130.93463516113704,950.0455728462605,4.400297309614496,2.053547571067835,1.6921875,69.83428055905262,59.55817411275046,14.714988633143536,1
40,12,874.7751723754739,130.898320037853,950.0539586298863,4.413925344750948,2.0414415646746753,1.6921875,69.82013790037908,59.44252150366927,14.86335706113446,1
40,13,874.7356832532582,130.86094920795387,950.063436019218,4.427544283173184,2.016631801850926,1.6921875,69.80481224855997,59.105014843119704,15.328165868193414,1
40,14,874.6911379725303,130.82249721355453,950.0741268865927,4.441153109278394,2.034629149090001,1.6921875,69.78820889544933,59.161219626180205,15.227485326625251,1
40,15,874.6409785951558,130.782927792742,950.0861651371625,4.454750707190311,2.0395241091528606,1.6921875,69.77022630089975,58.67419277462973,15.903680000142018,1
40,16,874.5845928892147,130.7421941710695,950.0996977065885,4.4683358524450965,2.02770206995254,1.6921875,69.75075573352886,58.56957177736084,16.03019757790707,1
40,17,874.5213099583734,130.7002391149526,950.1148856099904,4.48190720325008,2.0193122326295883,1.6921875,69.72968091766968,59.19484315370326,15.10811124520271,1
40,18,874.4503956734121,130.65699480655817,950.1319050383811,4.495463291346824,2.0404295146114184,1.6921875,69.70687769248644,59.13121286643141,15.171623197225717,1
40,19,874.3710479289318,130.61238258162265,950.1509484970563,4.50900251252453,2.081761806840464,1.6921875,69.68221369040769,58.999865736781764,15.330092699245629,1
40,20,874.282391756954,130.56631256054604,950.1722259783311,4.522523116847241,2.0581359358722073,1.6921875,69.65554804333789,59.07108908110106,15.195428446922064,1
40,21,874.1834743393472,130.51868319639777,950.1959661585566,4.536023198678694,2.1007039478631926,1.6921875,69.62673112655871,58.18347828262451,16.435143024500302,1
40,22,874.0732599729208,130.46938075959014,950.222417606499,4.549500686612508,2.0310970116891203,1.6921875,69.59560435181997,59.220458265883686,14.907760601499783,1
40,23,873.9506250547098,130.41827877701655,950.2518499868696,4.562953333442753,2.030392149300004,1.6921875,69.56200002283539,59.183677763337734,14.919528271312965,1
40,24,873.8143531705608,130.3652374428579,950.2845552390654,4.576378706341122,2.044248673350629,1.6921875,69.52574126822434,59.27350280180606,14.745960675005279,1
40,25,873.663130387622,130.3101030186818,950.3208487069708,4.58977417744191,2.0228078006000096,1.6921875,69.48664206884683,59.036597217233215,15.038926246083086,1
40,26,873.4955408707314,130.2527072416687,950.3610701910245,4.603136915074796,2.05477062180883,1.6921875,69.44450739842388,59.03641984240671,14.987632493816774,1
40,27,873.310062963856,130.19286676163367,950.4055848886745,4.616463875927712,2.0484385069069804,1.6921875,69.39913349825993,59.33768262509887,14.497948844582234,1
40,28,873.1050659004139,130.13038262985023,950.4547841839006,4.6297517984674945,2.0118521422784648,1.6921875,69.35030830871337,58.968747739615765,14.96973960502672,1
40,29,872.8788073301188,130.06503986541017,950.5090862407715,4.642997197993571,2.021267294550977,1.6921875,69.29781208169447,59.14794456823008,14.646735890447479,1
40,30,872.6294318743361,129.99660712785962,950.5689363501593,4.6561963637486725,2.0286915855611682,1.6921875,69.24141819978756,58.164888820759465,15.996970696163585,1
40,31,872.354970946026,129.92483652800775,950.6348069729538,4.669345358558719,2.0610796054935117,1.6921875,69.18089422844675,58.83003658101232,14.962017711500202,1
40,32,872.0533440930981,129.8494636119602,950.7071974176565,4.682440021519529,2.052582849530595,1.6921875,69.11600322792941,59.30769572967419,14.191080271105347,1
40,33,871.722362144093,129.77020755640245,950.7866330854176,4.695475974288186,2.0528782789272073,1.6921875,69.0465053510089,58.90415348483263,14.689160319723666,1
40,34,871.3597324508473,129.6867716157276,950.8736642117966,4.708448631568361,2.044504849623974,1.6921875,68.97215975082749,58.47340082686745,15.221734337286838,1
40,35,870.9630665322575,129.59884386351004,950.9688640322582,4.721353216397849,2.041145300046655,1.6921875,68.89272682027632,59.37532217479895,13.814817738751826,1
40,36,870.5298904241706,129.50609827176913,951.0728262981991,4.7341847808483415,2.0379458726058846,1.6921875,68.80797077977883,58.69912110398495,14.691393397063598,1
40,37,870.0576580302883,129.40819617110694,951.1861620727308,4.746938232727244,2.0705919550506695,1.6921875,68.7176626240748,58.27187050162702,15.201029434880933,1
40,38,869.543767745138,129.30478813277765,951.3094957411669,4.759608368823609,2.057852738227701,1.6921875,68.62158343035064,58.20629381832829,15.177862549023855,1
40,39,868.9855825799626,129.19551630967237,951.443460180809,4.772189915159926,2.0534340315461916,1.6921875,68.51952801968311,58.62806083047084,14.435982668139252,1
40,40,868.3804539632952,129.08001726671426,951.5886910488091,4.784677574593257,2.057698260424523,1.6921875,68.41130895119085,58.28607361165945,14.80052858914805,1
40,41,867.7257493079192,128.95792532192453,951.7458201660994,4.797066081949172,2.0347495955147314,1.6921875,68.29676081356155,58.7183468501674,14.024697290610277,1
40,42,867.0188833334719,128.82887640718744,951.9154679999667,4.809350266666944,2.0352536068785265,1.6921875,68.17574476193644,58.68971322420516,13.914085677913244,1
40,43,866.2573530087551,128.6925124423791,952.0982352778988,4.821525122684177,2.0496336534223376,1.6921875,68.0481532298616,58.280016704823375,14.354741549035408,1
40,44,865.4387758308897,128.54848619806825,952.2946938005865,4.833585884995113,2.039143173647949,1.6921875,67.91391472673955,58.341050772034876,14.0955855559532,1
40,45,864.5609309925637,128.39646660070002,952.5053765617847,4.845528111985128,2.0410466149277346,1.6921875,67.77299861174691,58.490544840453964,13.696389360709277,1
40,46,863.6218028085214,128.23614441055474,952.7307673259548,4.85734777228371,2.038024670618081,1.6921875,67.62541971656097,58.02223480071926,14.200554992622042,1
40,47,862.6196255851265,128.06723817763626,952.9712898595697,4.869041334503587,2.06365529083922,1.6921875,67.4712426727067,58.0081116063162,14.025428747910848,1
40,48,861.5529289315002,127.88950035510945,953.22729705644,4.880605857863,2.0346428248032624,1.6921875,67.31058578630005,57.2808435324255,14.900690785424631,1
40,49,860.420582338606,127.70272342537386,953.4990602387345,4.892039081343879,2.024660189836484,1.6921875,67.14362429491057,57.676789362509005,14.099380293832514,1
40,50,859.2218377065317,127.50674587198314,953.7867589504324,4.903339508746397,2.0346476453584033,1.6921875,66.97059283965407,57.62431497068001,13.955793838277064,1
40,51,857.9563683936927,127.30145781319918,954.0904715855138,4.914506486787386,2.0651112601821415,1.6921875,66.79178699175392,57.53212416317146,13.863475205006354,1
40,52,856.6243033081485,127.08680610184284,954.4101672060444,4.925540273282963,2.031437729803791,1.6921875,66.60756368765817,57.67853870496831,13.405421979642734,1
40,53,855.2262545726071,126.8627986929781,954.7456989025743,4.936442092478547,2.023416619609989,1.6921875,66.41834045088731,57.98356717980404,12.699464054390702,1
40,54,853.7633373801043,126.62950808724165,955.096799028775,4.947214174760209,2.061493393031819,1.6921875,66.22459331201854,57.07827946653537,13.811053247832152,1
40,55,852.2371808216843,126.38707367421762,955.4630766027957,4.957859778310035,2.0657235989258993,1.6921875,66.02685337978491,57.67754781766872,12.645317980081805,1
40,56,850.6499287103017,126.13570282740821,955.8440171095276,4.968383190753936,2.0226079624701905,1.6921875,65.82570206462314,56.80119087843499,13.709707459448762,1
40,57,849.0042297400943,125.8756706395387,956.2389848623774,4.978789709480188,2.0332419942906,1.6921875,65.62176500885798,56.60435802032151,13.741488037268192,1
40,58,847.3032166943483,125.60731823279772,956.6472279933564,4.989085600055363,2.029844486520107,1.6921875,65.415704832168,56.7715682344372,13.214161064087588,1
40,59,845.5504748301998,125.33104963098049,957.067886040752,4.9992780329937325,2.0555333044360924,1.6921875,65.20821285372743,56.79795534875781,12.897543326076407,1
40,60,843.75,125.04732723651512,957.5,5.009375,2.0424898270778686,1.6921875,65.0,56.47598504289762,13.113869164772893,1
40,61,841.9061474919403,124.75666601167092,957.9425246019343,5.0193852116505475,2.019291142209295,1.6921875,64.79178714627257,56.634384178418514,12.590180526180076,1
40,62,840.023572958915,124.45962651633029,958.3943424898604,5.0293179792511635,2.056837740345037,1.6921875,64.584295167832,56.153425192287095,13.05405587168834,1
40,63,838.1071671293696,124.15680700112028,958.8542798889513,5.039183084258739,2.023427154386074,1.6921875,64.37823499114202,56.62763259996659,12.039165709096965,1
40,64,836.1619862358457,123.84883479144811,959.321123303397,5.048990639138358,2.0503848662303015,1.6921875,64.17429793537686,56.148389380025684,12.506422062354645,1
40,65,834.1931802410396,123.53635722278027,959.7936367421505,5.058750943815412,2.054253214422558,1.6921875,63.97314662021508,55.516872458145315,13.218474639478876,1
40,66,832.2059209798724,123.22003239897944,960.2705789648306,5.068474341959745,2.0754357888889,1.6921875,63.77540668798145,55.61744202336618,12.791709356755304,1
40,67,830.2053322698489,122.90052004332823,960.7507202552363,5.0781710812063645,2.0618910972871416,1.6921875,63.581659549112686,56.00822290912959,11.911354144717011,1
40,68,828.196423879088,122.5784726967075,961.2328582690188,5.0878511810915095,2.047077777848927,1.6921875,63.39243631234183,55.04694140793043,13.16481175024128,1
40,69,826.1840309967686,122.25452749086094,961.7158325607755,5.097524311993537,1.9955808469388479,1.6921875,63.20821300824607,55.191090305525464,12.683672455151834,1
40,70,824.172760544189,121.92929868908132,962.1985374693946,5.1071996877550445,2.0504531461632136,1.6921875,63.029407160345926,54.91495395156848,12.874075093447084,1
40,71,822.1669453188906,121.60337114478394,962.6799331234663,5.116885973971115,2.048163966277701,1.6921875,62.85637570508944,55.059716055362706,12.40392810159343,1
40,72,820.1706066027496,121.2772947832544,963.15905441534,5.126591213205499,2.0653288130244554,1.6921875,62.68941421369995,54.7199284270809,12.712649953072013,1
40,73,818.1874255096262,120.95158016626354,963.6350178776897,5.136322767685919,2.0445434237393614,1.6921875,62.528757327293306,54.56362380754599,12.738352496045211,1
40,74,816.2207230181758,120.62669515581375,964.1070264756378,5.146087279369685,2.0461221498750994,1.6921875,62.37458028343902,54.31128170579416,12.927218974466973,1
40,75,814.2734483457273,120.30306265413154,964.5743723970255,5.1558906466914545,2.035090949518673,1.6921875,62.227001388253086,54.168336751854135,12.950430611493724,1
40,76,812.3481750799785,119.98105936368798,965.0364379808051,5.165738016826624,2.048575582040953,1.6921875,62.08608527326045,53.91172547490969,13.166170426711279,1
40,77,810.4471043021517,119.66101548445161,965.4926949674835,5.175633791937637,2.0364303785460343,1.6921875,61.9518467701384,54.551091506807396,11.945980062209005,1
40,78,808.5720738092664,119.34321524612153,965.942702285776,5.185581647618533,2.0633782440186503,1.6921875,61.824255238063564,53.59741914717521,13.306809858379514,1
40,79,806.7245724717332,119.02789816061255,966.386102606784,5.195584561610133,2.062743715820434,1.6921875,61.70323918643846,53.928993353904424,12.599412826681405,1
40,80,804.9057587400763,118.71526087404177,966.8226179023817,5.205644850813486,2.043371866978986,1.6921875,61.58869104880915,53.37197912286199,13.341267343115648,1
40,81,803.1164823339237,118.4054594970719,967.2520442398583,5.215764214667848,2.029019974958858,1.6921875,61.48047198031689,53.50154671689926,12.977983100019303,1
40,82,801.3573081990883,118.09861229672168,967.6742460322188,5.225943783064843,2.0285255839646323,1.6921875,61.37841656964936,53.62712055559608,12.628699870837288,1
40,83,799.6285418960199,117.79480264059768,968.0891499449552,5.236184167125373,2.073066388977663,1.6921875,61.282337375925195,53.187167637368766,13.209629536318277,1
40,84,797.9302556769353,117.4940820949029,968.4967386375355,5.24648551135387,2.0682258734470054,1.6921875,61.19202922022117,52.94156064238774,13.482913841835837,1
40,85,796.2623146121367,117.19647358957457,968.8970444930872,5.25684754589094,2.0311632215428803,1.6921875,61.10727317972368,53.23679659238103,12.879770570345443,1
40,86,794.6244022321705,116.90197457666413,969.2901434642791,5.267269637797674,2.0770475963206727,1.6921875,61.02784024917251,53.406127530014864,12.48891110686322,1
40,87,793.0160452564819,116.61056012090575,969.6761491384443,5.277750840512963,2.052103358638105,1.6921875,60.9534946489911,52.931994029141435,13.160033999760886,1
40,88,791.4366370773137,116.32218587378568,970.0552071014447,5.2882899408212936,2.0516626017778856,1.6921875,60.88399677207058,52.9724834231483,12.994405374765977,1
40,89,789.8854597571083,116.03679089393174,970.427489658294,5.29888550284755,2.054115939877348,1.6921875,60.819105771553254,52.67568399040688,13.389578287675633,1
40,90,788.3617043769916,115.75430028702797,970.793190949522,5.309535908753983,2.0227418881045054,1.6921875,60.75858180021243,52.22263474124241,14.048957046163608,1
40,91,786.8644896422711,115.47462764757695,971.1525224858549,5.320239395951209,2.061722980181407,1.6921875,60.702187918305526,52.42540933594666,13.635058086370716,1
40,92,785.3928787081636,115.19767729262499,971.5057091100407,5.330994090749661,2.063428321405945,1.6921875,60.64969169128664,52.132875880911406,14.04263661178482,1
40,93,783.9458942356069,114.92334628405042,971.8529853834543,5.3417980384712145,2.032409817145857,1.6921875,60.60086650174007,51.94324778419358,14.286295258332485,1
40,94,782.5225317237662,114.651526241259,972.1945923862961,5.352649230114199,2.0463909444887327,1.6921875,60.55549260157612,51.935594247429236,14.234709328287304,1
40,95,781.1217711937032,114.38210495023715,972.5307749135112,5.3635456257207395,2.0260929486708608,1.6921875,60.513357931153166,51.65983533252055,14.6306913073728,1
40,96,779.7425873177566,114.11496777800582,972.8617790437384,5.374485174635513,2.04367690501868,1.6921875,60.47425873177566,50.97548193483223,15.7071405191981,1
40,97,778.3839581026007,113.84999890372872,973.1878500553759,5.385465832871868,2.062100352836038,1.6921875,60.43799997716461,51.60822064392783,14.609648460526406,1
40,98,777.0448722418379,113.5870823791906,973.5092306619589,5.396485577817009,2.050756634617527,1.6921875,60.404395648180035,51.29298289211137,15.084022707779862,1
40,99,775.7243352573634,113.32610303220525,973.8261595382328,5.4075424205147264,2.057175264719168,1.6921875,60.3732688734413,51.102363151391565,15.355977728295711,1
40,100,774.4213745485637,113.06694722685307,974.1388701083447,5.418634415763794,2.0319539723239397,1.6921875,60.34445195666211,51.42084337510612,14.787786270666125,1
40,101,773.1350434655023,112.80950349439483,974.4475895682795,5.429759670264338,2.0525934919314435,1.6921875,60.3177863095923,50.76748787379946,15.833303939196558,1
40,102,771.8644245173316,112.55366304835235,974.7525381158404,5.440916349034663,2.0769976746103236,1.6921875,60.29312230751356,50.84591309275316,15.668800773953484,1
40,103,770.6086318208356,112.29932019666907,975.0539283629994,5.452102680308338,2.042798386116136,1.6921875,60.27031908233032,51.47449962472249,14.593948715606736,1
40,104,769.3668128867707,112.04637266313102,975.351964907175,5.463316959106875,2.0042546258243608,1.6921875,60.24924426647114,50.31323295253938,16.491511943264612,1
40,105,768.1381498339091,111.79472182939604,975.6468440398618,5.474557549667818,2.054288930950333,1.6921875,60.22977369910026,50.02811857609615,16.937893829670003,1
40,106,766.921860112747,111.54427290809049,975.9387535729408,5.48582288689216,2.0045803871588603,1.6921875,60.21179110455068,50.991997864314726,15.312272016998909,1
40,107,765.7171968129254,111.29493505652466,976.2278727648979,5.4971114769591845,2.0372727898404808,1.6921875,60.19518775144004,51.23290741190279,14.888699037777897,1
40,108,764.5234486207354,111.04662143967387,976.5143723310235,5.508421897241471,2.0247548616474913,1.6921875,60.17986209962092,50.37788050021396,16.287810003919404,1
40,109,763.3399394857568,110.79924925019601,976.7984145234184,5.51975279563818,2.0562628717321343,1.6921875,60.165719440947385,50.55027877076061,15.981593438144326,1
40,110,762.1660280487929,110.55273969241884,977.0801532682897,5.531102889430919,2.040352264898786,1.6921875,60.152671538803745,50.11252242445549,16.69111089749601,1
40,111,761.0011068768752,110.30701793644232,977.35973434955,5.54247096375375,2.0500775036953884,1.6921875,60.14063627043245,50.6396076494439,15.798018129149119,1
40,112,759.8446015452478,110.0620130477699,977.6372956291406,5.553855869757163,2.0607064310000287,1.6921875,60.12953727530696,49.957693626240115,16.916550683725376,1
40,113,758.6959696008981,109.81765789720839,977.9129672957845,5.56525652253513,2.0256148042869757,1.6921875,60.1193036121117,49.824558952843056,17.12385879532153,1
40,114,757.554699437383,109.57388905516191,978.1868721350281,5.576671898874766,2.0199753995012464,1.6921875,60.109869426305934,49.985747691099355,16.842694605448518,1
40,115,756.4203091063773,109.33064667388898,978.4591258144694,5.588101034879421,2.0617259807832484,1.6921875,60.10117362974976,49.86773253968339,17.027023720217123,1
40,116,755.2923450875288,109.08787436079245,978.7298371789931,5.599543023508391,2.079845593067153,1.6921875,60.093159593450665,50.35099715755092,16.21176603428505,1
40,117,754.1703810347962,108.84551904536524,978.9991085516489,5.610997012069593,2.051604962585131,1.6921875,60.08577485413712,49.921604442630915,16.916101084126016,1
40,118,753.0540165144536,108.60353084201783,979.2670360365312,5.6224621996955735,2.0274410976491737,1.6921875,60.07897083507419,49.499162192261416,17.60983667955288,1
40,119,751.9428757473265,108.3618629106647,979.5337098206417,5.633937834827987,2.070895664763894,1.6921875,60.07270258129694,49.384538311880874,17.79204831837168,1
41,0,875.0,131.25,950.0,4.25,2.1284842694342756,1.6921875,70.10039276386428,58.64848396142896,16.33644028359654,1
41,1,875.0113597783277,131.2338343853238,949.9972736532013,4.263720636223322,2.139822074425109,1.6921875,70.1090538719454,59.0353362699087,15.794989363660388,1
41,2,875.0246783859607,131.21298554380814,949.9940771873694,4.277445190105254,2.1592567263067384,1.6921875,70.11845625261128,59.276236188657656,15.462719294465144,1
41,3,875.0402069628768,131.19000791332212,949.9903503289096,4.291174163925754,2.1248785132812626,1.6921875,70.12866228120568,59.05899393672952,15.784798945812492,1
41,4,875.0582247459066,131.16560989916186,949.9860260609825,4.30490811615848,2.1413087402798916,1.6921875,70.139739390176,58.65860644777746,16.368941547573858,1
41,5,875.0790418982419,131.14017545292558,949.981029944422,4.3186476671298175,2.129119046161378,1.6921875,70.15176044462463,58.952074951635915,15.964938615944439,1
41,6,875.1030025871618,131.1139610583153,949.9752793790811,4.332393505174323,2.177410481098064,1.6921875,70.1648041394589,59.28130923211466,15.511330845750393,1
41,7,875.1304883257471,131.08716029826655,949.9686828018207,4.346146393318161,2.161981355780595,1.6921875,70.17895541816755,58.76414466079696,16.265290198969794,1
41,8,875.1619215941337,131.05993214678384,949.9611388174079,4.359907176521601,2.1726222703619253,1.6921875,70.19430591296044,59.615099916787294,15.07131648155501,1
41,9,875.1977697552957,131.03241566211764,949.9525352587291,4.373676789510592,2.108771081358753,1.6921875,70.21095440564868,58.96496875233335,16.017423133633628,1
41,10,875.2385492793809,131.00473858247352,949.9427481729485,4.3874562652254285,2.1586532921619557,1.6921875,70.22900730820561,59.41305711074136,15.400972635135771,1
41,11,875.2848302891283,130.9770228463314,949.9316407306092,4.40124674391159,2.135168086091901,1.6921875,70.24857916142108,59.11301497821924,15.851657522658103,1
41,12,875.3372414367892,130.94938842859025,949.9190620551706,4.415049482873578,2.1367903594807425,1.6921875,70.26979314943138,59.24329228792025,15.69166546152037,1
41,13,875.3964751201125,130.92195619855536,949.904845971173,4.428865866906892,2.1726815513308835,1.6921875,70.29278162716005,59.012318832017336,16.047825301572814,1
41,14,875.4632930412046,130.89485018581834,949.8888096701108,4.442697419415743,2.1687543906570137,1.6921875,70.31768665682601,59.01134834951745,16.07893951700559,1
41,15,875.5385321072662,130.86819947783113,949.8707522942561,4.456545814214532,2.1317854364517075,1.6921875,70.34466054865038,59.46788918581355,15.46211365298217,1
41,16,875.6231106661778,130.84213988496876,949.8504534401173,4.470412887999022,2.1671767082617976,1.6921875,70.37386639970671,59.51283231840282,15.433334328422172,1
41,17,875.7180350624399,130.81681545828414,949.8276715850144,4.484300653458213,2.1224220325372825,1.6921875,70.40547862349548,59.08943618824524,16.072673116483713,1
41,18,875.8244064898819,130.79237991447917,949.8021424424284,4.498211312979763,2.1651977525417117,1.6921875,70.43968346127035,59.284439336240844,15.836590366228661,1
41,19,875.9434281066021,130.76899800299776,949.7735772544155,4.512147272879871,2.127264123777696,1.6921875,70.47667946438845,59.38867552281435,15.7328694056547,1
41,20,876.0764123645691,130.74684683686812,949.7416610325034,4.526111158062472,2.134441835521816,1.6921875,70.51667793499317,59.80595106281713,15.188927195421599,1
41,21,876.2247884909792,130.72611719934508,949.706050762165,4.540105826981958,2.1796348099500107,1.6921875,70.55990331016194,59.496884477863105,15.67890305017688,1
41,22,876.3901100406189,130.70701483099563,949.6663735902515,4.554134386747904,2.175958114797041,1.6921875,70.60659347227005,59.345419491893786,15.949181834978294,1
41,23,876.5740624179354,130.68976169570234,949.6222250196955,4.568200208169204,2.1640467305891455,1.6921875,70.65699996574692,59.77453381655558,15.40182310948234,1
41,24,876.7784702441587,130.6745972185592,949.5731671414019,4.582306940488317,2.1536479543375315,1.6921875,70.7113880976635,59.26275074997075,16.190655643586563,1
41,25,877.0053044185671,130.6617794834317,949.5187269395439,4.596458525503801,2.114645541538103,1.6921875,70.77003689672975,59.301375297124295,16.205532881579458,1
41,26,877.256688693903,130.65158637282303,949.4583947134632,4.610659210721139,2.165206444392892,1.6921875,70.83323890236417,59.670637825439755,15.75898723523124,1
41,27,877.5349055542159,130.64431662749098,949.3916226669882,4.624913561108432,2.1588252820160134,1.6921875,70.90129975261011,59.24179424586637,16.44469924730049,1
41,28,877.842401149379,130.64029079792897,949.317823724149,4.639226468965425,2.1092015493226937,1.6921875,70.97453753692996,59.24061633547058,16.53257859602665,1
41,29,878.1817890048219,130.63985205435384,949.2363706388427,4.653603161342978,2.1426510832805663,1.6921875,71.05328187745829,59.34932349793124,16.47208696103894,1
41,30,878.5558521884958,130.64336681627947,949.146595474761,4.668049204376992,2.1611091078412037,1.6921875,71.13787270031865,60.083723980836794,15.539048751217917,1
41,31,878.9675435809611,130.65122515720756,949.0477895405694,4.682570503828589,2.151208564738467,1.6921875,71.22865865732987,59.44816318017269,16.538982621912528,1
41,32,879.4199838603529,130.66384093459806,948.9392038735153,4.697173301054039,2.1435535444415637,1.6921875,71.32599515810588,59.58073860974679,16.4670069058606,1
41,33,879.9164567838603,130.68165159032375,948.8200503718735,4.7118641635677205,2.132172105494677,1.6921875,71.43024197348664,59.61029073694658,16.547544723322332,1
41,34,880.460401323729,130.70511756256332,948.689503682305,4.726649969314125,2.1577542274282813,1.6921875,71.54176037375878,59.70134374071439,16.55035684219395,1
41,35,881.0554002016139,130.7347212469105,948.5467039516127,4.741537883736561,2.157888819381741,1.6921875,71.66090976958553,59.81653023247263,16.52836891855916,1
41,36,881.7051643637441,130.77096544280963,948.3907605527014,4.756535328727488,2.1133000470567165,1.6921875,71.78804383033176,59.89407799216182,16.568170970476455,1
41,37,882.4135129545675,130.81437122175888,948.2207568909038,4.771649942575801,2.1353176837883963,1.6921875,71.92350606388779,59.44889479247906,17.34427582038041,1
41,38,883.184348382293,130.8654751565975,948.0357563882496,4.78688953009792,2.1266489441445455,1.6921875,72.06762485447403,59.962842364170335,16.796422130945558,1
41,39,884.0216261300561,130.92482585716337,947.8348097287866,4.802262002260112,2.144286482157148,1.6921875,72.22070797047535,59.40974505228627,17.738628266322653,1
41,40,884.9293190550572,130.9929797672276,947.6169634267862,4.817775304776781,2.158298737005491,1.6921875,72.38303657321373,59.56681334148602,17.706114358388938,1
41,41,885.9113760381214,131.0704961913707,947.3812697508508,4.8334373354095765,2.15153440787201,1.6921875,72.55485877965769,60.14401511618343,17.10546181498999,1
41,42,886.9716749997922,131.15793153873307,947.1267980000499,4.849255849999584,2.1664495223355464,1.6921875,72.73638285709535,60.704436811146216,16.541853709701527,1
41,43,888.1139704868674,131.25583279355357,946.8526470831519,4.8652383576404015,2.1214444541836346,1.6921875,72.9277701552076,60.21038507820325,17.438329802129875,1
41,44,889.3418362536655,131.36473025003787,946.5579592991203,4.881392005840665,2.143211274800761,1.6921875,73.12912790989067,60.47283184052214,17.306778340039212,1
41,45,890.6586035111545,131.48512958099744,946.2419351573229,4.897723457022309,2.1530513561203177,1.6921875,73.34050208237963,60.3512299666578,17.71091245207409,1
41,46,892.067295787218,131.61750334509014,945.9038490110677,4.914238758241103,2.139919936929428,1.6921875,73.56187042515853,60.22547595325877,18.12949343840861,1
41,47,893.5705616223102,131.76228207516334,945.5430652106455,4.930943206577954,2.1684952123497756,1.6921875,73.79313599093996,60.84269331426793,17.54965757013231,1
41,48,895.1706066027497,131.919845128476,945.15905441534,4.9478412132055,2.167093344657548,1.6921875,74.03412132054993,60.74028681769697,17.956361561034615,1
41,49,896.869126492091,132.0905115163492,944.7514096418981,4.964936169650849,2.1356012713277566,1.6921875,74.28456355763416,60.62240379218973,18.391653812227833,1
41,50,898.6672434402026,132.27453096358957,944.3198615743514,4.982230320213739,2.1559163323764587,1.6921875,74.54411074051889,60.796101828085014,18.442783441725418,1
41,51,900.5654474094608,132.47207547414257,943.8642926217294,4.999724644818921,2.1857112420809766,1.6921875,74.8123195123691,60.8937376506398,18.604665585095344,1
41,52,902.5635450377773,132.6832316961069,943.3847491909335,5.017418756742222,2.1542111830858954,1.6921875,75.08865446851274,61.893314781965685,17.573013899297287,1
41,53,904.6606181410895,132.90799438391576,942.8814516461385,5.035310819615512,2.1607197758869217,1.6921875,75.37248932366903,61.6518188953051,18.203817535392538,1
41,54,906.8549939298435,133.14626124606494,942.3548014568375,5.053397487859687,2.1293683077624075,1.6921875,75.66311003197218,61.33826966464088,18.93239699145092,1
41,55,909.1442287674734,133.39782944187561,941.8053850958064,5.071673874201613,2.164138982879997,1.6921875,75.95971993032262,62.419166718058854,17.82596516243666,1
41,56,911.5251069345475,133.66239395004519,941.2339743357086,5.090133547202428,2.139960980892082,1.6921875,76.26144690306528,61.800672760453814,18.962103041386463,1
41,57,913.9936553898585,133.93954797594742,940.641522706434,5.108768560779717,2.099574592090665,1.6921875,76.56735248671302,62.01767185522968,19.002460133394575,1
41,58,916.5451749584774,134.22878549584507,940.0291580099654,5.1275695165836215,2.1464648438516645,1.6921875,76.876442751748,63.03802045549237,18.000861903747456,1
41,59,919.1742877547003,134.5295059576191,939.3981709388719,5.146525658842734,2.1622006545463046,1.6921875,77.18768071940886,62.87790444628438,18.53893800118583,1
41,60,921.875,134.84102107359652,938.75,5.165625,2.1407355874756226,1.6921875,77.5,62.81593436066257,18.947181470112817,1
41,61,924.6407787620896,135.16256355657396,938.0862130970985,5.184854474190845,2.1768509326518046,1.6921875,77.81231928059114,63.30733344246977,18.640988949084537,1
41,62,927.4646405616274,135.49329757050697,937.4084862652094,5.204200114456588,2.1066859668632247,1.6921875,78.123557248252,63.22135989531986,19.075164877064754,1
41,63,930.3392493059458,135.8323305977087,936.718580166573,5.223647248611892,2.1315736600662127,1.6921875,78.43264751328698,63.51641725083665,19.017884433804717,1
41,64,933.2570206462315,136.1787263692758,936.0183150449044,5.24318070795913,2.159996193907347,1.6921875,78.73855309693472,63.91168079935423,18.83051150219536,1
41,65,936.2102296384406,136.53151846826358,935.3095448867742,5.262785042610215,2.147200672561572,1.6921875,79.04028006967738,64.5718924628736,18.305081401595835,1
41,66,939.1911185301913,136.88972419791764,934.5941315527541,5.282444737060382,2.1348087589059115,1.6921875,79.33688996802782,64.97403366627744,18.10362910310514,1
41,67,942.1920015952265,137.2523583105446,933.8739196171456,5.30214441985712,2.1353118288742237,1.6921875,79.62751067633097,64.69081019731851,18.758216038834863,1
41,68,945.205364181368,137.61844621534297,933.1507125964716,5.32186906169607,2.14311390879359,1.6921875,79.91134553148726,64.95761415527618,18.712901499473443,1
41,69,948.223953504847,137.98703632332055,932.4262511588367,5.341604157009694,2.1576298206031077,1.6921875,80.1876804876309,65.31347115226173,18.549245027312576,1
41,70,951.2408591837165,138.35721124081255,931.7021937959081,5.3613358850341,2.1336756340892338,1.6921875,80.45588925948111,65.07865239729458,19.11263054043548,1
41,71,954.2495820216641,138.72809758592228,930.9801003148007,5.381051247376662,2.1988014165197596,1.6921875,80.71543644236584,65.57350930643817,18.759642273308692,1
41,72,957.2440900958755,139.09887426996983,930.2614183769899,5.400738180191751,2.162722229475085,1.6921875,80.96587867945007,65.45782685633495,19.153811551298855,1
41,73,960.2188617355607,139.46877915442448,929.5474731834654,5.420385640137788,2.1431457263035516,1.6921875,81.20686400906004,66.13530985954665,18.559458407151265,1
41,74,963.1689154727363,139.83711405893933,928.8394602865433,5.439983664278806,2.158194282100202,1.6921875,81.43812957484147,65.61609286705834,19.42829088829049,1
41,75,966.0898274814092,140.20324815482854,928.1384414044618,5.459523404962818,2.152060792963212,1.6921875,81.65949791762037,66.3282491016257,18.774605780041803,1
41,76,968.9777373800322,140.56661982832708,927.4453430287923,5.478997141426731,2.155224894925544,1.6921875,81.87087209010933,66.60764680549293,18.64304714846236,1
41,77,971.8293435467724,140.92673713783654,926.7609575487746,5.498398270426878,2.1316283267831335,1.6921875,82.0722298447924,67.05772642088887,18.29425550188853,1
41,78,974.6418892861003,141.2831770185469,926.085946571336,5.517721278572201,2.1276913913095816,1.6921875,82.26361714290465,67.23120944487101,18.273458206827954,1
41,79,977.4131412924002,141.63558340653447,925.420846089824,5.536961699251467,2.124870465330779,1.6921875,82.44514122034231,67.05572234816216,18.66625327385939,1
41,80,980.1413618898856,141.98366446347225,924.7660731464275,5.556116057113105,2.1690971217502324,1.6921875,82.61696342678627,67.4829950817303,18.31823358948243,1
41,81,982.8252764991144,142.3271890836767,924.1219336402125,5.5751818029982285,2.145164362949486,1.6921875,82.77929202952465,68.30585732854972,17.484366374881215,1
41,82,985.4640377013676,142.6659828588341,923.4886309516718,5.594157242069402,2.1364390986513246,1.6921875,82.93237514552597,68.04927123395734,17.94607218887971,1
41,83,988.0571871559703,142.99992366398075,922.8662750825672,5.613041457645274,2.1532627424749937,1.6921875,83.07649393611221,68.86590189116484,17.105430635861516,1
41,84,990.6046164845972,143.32893701271183,922.2548920436967,5.631834232969194,2.1253516753999158,1.6921875,83.21195616966824,68.67979668880531,17.464028187526345,1
41,85,993.1065280817949,143.65299131159585,921.6544332603693,5.650535972830257,2.1140880888022986,1.6921875,83.33909023041448,68.81092669512931,17.432591950689595,1
41,86,995.5633966517444,143.97209312463033,921.0647848035813,5.669147626636822,2.149422074392407,1.6921875,83.45823962624122,68.91025819687827,17.43145014142944,1
41,87,997.9759321152773,144.28628253932573,920.4857762923334,5.687670614230555,2.1395981440251406,1.6921875,83.56975802651336,68.94229081240917,17.50330210297303,1
41,88,1000.3450443840294,144.59562870745285,919.917189347833,5.706106755434726,2.150279552929275,1.6921875,83.67400484189412,69.89252967338534,16.47043809430361,1
41,89,1002.6718103643377,144.90022561623041,919.358765512559,5.7244582040620084,2.126795103306236,1.6921875,83.77134134267013,69.56937369670929,16.953253246676688,1
41,90,1004.9574434345126,145.20018813014886,918.810213575717,5.742727386869025,2.158788905630729,1.6921875,83.86212729968135,70.34125410399973,16.12274053979667,1
41,91,1007.2032655365933,145.49564832995117,918.2712162712176,5.760916947739853,2.1188741844574666,1.6921875,83.94671812254171,70.08773281665171,16.50926399011724,1
41,92,1009.4106819377545,145.78675216360125,917.741436334939,5.779029697208843,2.154400597148036,1.6921875,84.02546246307004,70.32577122798469,16.304214024536304,1
41,93,1011.5811586465895,146.07365641434356,917.2205219248185,5.797068567293179,2.0992021393641034,1.6921875,84.09870024738989,70.64919590006092,15.992523437062742,1
41,94,1013.7162024143508,146.3565259830909,916.7081114205558,5.8150365714953685,2.1791247077234583,1.6921875,84.16676109763583,70.78160506126295,15.903137844220613,1
41,95,1015.8173432094452,146.6355314762174,916.2038376297331,5.832936769752224,2.12811585963576,1.6921875,84.22996310327025,70.73294297942161,16.02401286499509,1
41,96,1017.886119023365,146.91084708519588,915.7073314343924,5.85077223804673,2.184136242054757,1.6921875,84.2886119023365,71.38317347686447,15.311010745348726,1
41,97,1019.9240628460988,147.18264874120123,915.2182249169363,5.868546042358864,2.161538513069332,1.6921875,84.34300003425308,71.37504682880859,15.37525722369134,1
41,98,1021.9326916372432,147.45111252560915,914.7361540070616,5.886261216607819,2.1355152384578258,1.6921875,84.39340652772995,71.36080186175856,15.442681131362013,1
41,99,1023.913497113955,147.71641331605304,914.2607606926508,5.90392074422791,2.147179525988075,1.6921875,84.44009668983806,71.76661943721513,15.00883792112962,1
41,100,1025.8679381771544,147.97872364719166,913.791694837483,5.921527543020976,2.1789163585869833,1.6921875,84.48332206500683,72.13197349334789,14.619866110562075,1
41,101,1027.7974348017465,148.23821276541975,913.3286156475808,5.939084452936826,2.1203502935857244,1.6921875,84.52332053561155,71.98416253292778,14.835145996661051,1
41,102,1029.7033632240027,148.49504585728752,912.8711928262394,5.956594226448005,2.1634732476050034,1.6921875,84.56031653872965,72.3025879637148,14.495840456558206,1
41,103,1031.5870522687462,148.74938343226162,912.4191074555009,5.974059521204159,2.136153305433897,1.6921875,84.59452137650452,73.13300638828804,13.54876746356275,1
41,104,1033.449780669844,149.00138084155816,911.9720526392374,5.991482894673021,2.123196289455023,1.6921875,84.62613360029329,72.0854892305279,14.818879034456947,1
41,105,1035.2927752491364,149.25118791602864,911.5297339402073,6.008866800498272,2.153409882326877,1.6921875,84.65533945134962,73.23013509864786,13.496141444530712,1
41,106,1037.1172098308796,149.4989487074103,911.0918696405889,6.026213586328425,2.132014083687562,1.6921875,84.68231334317399,72.65724394933744,14.200213620883392,1
41,107,1038.924204780612,149.74480131861702,910.6581908526531,6.043525492894557,2.1702838541619593,1.6921875,84.70721837283995,72.91989526328496,13.915370302531871,1
41,108,1040.7148270688972,149.98887781010018,910.2284415034648,6.060804654137794,2.1420459036110393,1.6921875,84.73020685056862,73.22871885765822,13.574247509149345,1
41,109,1042.490090771365,150.23130417062623,909.8023782148724,6.078053098209397,2.1541883405062374,1.6921875,84.75142083857892,73.5330446519435,13.236800133418896,1
41,110,1044.2509579268105,150.47220034207126,909.3797700975654,6.095272749186955,2.174567358482953,1.6921875,84.77099269179439,73.48637250938235,13.31188868277151,1
41,111,1045.9983396846872,150.71168028901593,908.9603984756751,6.112465429369374,2.1545726352092114,1.6921875,84.78904559435132,73.59552626327468,13.20161024648019,1
41,112,1047.7330976821283,150.94985210502205,908.5440565562892,6.129632862030923,2.1585205918346313,1.6921875,84.80569408703957,73.70305396025566,13.09185691633962,1
41,113,1049.4560455986527,151.18681814848088,908.1305490563233,6.1467766745306385,2.1487258110551997,1.6921875,84.82104458183245,74.18880936126858,12.534902479662641,1
41,114,1051.1679508439256,151.42267520184748,907.7196917974578,6.163898401687851,2.1790603043087464,1.6921875,84.8351958605411,73.55214483718089,13.299964606562822,1
41,115,1052.869536340434,151.65751464890744,907.3113112782959,6.180999489347535,2.148938403736457,1.6921875,84.84823955537536,73.92325550870059,12.875911278683258,1
41,116,1054.5614823687067,151.89142266547276,906.9052442315104,6.198081298070747,2.142518551371924,1.6921875,84.860260609824,74.39431979854709,12.333147148107274,1
41,117,1056.2444284478058,152.12448041957379,906.5013371725266,6.215145106895611,2.162126748132495,1.6921875,84.87133771879432,74.40379111282161,12.333429503202858,1
41,118,1057.9189752283196,152.3567642778079,906.0994459452033,6.232192117123306,2.110471174007189,1.6921875,84.88154374738872,74.25416005354829,12.520252606936555,1
41,119,1059.5856863790102,152.58834601503168,905.6994352690376,6.249223456091354,2.1666679741056485,1.6921875,84.8909461280546,73.91351191443009,12.931219069069492,1
42,0,1000.0,150.0,900.0,4.5,2.0056625372449917,1.51875,80.10039276386428,70.98030716557446,11.385818825103398,1
42,1,1000.0113597783277,149.98143531063855,899.9972736532013,4.515751886223322,2.004483277373529,1.51875,80.1090538719454,71.31182596399415,10.981565107501646,1
42,2,1000.0246783859607,149.95747391751925,899.9940771873694,4.531507690105255,1.9523522236632016,1.51875,80.11845625261128,71.03538082214669,11.337057471284648,1
42,3,1000.0402069628768,149.9310421086366,899.9903503289096,4.5472679139257535,2.012348354280291,1.51875,80.12866228120568,70.64714791234185,11.832862422673609,1
42,4,1000.0582247459066,149.90294750705905,899.9860260609825,4.56303311615848,1.9581151492998574,1.51875,80.139739390176,70.6597786378918,11.829288221326944,1
42,5,1000.0790418982419,149.8736250804092,899.981029944422,4.578803917129817,1.9956510128507083,1.51875,80.15176044462463,71.022111638943,11.390453253973295,1
42,6,1000.1030025871618,149.8433630481283,899.9752793790811,4.594581005174324,1.9391271945241118,1.51875,80.1648041394589,70.99596509058112,11.437486996072714,1
42,7,1000.1304883257471,149.81237686803465,899.9686828018207,4.610365143318161,1.9728043424834811,1.51875,80.17895541816755,70.88935422024458,11.58608409086115,1
42,8,1000.1619215941337,149.78084160882622,899.9611388174079,4.626157176521601,1.961102239212082,1.51875,80.19430591296044,71.02091351942659,11.4389572789498,1
42,9,1000.1977697552957,149.7489087212317,899.9525352587291,4.641958039510591,1.9988518067470433,1.51875,80.21095440564868,70.75719436397252,11.786120875542657,1
42,10,1000.2385492793809,149.7167158111052,899.9427481729485,4.657768765225429,1.9441935205221659,1.51875,80.22900730820561,70.8187051138963,11.7293015457102,1
42,11,1000.2848302891283,149.6843928799335,899.9316407306092,4.67359049391159,1.9929683757129488,1.51875,80.24857916142108,70.82641525920126,11.741222088514508,1
42,12,1000.3372414367892,149.65206662775424,899.9190620551706,4.689424482873578,1.947891661917701,1.51875,80.26979314943138,71.1502394737013,11.361127664491404,1
42,13,1000.3964751201125,149.619863627726,899.904845971173,4.705272116906892,2.0061496040808704,1.51875,80.29278162716005,70.97908068945706,11.59967402916891,1
42,14,1000.4632930412046,149.5879128147412,899.8888096701108,4.721134919415743,1.9457268239412724,1.51875,80.31768665682601,70.83525808164045,11.80615250499085,1
42,15,1000.5385321072662,149.55634754451367,899.8707522942561,4.737014564214532,1.9808734187574097,1.51875,80.34466054865038,70.72241995551674,11.976204177634393,1
42,16,1000.6231106661778,149.52530737877294,899.8504534401173,4.752912887999022,1.9895100857663326,1.51875,80.37386639970671,70.70743512530497,12.026833730170058,1
42,17,1000.7180350624399,149.49493969432487,899.8276715850144,4.768831903458214,1.9783551945889448,1.51875,80.40547862349548,70.91059237520172,11.80875533712605,1
42,18,1000.8244064898819,149.4654011787258,899.8021424424284,4.784773812979764,1.990159737103906,1.51875,80.43968346127035,70.99359750000119,11.743067047021897,1
42,19,1000.9434281066021,149.43685925302245,899.7735772544155,4.800741022879871,1.973912807139319,1.51875,80.47667946438845,70.75447880951478,12.080767645459108,1
42,20,1001.0764123645691,149.40949344702165,899.7416610325034,4.816736158062471,1.9785380214327697,1.51875,80.51667793499317,70.93266156878971,11.903144307495293,1
42,21,1001.2247884909792,149.38349674185605,899.706050762165,4.832762076981958,1.960432036016344,1.51875,80.55990331016194,71.05712505937115,11.795915660678434,1
42,22,1001.3901100406189,149.35907688644596,899.6663735902515,4.8488218867479045,1.9851220679420263,1.51875,80.60659347227005,70.9420366462681,11.989784470083974,1
42,23,1001.5740624179354,149.33645768777245,899.6222250196955,4.864918958169204,1.9964740257621794,1.51875,80.65699996574692,71.14800055585435,11.789428585157903,1
42,24,1001.7784702441587,149.31588026900755,899.5731671414019,4.8810569404883175,1.9521655634037314,1.51875,80.7113880976635,71.45254730077167,11.471542015469145,1
42,25,1002.0053044185671,149.29760428408625,899.5187269395439,4.897239775503801,1.993182399768505,1.51875,80.77003689672975,71.404633131782,11.59514607740254,1
42,26,1002.256688693903,149.28190907198453,899.4583947134632,4.913471710721139,1.9858527002781596,1.51875,80.83323890236417,70.41900410512251,12.88360449074752,1
42,27,1002.5349055542159,149.26909472863048,899.3916226669882,4.929757311108432,1.9996950129660407,1.51875,80.90129975261011,71.17409727560602,12.023542893314604,1
42,28,1002.842401149379,149.25948306894065,899.317823724149,4.946101468965424,1.9849070247775202,1.51875,80.97453753692996,71.33318950631458,11.906641672659456,1
42,29,1003.1817890048219,149.2534184459235,899.2363706388427,4.962509411342977,2.0165681833937956,1.51875,81.05328187745829,71.06238984855001,12.326326334340376,1
42,30,1003.5558521884958,149.2512683881691,899.146595474761,4.978986704376991,1.9674345813361152,1.51875,81.13787270031865,70.96454987912742,12.53831593387496,1
42,31,1003.9675435809611,149.25342401144866,899.0477895405694,4.995539253828589,1.9564437901130018,1.51875,81.22865865732987,70.93183653181913,12.676341448587472,1
42,32,1004.4199838603529,149.2603001547431,898.9392038735153,5.012173301054039,1.9408073462154958,1.51875,81.32599515810588,71.40260682286475,12.201988203094308,1
42,33,1004.9164567838603,149.2723351860339,898.8200503718735,5.028895413567721,2.017598772436146,1.51875,81.43024197348664,71.99522563091557,11.58662447011158,1
42,34,1005.460401323729,149.289990418915,898.689503682305,5.045712469314124,1.9607952786600642,1.51875,81.54176037375878,71.30056710790754,12.559445882587287,1
42,35,1006.0554002016139,149.31374907789197,898.5467039516127,5.0626316337365616,2.00250948474992,1.51875,81.66090976958553,71.59770383584195,12.323161672014091,1
42,36,1006.7051643637441,149.34411474855037,898.3907605527014,5.079660328727488,1.9805329545727965,1.51875,81.78804383033176,71.43065655599632,12.663693602724749,1
42,37,1007.4135129545675,149.3816092490971,898.2207568909038,5.0968061925758015,1.6014086700397685,1.51875,81.92350606388779,70.94490584007634,13.40103805524365,1
42,38,1008.184348382293,149.42676986264115,898.0357563882496,5.11407703009792,1.5874601424498236,1.51875,82.06762485447403,71.42712139892184,12.96553113900933,1
42,39,1009.0216261300561,149.48014587554462,897.8348097287866,5.131480752260112,1.5787100802745713,1.51875,82.22070797047535,71.62683023361919,12.884683187914552,1
42,40,1009.9293190550571,149.54229437678754,897.6169634267862,5.149025304776781,1.5785173870395603,1.51875,82.38303657321373,71.31011889744536,13.440773897582513,1
42,41,1010.9113760381214,149.61377528704253,897.3812697508508,5.166718585409576,1.5796928673205473,1.51875,82.55485877965769,71.08051420726893,13.899054207111245,1
42,42,1011.9716749997921,149.6951456044196,897.1267980000499,5.1845683499995845,1.5900969357648356,1.51875,82.73638285709535,71.9206259815839,13.072552246081074,1
42,43,1013.1139704868674,149.78695287681768,896.8526470831519,5.202582107640401,1.5647103505119813,1.51875,82.9277701552076,71.47248796732528,13.813565909758111,1
42,44,1014.3418362536655,149.88972793844587,896.5579592991203,5.220767005840664,1.5654476080074826,1.51875,83.12912790989067,71.83115201747474,13.59087503559833,1
42,45,1015.6586035111545,150.00397697997158,896.2419351573229,5.239129707022309,1.5821603603016163,1.51875,83.34050208237963,72.46464885169578,13.049901259214138,1
42,46,1017.067295787218,150.13017305714283,895.9038490110677,5.257676258241102,1.6076244614631274,1.51875,83.56187042515853,72.37463659208963,13.387964841079821,1
42,47,1018.5705616223102,150.26874718039863,895.5430652106455,5.276411956577954,1.580267854387888,1.51875,83.79313599093996,71.95849507631144,14.12364005078904,1
42,48,1020.1706066027497,150.42007916625542,895.15905441534,5.295341213205499,1.6114353858093295,1.51875,84.03412132054993,72.32919623050573,13.92877667560242,1
42,49,1021.869126492091,150.58448846802978,894.7514096418981,5.314467419650849,1.5834701238196094,1.51875,84.28456355763416,72.72017660153911,13.720646424404,1
42,50,1023.6672434402025,150.76222523625037,894.3198615743514,5.333792820213739,1.5790745582483579,1.51875,84.54411074051889,73.03363344023104,13.61475944269563,1
42,51,1025.5654474094608,150.95346188522493,893.8642926217294,5.353318394818922,1.5869504800229548,1.51875,84.8123195123691,73.16011138907972,13.73881552855068,1
42,52,1027.5635450377774,151.1582854588995,893.3847491909335,5.373043756742222,1.586789552327031,1.51875,85.08865446851274,73.03001136336319,14.171857788175373,1
42,53,1029.6606181410893,151.37669109382335,892.8814516461385,5.392967069615512,1.5793263533713477,1.51875,85.37248932366903,73.20375107639016,14.253699691412367,1
42,54,1031.8549939298434,151.60857686760363,892.3548014568375,5.413084987859687,1.5521569247723153,1.51875,85.66311003197218,73.09635746550666,14.669970027676108,1
42,55,1034.1442287674734,151.8537402963443,891.8053850958064,5.4333926242016135,1.5926535918573779,1.51875,85.95971993032262,73.2558205874318,14.778898015475587,1
42,56,1036.5251069345475,152.1118767038256,891.2339743357086,5.4538835472024285,1.5697581753334007,1.51875,86.26144690306528,73.5133754097792,14.778411388822969,1
42,57,1038.9936553898585,152.3825796293906,890.641522706434,5.474549810779717,1.568688262180128,1.51875,86.56735248671302,74.00219589043863,14.514890701090785,1
42,58,1041.5451749584774,152.6653433727046,890.0291580099654,5.495382016583622,1.5697179659735747,1.51875,86.876442751748,73.85006248050682,14.994145545835073,1
42,59,1044.1742877547003,152.95956769499566,889.3981709388719,5.516369408842734,1.574132031093975,1.51875,87.18768071940886,74.23069856100963,14.861024001886166,1
42,60,1046.875,153.26456461236046,888.75,5.5375,1.5651114969463824,1.51875,87.5,74.97635494818847,14.312737202070316,1
42,61,1049.6407787620897,153.57956713223567,888.0862130970985,5.558760724190845,1.5969505010700515,1.51875,87.81231928059114,74.63565007332578,15.005490476981123,1
42,62,1052.4646405616274,153.9037397045071,887.4084862652094,5.580137614456588,1.6092159590824673,1.51875,88.123557248252,75.14061852537097,14.73265393305325,1
42,63,1055.3392493059457,154.2361900891024,886.718580166573,5.601615998611892,1.5658224387282664,1.51875,88.43264751328698,75.25130483199864,14.905516290584705,1
42,64,1058.2570206462315,154.5759822867871,886.0183150449044,5.623180707959129,1.5789608826406352,1.51875,88.73855309693472,76.38796455084508,13.917951234339277,1
42,65,1061.2102296384405,154.92215014268837,885.3095448867742,5.644816292610215,1.5470494527618466,1.51875,89.04028006967738,75.41872616205158,15.298193016650908,1
42,66,1064.1911185301913,155.27371121485405,884.5941315527541,5.666507237060383,1.5832128516558461,1.51875,89.33688996802782,76.506291696642,14.362038208379182,1
42,67,1067.1920015952264,155.6296805034324,883.8739196171456,5.68823816985712,1.5788960853372087,1.51875,89.62751067633097,76.78380245852699,14.330095883379002,1
42,68,1070.2053641813682,155.98908365879464,883.1507125964716,5.70999406169607,1.5552174212731036,1.51875,89.91134553148726,76.5772683366176,14.830249860069117,1
42,69,1073.223953504847,156.35096932672695,882.4262511588367,5.731760407009694,1.5803217997910222,1.51875,90.1876804876309,77.68377077222095,13.86432121083859,1
42,70,1076.2408591837166,156.7144203422088,881.7021937959081,5.7535233850341,1.5890562543427054,1.51875,90.45588925948111,77.62133465244932,14.188744052048044,1
42,71,1079.249582021664,157.07856354609933,880.9801003148007,5.775269997376661,1.5563691112295592,1.51875,90.71543644236584,77.8152845994136,14.220459437626234,1
42,72,1082.2440900958754,157.4425780668185,880.2614183769899,5.796988180191751,1.5541996561648683,1.51875,90.96587867945007,78.49184112167086,13.71287535377504,1
42,73,1085.2188617355607,157.80570197749992,879.5474731834654,5.818666890137788,1.557604094953637,1.51875,91.20686400906004,77.99861372588622,14.481640638210939,1
42,74,1088.1689154727364,158.16723730423416,878.8394602865433,5.840296164278806,1.548381128279612,1.51875,91.43812957484147,78.52741236887813,14.119620847445272,1
42,75,1091.0898274814092,158.5265534197443,878.1384414044618,5.861867154962818,1.5787184740981666,1.51875,91.65949791762037,79.24914706739686,13.539623423834811,1
42,76,1093.9777373800323,158.8830889068333,877.4453430287923,5.883372141426731,1.593370939513673,1.51875,91.87087209010933,78.83628503995459,14.187943091875823,1
42,77,1096.8293435467724,159.23635201580876,876.7609575487746,5.904804520426879,1.59531055186925,1.51875,92.0722298447924,78.96569235819852,14.235060352820577,1
42,78,1099.6418892861004,159.58591986927428,876.085946571336,5.9261587785722005,1.5634755803642915,1.51875,92.26361714290465,79.60928899177547,13.715404341376761,1
42,79,1102.4131412924003,159.9314365863889,875.420846089824,5.947430449251467,1.5552049135702524,1.51875,92.44514122034231,80.14357293013096,13.306884632141621,1
42,80,1105.1413618898857,160.27261050773137,874.7660731464275,5.968616057113104,1.6234288978378648,1.51875,92.61696342678627,80.04382905228765,13.575412008014803,1
42,81,1107.8252764991144,160.60921070249296,874.1219336402125,5.989713052998229,1.5648089027670802,1.51875,92.77929202952465,80.29609879713531,13.454719215163745,1
42,82,1110.4640377013677,160.94106293334363,873.4886309516718,6.010719742069402,1.5666951945706642,1.51875,92.93237514552597,80.66084820925818,13.20479210506714,1
42,83,1113.0571871559703,161.26804524254516,872.8662750825672,6.031635207645274,1.551394551526848,1.51875,93.07649393611221,80.90758290171435,13.074096928006995,1
42,84,1115.604616484597,161.59008330728705,872.2548920436967,6.052459232969194,2.016081105912301,1.51875,93.21195616966824,80.8211503387343,13.293150728839642,1
42,85,1118.1065280817947,161.907145694222,871.6544332603693,6.073192222830256,1.9544696925420981,1.51875,93.33909023041448,81.47307180250004,12.712807033604347,1
42,86,1120.5633966517444,162.21923912403756,871.0647848035813,6.093835126636822,1.9886804975504224,1.51875,93.45823962624122,82.13125703790975,12.119833022353529,1
42,87,1122.9759321152774,162.52640383765055,870.4857762923334,6.114389364230554,1.994041330990921,1.51875,93.56975802651336,81.58725516110776,12.805956879796893,1
42,88,1125.3450443840293,162.82870913706034,869.917189347833,6.1348567554347255,1.9643557246089782,1.51875,93.67400484189412,82.02347619484522,12.437312429113097,1
42,89,1127.6718103643377,163.12624915663773,869.358765512559,6.155239454062009,1.9765386634539077,1.51875,93.77134134267013,82.52766104017999,11.990529453345635,1
42,90,1129.9574434345127,163.4191389050455,868.810213575717,6.175539886869025,1.9504580988714928,1.51875,93.86212729968135,82.58471054919902,12.014874449282397,1
42,91,1132.2032655365933,163.70751060431212,868.2712162712176,6.195760697739853,1.9894530120528184,1.51875,93.94671812254171,82.77105330511746,11.895747973704623,1
42,92,1134.4106819377546,163.9915103408892,867.741436334939,6.215904697208843,1.9738379744331036,1.51875,94.02546246307004,83.66454198796437,11.01927095458327,1
42,93,1136.5811586465895,164.2712950337961,867.2205219248185,6.2359748172931795,2.0176432314112875,1.51875,94.09870024738989,82.7472860360723,12.063306062117956,1
42,94,1138.7162024143508,164.5470297170897,866.7081114205558,6.255974071495368,1.9801205925808738,1.51875,94.16676109763583,84.44285234999141,10.32626442101187,1
42,95,1140.8173432094452,164.81888512773588,866.2038376297331,6.275905519752224,1.9874195784975557,1.51875,94.22996310327025,83.77821972660796,11.091740920250412,1
42,96,1142.8861190233652,165.08703558532184,865.7073314343924,6.29577223804673,2.0040964047098973,1.51875,94.2886119023365,84.04769291870689,10.861246949140673,1
42,97,1144.9240628460989,165.35165714673235,865.2182249169363,6.3155772923588644,1.992025384051131,1.51875,94.34300003425308,84.10306322136283,10.8539444465116,1
42,98,1146.9326916372434,165.61292601671744,864.7361540070616,6.33532371660782,1.9819128483492026,1.51875,94.39340652772995,84.47703021266406,10.50536968612607,1
42,99,1148.9134971139551,165.87101719401653,864.2607606926508,6.35501449422791,1.995153816454384,1.51875,94.44009668983806,84.4186572950408,10.61142432722179,1
42,100,1150.8679381771544,166.12610333219004,863.791694837483,6.374652543020976,1.9686646593850867,1.51875,94.48332206500683,84.13497111503321,10.952568901899642,1
42,101,1152.7974348017465,166.37835379439187,863.3286156475808,6.394240702936826,1.9700996200239078,1.51875,94.52332053561155,85.1843297112347,9.880091782068105,1
42,102,1154.7033632240027,166.62793388184843,862.8711928262394,6.413781726448005,1.987107130260907,1.51875,94.56031653872965,84.79500060077564,10.327076193695243,1
42,103,1156.5870522687462,166.87500421667679,862.4191074555009,6.433278271204159,1.9397653916384203,1.51875,94.59452137650452,85.19349363624053,9.938237017814249,1
42,104,1158.449780669844,167.1197202607727,861.9720526392374,6.452732894673021,1.9963181981937839,1.51875,94.62613360029329,85.31604173385995,9.838816732975427,1
42,105,1160.2927752491364,167.36223195374993,861.5297339402073,6.472148050498273,1.9489441910579883,1.51875,94.65533945134962,85.42150268927278,9.755220165707383,1
42,106,1162.1172098308796,167.60268345424151,861.0918696405889,6.491526086328426,1.9843658184192194,1.51875,94.68231334317399,86.17436689573596,8.985782187852934,1
42,107,1163.924204780612,167.8412129702401,860.6581908526531,6.510869242894557,1.9727087405784165,1.51875,94.70721837283995,86.28222452857506,8.895830739213222,1
42,108,1165.7148270688972,168.0779526655065,860.2284415034648,6.530179654137795,1.996723484103886,1.51875,94.73020685056862,85.80401677305433,9.422749484327461,1
42,109,1167.490090771365,168.31302863039312,859.8023782148724,6.549459348209396,2.0028568035062873,1.51875,94.75142083857892,86.4211986135712,8.791659429782387,1
42,110,1169.2509579268105,168.54656090668266,859.3797700975654,6.568710249186955,1.95370898006602,1.51875,94.77099269179439,86.9911203461025,8.209128262476767,1
42,111,1170.9983396846872,168.7786635572262,858.9603984756751,6.587934179369375,1.9753311293823026,1.51875,94.78904559435132,86.06552675463462,9.20308753508175,1
42,112,1172.7330976821283,169.00944477226074,858.5440565562892,6.607132862030923,1.9637173141828221,1.51875,94.80569408703957,86.52086961953519,8.73874143033879,1
42,113,1174.4560455986527,169.23900700529765,858.1305490563233,6.626307924530639,1.964207842458607,1.51875,94.82104458183245,86.83980143825698,8.417164331792923,1
42,114,1176.1679508439256,169.4674471323955,857.7196917974578,6.645460901687851,1.9726948558152055,1.51875,94.8351958605411,87.05709724992214,8.201700370880205,1
42,115,1177.869536340434,169.69485662946406,857.3113112782959,6.664593239347535,1.9758929366213631,1.51875,94.84823955537536,87.48898570539369,7.758977799145242,1
42,116,1179.5614823687067,169.92132176299629,856.9052442315104,6.683706298070748,1.9629139139563587,1.51875,94.860260609824,87.82051884080727,7.421170597424727,1
42,117,1181.2444284478058,170.14692379029503,856.5013371725266,6.702801356895612,1.9533389711694709,1.51875,94.87133771879432,87.8062112229497,7.4470611100543165,1
42,118,1182.9189752283196,170.37173916585562,856.0994459452033,6.721879617123307,2.010708067694623,1.51875,94.88154374738872,87.77681939572021,7.487994051386881,1
42,119,1184.5856863790102,170.59583975109044,855.6994352690376,6.740942206091354,1.9817119485606691,1.51875,94.8909461280546,87.67828462376022,7.60100072620305,1
43,0,1000.0,150.0,900.0,4.5,1.9277707918005598,1.51875,79.93307149075716,70.96519860719734,11.219227181326062,1
43,1,999.9924268144482,149.98038879710452,900.0018175645324,4.5157140202955635,1.9235936508474258,1.51875,79.92729741870306,70.42433093307525,11.88951308568092,1
43,2,999.9835477426928,149.95486237113536,900.0039485417537,4.531425428818719,1.9774172239057677,1.51875,79.92102916492581,70.83590717589519,11.367623870661724,1
43,3,999.9731953580822,149.92642786510186,900.0064331140603,4.5471338907161645,1.9615221213089242,1.51875,79.91422514586289,71.16224346785343,10.951719374160186,1
43,4,999.9611835027289,149.89586976725658,900.009315959345,4.562839033672124,1.949844367470126,1.51875,79.90684040654934,70.77676689768822,11.425897285400358,1
43,5,999.947305401172,149.86357831284204,900.0126467037187,4.578540444135677,1.9416261232414098,1.51875,79.89882637025025,71.36441571186677,10.681521927287289,1
43,6,999.9313316085588,149.82978449875458,900.0164804139459,4.594237663217117,1.9376456709649381,1.51875,79.89013057369407,70.93034892353053,11.21512956083937,1
43,7,999.9130077828352,149.79463635155156,900.0208781321196,4.609930182232337,1.9623682105194795,1.51875,79.88069638788829,70.97080116250322,11.154002942237758,1
43,8,999.8920522705776,149.75823175468074,900.0259074550614,4.625617437874489,1.9705095002127135,1.51875,79.87046272469304,70.78427619281298,11.376153614133177,1
43,9,999.8681534964696,149.7206349740329,900.0316431608474,4.641298806992939,1.9622888313756788,1.51875,79.85936372956755,70.35320313004324,11.903626770325365,1
43,10,999.8409671470795,149.68188584101887,900.0381678847009,4.656973600960826,1.9757601368648972,1.51875,79.84732846119626,71.2369204467018,10.78358935788176,1
43,11,999.8101131405812,149.64200519473914,900.0455728462605,4.672641059614495,1.9427333080114004,1.51875,79.83428055905262,71.00249606919036,11.062646807882832,1
43,12,999.7751723754739,149.600998237017,900.0539586298863,4.688300344750948,1.9666431269767468,1.51875,79.82013790037908,70.57557827864326,11.581738474661183,1
43,13,999.7356832532582,149.5588566371245,900.063436019218,4.703950533173184,1.9459313056762435,1.51875,79.80481224855997,70.47514213666487,11.690610940649693,1
43,14,999.6911379725303,149.5155598424774,900.0741268865927,4.719590609278394,1.971590156114705,1.51875,79.78820889544933,71.13031092877526,10.85109953780134,1
43,15,999.6409785951558,149.4710758594245,900.0861651371625,4.735219457190312,1.9432028492645403,1.51875,79.77022630089975,70.7372945837684,11.32368821803062,1
43,16,999.5845928892147,149.4253616648737,900.0996977065885,4.750835852445096,1.9458426963707984,1.51875,79.75075573352886,70.58435235516272,11.493813812866975,1
43,17,999.5213099583734,149.37836335099334,900.1148856099904,4.76643845325008,1.9453410760602676,1.51875,79.72968091766968,70.53625270327643,11.530747531633235,1
43,18,999.4503956734121,149.33001607080485,900.1319050383811,4.7820257913468245,1.9667884499110742,1.51875,79.70687769248644,71.19958440502461,10.673223608486389,1
43,19,999.3710479289318,149.28024383164734,900.1509484970563,4.7975962625245305,1.9677256873477533,1.51875,79.68221369040769,70.49402722546685,11.531038156946854,1
43,20,999.282391756954,149.2289591706996,900.1722259783311,4.813148116847241,1.9446528120221114,1.51875,79.65554804333789,71.0014644174161,10.864382756130674,1
43,21,999.1834743393472,149.17606273890874,900.1959661585566,4.828679448678694,1.9641969883319157,1.51875,79.62673112655871,70.28133798631713,11.73650231275728,1
43,22,999.0732599729208,149.12144281504047,900.222417606499,4.8441881866125085,1.963631619595708,1.51875,79.59560435181997,70.44988990641068,11.490225521731563,1
43,23,998.9506250547098,149.06497476908666,900.2518499868696,4.859672083442753,1.9457425399747683,1.51875,79.56200002283539,71.1750410047377,10.541413005820022,1
43,24,998.8143531705608,149.00652049330623,900.2845552390654,4.875128706341122,1.9712632344854322,1.51875,79.52574126822434,71.20408974992878,10.464098021077598,1
43,25,998.663130387622,148.94592781933633,900.3208487069708,4.89055542744191,1.9274964201597553,1.51875,79.48664206884683,70.51217836406872,11.290530674330089,1
43,26,998.4955408707314,148.88302994083017,900.3610701910245,4.905949415074796,1.9375658067367374,1.51875,79.44450739842388,70.7073818469636,10.99777169948645,1
43,27,998.310062963856,148.8176448627732,900.4055848886745,4.921307625927712,1.9531558504836286,1.51875,79.39913349825993,71.13068732571796,10.413773813694299,1
43,28,998.1050659004139,148.74957490086192,900.4547841839006,4.936626798467494,1.9302495849241175,1.51875,79.35030830871337,70.52254377254361,11.12505385842387,1
43,29,997.8788073301188,148.67860625697983,900.5090862407715,4.951903447993571,1.977294648988232,1.51875,79.29781208169447,70.38127214997151,11.244370680160678,1
43,30,997.6294318743361,148.60450869974926,900.5689363501593,4.967133863748672,1.9633588775689075,1.51875,79.24141819978756,70.66936906339235,10.817637204300047,1
43,31,997.354970946026,148.52703538224884,900.6348069729538,4.982314108558719,1.9565833022632257,1.51875,79.18089422844675,70.42306004471206,11.060539627738029,1
43,32,997.0533440930981,148.44592283210525,900.7071974176565,4.997440021519529,1.9629653533357747,1.51875,79.11600322792941,70.4488643899165,10.954975585714696,1
43,33,996.722362144093,148.3608911521126,900.7866330854176,5.0125072242881865,1.9204298483183777,1.51875,79.0465053510089,70.72609088849038,10.52597382461302,1
43,34,996.3597324508473,148.2716444720793,900.8736642117966,5.027511131568361,1.8987600531177053,1.51875,78.97215975082749,70.36255448460813,10.90207649554519,1
43,35,995.9630665322575,148.1778716944915,900.9688640322582,5.042446966397848,1.9546445895482027,1.51875,78.89272682027632,70.77023182949239,10.29561953066675,1
43,36,995.5298904241706,148.07924757750988,901.0728262981991,5.057309780848341,1.9733522115125284,1.51875,78.80797077977883,71.05317101472096,9.840121104917037,1
43,37,995.0576580302883,147.97543419844516,901.1861620727308,5.072094482727243,1.9782567919818737,1.51875,78.7176626240748,70.5399270015066,10.38869213078889,1
43,38,994.543767745138,147.86608283882128,901.3094957411669,5.086795868823609,1.971334183134155,1.51875,78.62158343035064,70.48475236295367,10.349360458512303,1
43,39,993.9855825799626,147.75083632805362,901.443460180809,5.1014086651599255,1.9625399401167427,1.51875,78.51952801968311,70.19620765109387,10.600318899653553,1
43,40,993.3804539632952,147.6293318762742,901.5886910488091,5.115927574593257,1.9580633439074602,1.51875,78.41130895119085,70.17749128470113,10.500803744540303,1
43,41,992.7257493079192,147.5012044175964,901.7458201660994,5.130347331949172,1.9453509461370626,1.51875,78.29676081356155,70.39157872282814,10.096435674468122,1
43,42,992.0188833334719,147.36609047287396,901.9154679999667,5.1446627666669436,1.9906494091353206,1.51875,78.17574476193644,70.3448531762891,10.01703483541378,1
43,43,991.2573530087551,147.22363252564324,902.0982352778988,5.1588688726841765,1.9485876689172472,1.51875,78.0481532298616,69.87665777994285,10.469812688395935,1
43,44,990.4387758308897,147.07348388647625,902.2946938005865,5.1729608849951125,1.96674585928091,1.51875,77.91391472673955,69.96853954185924,10.197633134911015,1
43,45,989.5609309925637,146.91531399967417,902.5053765617847,5.186934361985127,1.956304880767239,1.51875,77.77299861174691,70.1947226868949,9.744096357508038,1
43,46,988.6218028085214,146.74881412260746,902.7307673259548,5.200785272283709,1.9741040097587474,1.51875,77.62541971656097,70.16909248723577,9.605522593695463,1
43,47,987.6196255851265,146.57370328287158,902.9712898595697,5.214510084503586,1.924352666937366,1.51875,77.4712426727067,69.2739616800055,10.581062998217682,1
43,48,986.5529289315002,146.3897343928889,903.22729705644,5.228105857863,1.9628512619205325,1.51875,77.31058578630005,69.75268362429046,9.776024958471998,1
43,49,985.420582338606,146.1967003770544,903.4990602387345,5.241570331343879,1.9566512194449048,1.51875,77.14362429491057,70.13914342947785,9.079792308766105,1
43,50,984.2218377065317,145.99444014464396,903.7867589504324,5.254902008746397,1.9364900658032873,1.51875,76.97059283965407,69.89008068981836,9.19898351905111,1
43,51,982.9563683936927,145.78284422428155,904.0904715855138,5.268100236787386,1.9366885627089003,1.51875,76.79178699175392,69.86222737694831,9.023829091970113,1
43,52,981.6243033081485,145.56185986463547,904.4101672060444,5.281165273282964,1.9638321972706485,1.51875,76.60756368765817,68.84633549768566,10.131151307221225,1
43,53,980.2262545726071,145.3314954028857,904.7456989025743,5.294098342478548,1.9404762536439848,1.51875,76.41834045088731,69.73294941134233,8.748411703394112,1
43,54,978.7633373801043,145.09182370878037,905.096799028775,5.3069016747602085,1.9846256639350701,1.51875,76.22459331201854,69.24775188891995,9.153005768806816,1
43,55,977.2371808216843,144.84298452868632,905.4630766027957,5.319578528310036,1.9559065222780816,1.51875,76.02685337978491,68.98295896909161,9.265008477341807,1
43,56,975.6499287103017,144.58518558118865,905.8440171095276,5.332133190753937,1.9575623807255664,1.51875,75.82570206462314,68.73246203089082,9.354664501077814,1
43,57,974.0042297400943,144.31870229298187,906.2389848623774,5.344570959480189,1.9730422127749814,1.51875,75.62176500885798,68.81783306340246,8.997319679934126,1
43,58,972.3032166943483,144.04387610965725,906.6472279933564,5.356898100055363,1.9295147218767847,1.51875,75.415704832168,68.65888306449455,8.959435946014505,1
43,59,970.5504748301998,143.76111136835706,907.067886040752,5.369121782993733,1.9521215112100907,1.51875,75.20821285372743,68.2351219072418,9.271714726219598,1
43,60,968.75,143.47087077527908,907.5,5.38125,1.9867923646546186,1.51875,75.0,68.2321352959818,9.023819605357593,1
43,61,966.9061474919403,143.17366958733265,907.9425246019343,5.393291461650547,1.909685032959019,1.51875,74.79178714627257,67.90772880186402,9.204297165603467,1
43,62,965.023572958915,142.8700686503304,908.3943424898604,5.405255479251164,1.9686915969724759,1.51875,74.584295167832,67.58702180993521,9.381698039984553,1
43,63,963.1071671293696,142.56066649251395,908.8542798889513,5.417151834258739,1.9680119310004902,1.51875,74.37823499114202,67.39999070500765,9.382105244854808,1
43,64,961.1619862358457,142.24609070895943,909.321123303397,5.428990639138358,1.9755553008618634,1.51875,74.17429793537686,67.36613014601268,9.178607656382109,1
43,65,959.1931802410397,141.92698889720506,909.7936367421505,5.440782193815412,1.9417860018246371,1.51875,73.97314662021509,67.21381697620022,9.137545113117719,1
43,66,957.2059209798725,141.60401941591584,910.2705789648306,5.452536841959745,1.9607708811118332,1.51875,73.77540668798146,67.73931934282231,8.181706636586346,1
43,67,955.2053322698489,141.27784223621603,910.7507202552363,5.464264831206364,1.9491184953467917,1.51875,73.58165954911269,67.00182711437962,8.942218040544873,1
43,68,953.196423879088,140.94911014015918,911.2328582690188,5.475976181091509,1.937356455866713,1.51875,73.39243631234183,66.33528973040394,9.615631986795266,1
43,69,951.1840309967687,140.61846049426734,911.7158325607755,5.487680561993537,1.9393513665594244,1.51875,73.20821300824608,66.27507767825638,9.470433773883753,1
43,70,949.172760544189,140.28650779047757,912.1985374693946,5.499387187755045,1.9110755083011226,1.51875,73.02940716034593,66.43502616852614,9.029761089722303,1
43,71,947.1669453188907,139.953837104961,912.6799331234662,5.511104723971115,1.9379699234200065,1.51875,72.85637570508945,66.72122744990646,8.420880390780141,1
43,72,945.1706066027496,139.62099858010308,913.15905441534,5.522841213205499,1.9317097831513426,1.51875,72.68941421369995,66.33396208716536,8.743298037662216,1
43,73,943.1874255096262,139.28850298933898,913.6350178776897,5.534604017685919,1.9618382806358732,1.51875,72.5287573272933,66.38899885928355,8.46527459488032,1
43,74,941.2207230181758,138.95681840110862,914.1070264756378,5.546399779369685,1.945137311726955,1.51875,72.37458028343903,66.20269410236415,8.527698754043278,1
43,75,939.2734483457273,138.6263679190473,914.5743723970255,5.5582343966914545,1.960040761549499,1.51875,72.22700138825309,65.9949978871323,8.628356959775921,1
43,76,937.3481750799785,138.2975284421942,915.0364379808051,5.570113016826624,1.9967049624375168,1.51875,72.08608527326045,65.4819236713466,9.16149292457637,1
43,77,935.4471043021517,137.97063036242383,915.4926949674835,5.582040041937637,1.9522380180638574,1.51875,71.9518467701384,65.21333851839564,9.365302704835349,1
43,78,933.5720738092664,137.6459580968489,915.942702285776,5.594019147618533,1.9796680203408166,1.51875,71.82425523806356,65.96615819489197,8.156154245880797,1
43,79,931.724572471733,137.32375134046703,916.3861026067841,5.6060533116101325,1.9635051296285726,1.51875,71.70323918643845,64.5322308812089,10.000954470946457,1
43,80,929.9057587400763,137.00420691830092,916.8226179023817,5.618144850813486,1.9311596286777626,1.51875,71.58869104880915,65.18325825885978,8.947548413173458,1
43,81,928.1164823339237,136.68748111588818,917.2520442398583,5.630295464667848,1.9259347002581582,1.51875,71.48047198031689,64.49968791750774,9.766001635707445,1
43,82,926.3573081990883,136.37369237123121,917.6742460322188,5.642506283064844,1.9361096746035773,1.51875,71.37841656964936,64.51617334217393,9.613891085380716,1
43,83,924.6285418960199,136.06292421916208,918.0891499449552,5.654777917125373,1.953956030974556,1.51875,71.2823373759252,63.84079991642907,10.439525040054901,1
43,84,922.9302556769353,135.7552283894781,918.4967386375355,5.6671105113538705,1.918273052649277,1.51875,71.19202922022117,63.784746764617395,10.4046513868716,1
43,85,921.2623146121367,135.45062797220072,918.8970444930872,5.67950379589094,1.9211412748692187,1.51875,71.10727317972368,64.10233465984517,9.851226473237865,1
43,86,919.6244022321705,135.14912057607137,919.2901434642791,5.691957137797674,1.952713388762836,1.51875,71.02784024917251,64.28881495115384,9.487864581518352,1
43,87,918.0160452564819,134.85068141923057,919.6761491384443,5.704469590512963,1.9599204161758137,1.51875,70.9534946489911,63.680621118856436,10.25019777547782,1
43,88,916.4366370773137,134.55526630339318,920.0552071014447,5.717039940821294,1.953420393155913,1.51875,70.88399677207059,64.03358604909617,9.664255734622438,1
43,89,914.8854597571083,134.26281443433905,920.427489658294,5.72966675284755,1.9442741738971958,1.51875,70.81910577155325,63.48657413095816,10.353889053962662,1
43,90,913.3617043769916,133.9732510619246,920.793190949522,5.742348408753983,1.9299226818878692,1.51875,70.75858180021244,63.19887594479217,10.683800696804768,1
43,91,911.8644896422711,133.6864899219379,921.1525224858549,5.755083145951209,1.9625333130023148,1.51875,70.70218791830553,63.33969658338562,10.413385429354845,1
43,92,910.3928787081636,133.40243546991292,921.5057091100407,5.767869090749661,1.9879896479409542,1.51875,70.64969169128665,63.034871338800286,10.77827824891345,1
43,93,908.9458942356069,133.12098490350294,921.8529853834543,5.780704288471214,1.9640492909006595,1.51875,70.60086650174007,63.21348437859786,10.463585631714784,1
43,94,907.5225317237662,132.84202997525784,922.1945923862961,5.793586730114199,1.9470343391600162,1.51875,70.55549260157612,62.83419660648741,10.943578891427407,1
43,95,906.1217711937032,132.5654586017556,922.5307749135112,5.80651437572074,1.9608238650210583,1.51875,70.51335793115317,63.021555889005995,10.62465646503732,1
43,96,904.7425873177566,132.2911562781318,922.8617790437384,5.819485174635513,1.9528615967680392,1.51875,70.47425873177566,62.864836690503296,10.797448853252579,1
43,97,903.3839581026007,132.01900730925982,923.1878500553759,5.832497082871868,1.9495515629143214,1.51875,70.43799997716461,62.12870479128687,11.796608632515884,1
43,98,902.0448722418378,131.7488958702989,923.5092306619589,5.845548077817009,1.9505092976428187,1.51875,70.40439564818003,62.42953091512054,11.327225608058527,1
43,99,900.7243352573634,131.48070691016872,923.8261595382328,5.8586361705147265,1.9877466979354876,1.51875,70.37326887344129,62.619796274994016,11.017638831572619,1
43,100,899.4213745485637,131.21432691185143,924.1388701083447,5.871759415763794,1.9528520101514792,1.51875,70.34445195666211,62.43214799899446,11.24794313920062,1
43,101,898.1350434655025,130.94964452336697,924.4475895682795,5.884915920264338,1.9283594649952633,1.51875,70.31778630959231,61.98366616396759,11.85207979803515,1
43,102,896.8644245173316,130.6865510729133,924.7525381158405,5.898103849034663,1.9421260491018661,1.51875,70.29312230751356,62.18840708508199,11.529883659137532,1
43,103,895.6086318208356,130.42494098108423,925.0539283629994,5.9113214303083375,1.9401267818423313,1.51875,70.27031908233032,61.815421876346015,12.031960743024877,1
43,104,894.3668128867707,130.16471208234557,925.351964907175,5.924566959106874,1.9274645542134805,1.51875,70.24924426647114,61.860061403226624,11.942025783825464,1
43,105,893.1381498339091,129.90576586711734,925.6468440398618,5.937838799667818,1.9521331514457851,1.51875,70.22977369910026,61.89877705744698,11.862485385966744,1
43,106,891.9218601127469,129.64800765492168,925.9387535729408,5.951135386892161,1.934901503176458,1.51875,70.21179110455067,61.76671920302455,12.027996677866783,1
43,107,890.7171968129254,129.39134670814775,926.2278727648979,5.964455226959184,1.9280163400532968,1.51875,70.19518775144003,61.48433861319579,12.409467681871885,1
43,108,889.5234486207354,129.1356962950802,926.5143723310235,5.97779689724147,1.9548532703092065,1.51875,70.17986209962092,61.39495989935139,12.517696583386389,1
43,109,888.3399394857568,128.8809737099629,926.7984145234184,5.99115904563818,1.917584938587193,1.51875,70.16571944094738,60.9119245389041,13.188484313670335,1
43,110,887.1660280487929,128.62710025703024,927.0801532682897,6.004540389430919,1.9532397249476454,1.51875,70.15267153880374,61.44994341305308,12.405412274195292,1
43,111,886.0011068768752,128.37400120465256,927.35973434955,6.0179397137537505,1.9556081633633384,1.51875,70.14063627043245,61.36267797626283,12.514797071879343,1
43,112,884.8446015452478,128.12160571500857,927.6372956291406,6.031355869757162,1.9432109778701017,1.51875,70.12953727530696,61.29753650763141,12.593838646052705,1
43,113,883.6959696008983,127.86984675402518,927.9129672957845,6.0447877725351296,1.9555430291772762,1.51875,70.11930361211171,60.79910661029234,13.291913241718916,1
43,114,882.554699437383,127.61866098570994,928.1868721350281,6.058234398874766,1.9591109018153696,1.51875,70.10986942630593,60.98835130545352,13.010319653269711,1
43,115,881.4203091063773,127.36798865444558,928.4591258144694,6.071694784879421,1.9822717093396491,1.51875,70.10117362974975,61.238222527605096,12.643085191348879,1
43,116,880.2923450875288,127.11777345831597,928.7298371789931,6.085168023508391,1.9469757566245751,1.51875,70.09315959345066,60.5778321443597,13.575258276672203,1
43,117,879.1703810347962,126.86796241608646,928.999108551649,6.098653262069592,1.9800040526492597,1.51875,70.08577485413711,60.80251614129343,13.245567637889499,1
43,118,878.0540165144536,126.61850573006552,929.2670360365312,6.112149699695573,1.9453388722521223,1.51875,70.07897083507419,59.92061382198632,14.49558532615273,1
43,119,876.9428757473265,126.36935664672347,929.5337098206417,6.125656584827986,1.9337118386201553,1.51875,70.07270258129694,60.169015608927815,14.133445132759173,1
44,0,875.0,131.25,950.0,4.25,2.139172651033896,1.6921875,70.06692850924284,58.73225051013434,16.17693002999738,1
44,1,875.0075731855518,131.23362508261698,949.9981824354676,4.26371306303777,2.169644679635907,1.6921875,70.07270258129694,59.598418827131745,14.947737661485425,1
44,2,875.0164522573072,131.21246323453136,949.9960514582463,4.277428737847948,2.179400657961967,1.6921875,70.07897083507419,58.9594908953564,15.867070830544417,1
44,3,875.0268046419178,131.18908506461517,949.9935668859397,4.291147359283836,2.1578276713787043,1.6921875,70.08577485413711,59.45404161250876,15.16960219638746,1
44,4,875.0388164972711,131.16419435120136,949.990684040655,4.304869299661209,2.1598596283869584,1.6921875,70.09315959345066,59.63859219012529,14.915246314994517,1
44,5,875.052694598828,131.13816609941216,949.9873532962813,4.318594972530989,2.145739156978299,1.6921875,70.10117362974975,59.17331716045705,15.588692604505985,1
44,6,875.0686683914412,131.11124534844058,949.9835195860541,4.332324836782883,2.1585638833524343,1.6921875,70.10986942630593,59.4558091258209,15.196234692297864,1
44,7,875.0869922171648,131.08361219496993,949.9791218678804,4.346059401100996,2.1499508794982884,1.6921875,70.11930361211171,59.47885242382679,15.174781608137641,1
44,8,875.1079477294224,131.05541017595476,949.9740925449386,4.359799228792178,2.185932568283423,1.6921875,70.12953727530696,59.07566698208016,15.762075043833116,1
44,9,875.1318465035304,131.02676091267787,949.9683568391526,4.373544943007061,2.1505468865281263,1.6921875,70.14063627043245,59.49502455041767,15.177523738122128,1
44,10,875.1590328529205,130.99777258845626,949.9618321152991,4.387297232372508,2.192390641605066,1.6921875,70.15267153880374,59.43114007345357,15.283140656189756,1
44,11,875.1898868594188,130.96854530929252,949.9544271537395,4.401056857052171,2.13811534872164,1.6921875,70.16571944094738,59.25885856357282,15.544429622151817,1
44,12,875.2248276245261,130.9391747504428,949.9460413701137,4.414824655249053,2.1730439411576343,1.6921875,70.17986209962092,58.986381864887704,15.94970394618897,1
44,13,875.2643167467418,130.90975480043505,949.936563980782,4.42860155016015,2.1322724700555384,1.6921875,70.19518775144003,59.09720792541148,15.810171867231565,1
44,14,875.3088620274697,130.88037959136557,949.9258731134073,4.442388557388273,2.1670327450910962,1.6921875,70.21179110455067,58.82131999831516,16.223017426338313,1
44,15,875.3590214048442,130.85114514081332,949.9138348628375,4.456186792809688,2.139978498368893,1.6921875,70.22977369910025,59.29656249570021,15.567772224702631,1
44,16,875.4154071107853,130.8221507421889,949.9003022934115,4.469997480888237,2.1756504491953006,1.6921875,70.24924426647114,59.33458855093871,15.53704360737418,1
44,17,875.4786900416266,130.79350018961782,949.8851143900096,4.483821963416586,2.1613337698009785,1.6921875,70.27031908233032,59.54262518332401,15.266323021014735,1
44,18,875.5496043265879,130.76530289289497,949.8680949616189,4.497661708653176,2.1857852303318506,1.6921875,70.29312230751356,59.71205248057234,15.052781096636844,1
44,19,875.6289520710682,130.73767491872275,949.8490515029437,4.511518320808803,2.113012842200965,1.6921875,70.31778630959231,59.24396426981931,15.748251787986645,1
44,20,875.717608243046,130.7107399816037,949.8277740216689,4.525393549819426,2.1720903914106864,1.6921875,70.34445195666211,59.77885794308216,15.019797183279241,1
44,21,875.8165256606528,130.68463039875562,949.8040338414434,4.539289301321306,2.166659806346029,1.6921875,70.37326887344129,59.01475820258185,16.140376669565388,1
44,22,875.9267400270792,130.65948801671453,949.777582393501,4.553207646720825,2.1392998167535864,1.6921875,70.40439564818003,59.04976008589022,16.12773670983614,1
44,23,876.0493749452902,130.63546511196517,949.7481500131304,4.567150833223914,2.1599904517473365,1.6921875,70.43799997716461,59.14191621486628,16.036917240637756,1
44,24,876.1856468294392,130.61272526341895,949.7154447609346,4.581121293658878,2.0929468308208623,1.6921875,70.47425873177566,58.88967693685841,16.438032841193916,1
44,25,876.336869612378,130.59144419048172,949.6791512930292,4.595121655891423,2.144955091691942,1.6921875,70.51335793115317,58.88816188930326,16.486516006230122,1
44,26,876.5044591292686,130.57181054659216,949.6389298089755,4.609154751591871,2.1295694851605083,1.6921875,70.55549260157612,59.9133403229028,15.083378892652775,1
44,27,876.689937036144,130.55402665431953,949.5944151113255,4.623223624072288,2.1536676362390366,1.6921875,70.60086650174007,59.21638130156919,16.125135234551674,1
44,28,876.8949340995861,130.53830916431323,949.5452158160994,4.637331534865838,2.1671869426768318,1.6921875,70.64969169128663,59.703308446275415,15.493886785582758,1
44,29,877.1211926698812,130.5248896165651,949.4909137592285,4.651481968673096,2.198652387411426,1.6921875,70.70218791830553,59.91443712127291,15.258015507946615,1
44,30,877.3705681256639,130.51401487859548,949.4310636498407,4.665678636251328,2.1625362507148247,1.6921875,70.75858180021244,58.934113530624536,16.71100235300703,1
44,31,877.645029053974,130.5059474313676,949.3651930270462,4.679925474774615,2.1337904264941847,1.6921875,70.81910577155325,59.272442457165305,16.304446644151266,1
44,32,877.9466559069019,130.5009654700705,949.2928025823435,4.694226645147137,2.1639713382237127,1.6921875,70.88399677207059,59.46966553055079,16.102832460509934,1
44,33,878.277637855907,130.4993627835395,949.2133669145824,4.708586525711814,2.1243795393507554,1.6921875,70.9534946489911,58.94075965438918,16.930434581170733,1
44,34,878.6402675491527,130.50144837319615,949.1263357882034,4.723009701764972,2.1590202351939993,1.6921875,71.02784024917251,59.52914488905591,16.188997609638804,1
44,35,879.0369334677425,130.50754577023042,949.0311359677418,4.737500950268818,2.149642536770094,1.6921875,71.10727317972368,59.66238432000651,16.095243633925048,1
44,36,879.4701095758294,130.5179920086015,948.9271737018009,4.752065219151659,2.1787763233402164,1.6921875,71.19202922022117,59.6686514050132,16.186331449497306,1
44,37,879.9423419697117,130.5331362116285,948.8138379272692,4.7667076006060904,2.1350070670263723,1.6921875,71.2823373759252,60.153146302021796,15.612831289763736,1
44,38,880.456232254862,130.55333775183354,948.6905042588331,4.781433297843058,2.150313904469858,1.6921875,71.37841656964936,59.64714965358175,16.43531403448901,1
44,39,881.0144174200374,130.57896394766516,948.556539819191,4.796247584840074,2.1407669133557987,1.6921875,71.48047198031689,59.34708733655254,16.974404767648206,1
44,40,881.6195460367048,130.61038726712493,948.4113089511909,4.811155758740076,2.13398018705089,1.6921875,71.58869104880915,59.348832686434555,17.097474731070953,1
44,41,882.2742506920808,130.64798201748144,948.2541798339006,4.826163084717495,2.093641252517846,1.6921875,71.70323918643845,59.686216544553155,16.75938601691251,1
44,42,882.9811166665281,130.69212051242394,948.0845320000333,4.841274733333056,2.1758870512322397,1.6921875,71.82425523806356,59.560509892882834,17.074657167738376,1
44,43,883.7426469912449,130.74316872331866,947.9017647221012,4.856495710649156,2.205029831911379,1.6921875,71.9518467701384,60.356367745766825,16.115610015424867,1
44,44,884.5612241691103,130.80148143964394,947.7053061994135,4.871830781671554,2.15347559743291,1.6921875,72.08608527326045,59.63184417921824,17.276900315548104,1
44,45,885.4390690074363,130.86739698493795,947.4946234382153,4.887284388014873,2.121898116496732,1.6921875,72.22700138825309,59.976565296000146,16.961019918854525,1
44,46,886.3781971914786,130.94123155818306,947.2692326740452,4.902860561049624,2.1552024870593005,1.6921875,72.37458028343903,60.051736359763524,17.026480672379467,1
44,47,887.3803744148735,131.02327329565793,947.0287101404303,4.91856283216308,2.1752265365281773,1.6921875,72.5287573272933,60.65905948919326,16.365505594611033,1
44,48,888.4470710684998,131.11377617380268,946.77270294356,4.934394142136999,2.163293551953395,1.6921875,72.68941421369995,60.44444243825259,16.84560524789526,1
44,49,889.579417661394,131.21295389815413,946.5009397612655,4.950356751989455,2.1475289688784787,1.6921875,72.85637570508943,60.36388060792273,17.146742445347897,1
44,50,890.7781622934683,131.3209739452683,946.2132410495676,4.96645215792027,2.1620727431904716,1.6921875,73.02940716034593,60.378855190030485,17.322545070836252,1
44,51,892.0436316063073,131.43795194195388,945.9095284144862,4.9826810132126145,2.1670570175383133,1.6921875,73.20821300824608,60.263353738671505,17.68225003404533,1
44,52,893.3756966918515,131.5639465772541,945.5898327939556,4.9990430600503695,2.139196028416328,1.6921875,73.39243631234183,60.351642955904275,17.768579449984255,1
44,53,894.7737454273929,131.69895524572823,945.2543010974257,5.015537074188119,2.140467631842815,1.6921875,73.58165954911269,60.693766366862306,17.515089033359256,1
44,54,896.2366626198957,131.84291061430028,944.903200971225,5.032160825239791,2.174421896856071,1.6921875,73.77540668798146,60.938101466038184,17.400521119776577,1
44,55,897.7628191783157,131.99567828834404,944.5369233972043,5.048911055023298,2.1281539194866226,1.6921875,73.97314662021509,60.591844993682855,18.08940438242145,1
44,56,899.3500712896983,132.1570557255178,944.1559828904724,5.06578347591273,2.1455201235439727,1.6921875,74.17429793537686,61.40547901545481,17.21461378852102,1
44,57,900.9957702599057,132.3267725086657,943.7610151376226,5.082772790519812,2.181899613018217,1.6921875,74.37823499114202,60.84071918811698,18.200910259079524,1
44,58,902.6967833056517,132.5044920432356,943.3527720066436,5.09987273327797,2.1612871234117255,1.6921875,74.584295167832,61.319194371207644,17.78538064451074,1
44,59,904.4495251698002,132.68981469229138,942.932113959248,5.117076133672934,2.1473556584238542,1.6921875,74.79178714627257,61.25196676463434,18.103351849525925,1
44,60,906.25,132.88228230618023,942.5,5.134375,2.149438809173266,1.6921875,75.0,61.38679720937252,18.150937054169976,1
44,61,908.0938525080597,133.08138404759333,942.0574753980657,5.1517606216827865,2.1485230556526376,1.6921875,75.20821285372743,62.213613454465,17.278165384059385,1
44,62,909.976427041085,133.28656335967162,941.6056575101396,5.169223687415504,2.166464824522112,1.6921875,75.415704832168,62.611235190343365,16.97851882485223,1
44,63,911.8928328706304,133.49722587839102,941.1457201110487,5.186754415741261,2.1643672187163645,1.6921875,75.62176500885798,62.244319402724074,17.689940990622123,1
44,64,913.8380137641543,133.71274805371027,940.678876696603,5.204342694194976,2.1648979862725723,1.6921875,75.82570206462314,62.11868839197598,18.07700199197,1
44,65,915.8068197589603,133.93248621916692,940.2063632578495,5.221978222851254,2.1121195071471095,1.6921875,76.02685337978491,62.709188080775455,17.51705444454254,1
44,66,917.7940790201275,134.15578583813002,939.7294210351694,5.239650658040255,2.117933492427583,1.6921875,76.22459331201854,62.97427449964167,17.383259439821312,1
44,67,919.7946677301511,134.3819906571013,939.2492797447637,5.257349752126968,2.168856348989161,1.6921875,76.41834045088731,62.58774140981134,18.0985336235673,1
44,68,921.803576120912,134.61045151161588,938.7671417309812,5.2750654855751575,2.1451182808598794,1.6921875,76.60756368765817,62.98506216077174,17.78218869148175,1
44,69,923.8159690032313,134.84053455682863,938.2841674392245,5.292788188006463,2.1353966477739177,1.6921875,76.79178699175392,63.30827491347465,17.558534065273367,1
44,70,925.827239455811,135.0716287304663,937.8014625306054,5.310508645578288,2.1664134697539685,1.6921875,76.97059283965407,62.903494258241224,18.27593898194025,1
44,71,927.8330546811093,135.30315229769462,937.3200668765338,5.328218192695552,2.1373778939800143,1.6921875,77.14362429491055,63.46728351198226,17.728413602458357,1
44,72,929.8293933972504,135.53455837262675,936.84094558466,5.345908786794501,2.1766516807417324,1.6921875,77.31058578630005,63.869989620613666,17.385195091961325,1
44,73,931.8125744903738,135.7653393567923,936.3649821223103,5.363573065647414,2.1072217080918048,1.6921875,77.4712426727067,63.69480356873266,17.782648927132165,1
44,74,933.7792769818242,135.9950302783142,935.8929735243622,5.3812043872969815,2.1632935464623935,1.6921875,77.62541971656097,63.749717674613706,17.875203886320445,1
44,75,935.7265516542727,136.22321105468913,935.4256276029745,5.3987968533085455,2.1362918270143547,1.6921875,77.77299861174691,63.90502097841108,17.831352629936013,1
44,76,937.6518249200215,136.44950773539924,934.9635620191949,5.4163453165067095,2.147680531620502,1.6921875,77.91391472673955,64.00383259436134,17.853142383056717,1
44,77,939.5528956978483,136.67359280715957,934.5073050325165,5.43384537472903,2.167038681516872,1.6921875,78.0481532298616,64.2123305059547,17.727290334671554,1
44,78,941.4279261907336,136.89518466406184,934.057297714224,5.451293352381468,2.1331168992826863,1.6921875,78.17574476193644,64.47928316965194,17.520090961708725,1
44,79,943.275427528267,137.11404635735008,933.6138973932159,5.4686862717232,2.1834184052032763,1.6921875,78.29676081356155,64.950066870454,17.046291320899464,1
44,80,945.0942412599237,137.32998374558613,933.1773820976183,5.486021815853181,2.165617350811339,1.6921875,78.41130895119085,65.01522956533593,17.084371584963154,1
44,81,946.8835176660763,137.54284316635577,932.7479557601417,5.503298285332153,2.134900455231665,1.6921875,78.51952801968311,64.86155701728936,17.3943620738143,1
44,82,948.6426918009117,137.75250874641162,932.3257539677812,5.520514550268491,2.137640155501257,1.6921875,78.62158343035064,65.52966292591272,16.651814849335622,1
44,83,950.3714581039801,137.95889945930412,931.9108500550448,5.5376699995412935,2.15974680874798,1.6921875,78.7176626240748,64.86371318379115,17.599543709071718,1
44,84,952.0697443230647,138.16196602915005,931.5032613624645,5.554764488646129,2.1828931356900183,1.6921875,78.80797077977883,65.42444678561117,16.982449696067686,1
44,85,953.7376853878633,138.3616877671916,931.1029555069128,5.571798287442394,2.1669076344127287,1.6921875,78.89272682027632,65.96614582410398,16.385009768543163,1
44,86,955.3755977678295,138.5580694150371,930.7098565357209,5.588772028868993,2.1025987004531883,1.6921875,78.97215975082749,65.87218767282663,16.588088915554312,1
44,87,956.9839547435181,138.75113805564172,930.3238508615557,5.605686659487036,2.1487885528214705,1.6921875,79.0465053510089,65.18064751964887,17.541392588816144,1
44,88,958.5633629226863,138.94094014071942,929.9447928985553,5.622543392512039,2.1311895322718106,1.6921875,79.11600322792941,65.88889678938433,16.718623159512266,1
44,89,960.1145402428917,139.12753867177068,929.572510341706,5.639343663819117,2.1707531016576667,1.6921875,79.18089422844675,66.13394519434206,16.47739541367468,1
44,90,961.6382956230084,139.31101056152468,929.206809050478,5.656089091246017,2.1568025004091065,1.6921875,79.24141819978756,66.19650914435564,16.46223572443191,1
44,91,963.1355103577289,139.49144419347633,928.8474775141451,5.672781437382124,2.175598159608441,1.6921875,79.29781208169447,66.60025889788542,16.012488680933252,1
44,92,964.6071212918364,139.668937189406,928.4942908899593,5.689422575917006,2.1570971837580046,1.6921875,79.35030830871335,66.20972166247391,16.560221284983324,1
44,93,966.0541057643931,139.84359438828494,928.1470146165457,5.706014461528786,2.1562368624249455,1.6921875,79.39913349825993,67.50807238687256,14.976310933730746,1
44,94,967.4774682762338,140.01552603472453,927.8054076137039,5.722559103219134,2.169745419852311,1.6921875,79.44450739842388,66.58215706723314,16.190358216565542,1
44,95,968.8782288062968,140.18484617102135,927.4692250864888,5.739058540945927,2.190889271926592,1.6921875,79.48664206884683,66.70368532116183,16.081893026268652,1
44,96,970.2574126822434,140.35167122375788,927.1382209562616,5.755514825364487,2.168126154936545,1.6921875,79.52574126822434,67.02272990050032,15.721967715527315,1
44,97,971.6160418973993,140.51611877370675,926.8121499446241,5.771930000461465,2.157482655848569,1.6921875,79.56200002283539,67.20817173315592,15.527297310441856,1
44,98,972.9551277581622,140.67830649632546,926.4907693380411,5.788306088849658,2.1488887055940924,1.6921875,79.59560435181997,67.13172605379928,15.659003282303363,1
44,99,974.2756647426366,140.8383512592835,926.1738404617672,5.804645079485273,2.1275033924310613,1.6921875,79.62673112655871,67.00530742728549,15.850736958186484,1
44,100,975.5786254514363,140.99636836312393,925.8611298916553,5.82094891756954,2.160519348107889,1.6921875,79.65554804333789,67.27439713215728,15.543362911073622,1
44,101,976.8649565344975,141.15247091121475,925.5524104317205,5.837219496402328,2.1356398763532263,1.6921875,79.68221369040769,68.41615970930528,14.138731166374017,1
44,102,978.1355754826684,141.30676929550052,925.2474618841595,5.853458650965337,2.203626982627816,1.6921875,79.70687769248644,67.90399814345992,14.80785584722399,1
44,103,979.3913681791644,141.4593707851431,924.9460716370006,5.869668153024995,2.168270308884101,1.6921875,79.72968091766968,67.56395567271511,15.258715581111032,1
44,104,980.6331871132293,141.61037920587273,924.648035092825,5.885849707559792,2.1301352553502326,1.6921875,79.75075573352886,67.78017315138321,15.009992660311521,1
44,105,981.8618501660909,141.75989469870208,924.3531559601382,5.902004950332182,2.1538460052078157,1.6921875,79.77022630089974,68.21922029847725,14.480347540761832,1
44,106,983.0781398872531,141.90801354754635,924.0612464270592,5.918135446441172,2.1172333441009945,1.6921875,79.78820889544933,68.72325310595588,13.867908482558425,1
44,107,984.2828031870746,142.05482806619855,923.7721272351021,5.934242689707483,2.158800568456035,1.6921875,79.80481224855997,67.74927473075402,15.106278904908368,1
44,108,985.4765513792646,142.2004265360149,923.4856276689765,5.9503281027585295,2.156989570029302,1.6921875,79.82013790037908,68.04358822315093,14.75385784465328,1
44,109,986.6600605142432,142.3448931865402,923.2015854765816,5.966393037695154,2.1343892721874593,1.6921875,79.83428055905262,68.07800450183842,14.725849565987126,1
44,110,987.8339719512071,142.48830821214077,922.9198467317103,5.982438777235748,2.148710354885941,1.6921875,79.84732846119626,69.13872470480703,13.411348836289907,1
44,111,988.9988931231248,142.63074781850122,922.64026565045,5.99846653624625,2.155693380895207,1.6921875,79.85936372956755,68.82068787608051,13.822644381275001,1
44,112,990.1553984547522,142.77228429357163,922.3627043708594,6.014477463576171,2.172610359758954,1.6921875,79.87046272469304,68.68099612587683,14.00951768288283,1
44,113,991.3040303991017,142.91298609822638,922.0870327042155,6.030472644131537,2.1306196737534977,1.6921875,79.88069638788829,68.30896541071544,14.486267021236662,1
44,114,992.445300562617,143.0529179725104,921.8131278649719,6.046453101125234,2.146091030448988,1.6921875,79.89013057369407,69.24133469941299,13.329300875854964,1
44,115,993.5796908936227,143.19214105390378,921.5408741855306,6.062419798453912,2.172547917123317,1.6921875,79.89882637025025,69.09289368403039,13.524519917408165,1
44,116,994.7076549124712,143.33071300453673,921.2701628210069,6.078373643158276,2.161617646453499,1.6921875,79.90684040654934,69.06235721815746,13.571407820929233,1
44,117,995.8296189652038,143.46868814473208,921.000891448351,6.094315487930408,2.1442104342465647,1.6921875,79.91422514586289,68.96373746219409,13.702801552141056,1
44,118,996.9459834855464,143.6061175906499,920.7329639634688,6.11024613363776,2.1244110692362876,1.6921875,79.92102916492581,69.80378244211408,12.659054604932177,1
44,119,998.0571242526735,143.74304939415828,920.4662901793583,6.1261663318386805,2.157262493468471,1.6921875,79.92729741870306,69.25308710508901,13.354899587930117,1
45,0,1000.0,150.0,900.0,4.5,2.2210800182597623,1.51875,79.93307149075716,71.16001365910184,10.975504466470767,1
45,1,999.9924268144482,149.98038879710452,900.0018175645324,4.5157140202955635,2.1830626438453864,1.51875,79.92729741870306,71.0485562087082,11.10852174005476,1
45,2,999.9835477426928,149.95486237113536,900.0039485417537,4.531425428818719,2.155691679566921,1.51875,79.92102916492581,71.16436923763926,10.95664059732792,1
45,3,999.9731953580822,149.92642786510186,900.0064331140603,4.5471338907161645,2.2143555405079742,1.51875,79.91422514586289,71.1486708845128,10.968703313272227,1
45,4,999.9611835027289,149.89586976725658,900.009315959345,4.562839033672124,2.15981472011542,1.51875,79.90684040654934,70.60018418318388,11.646883015290213,1
45,5,999.947305401172,149.86357831284204,900.0126467037187,4.578540444135677,2.1762361788144258,1.51875,79.89882637025025,70.84648653789156,11.329753193632964,1
45,6,999.9313316085588,149.82978449875458,900.0164804139459,4.594237663217117,2.196168149458376,1.51875,79.89013057369407,71.49536297478517,10.507890697669103,1
45,7,999.9130077828352,149.79463635155156,900.0208781321196,4.609930182232337,2.191509683304086,1.51875,79.88069638788829,71.05337375926764,11.050633041250087,1
45,8,999.8920522705776,149.75823175468074,900.0259074550614,4.625617437874489,2.1794660210708328,1.51875,79.87046272469304,71.08875128858729,10.994942481271949,1
45,9,999.8681534964696,149.7206349740329,900.0316431608474,4.641298806992939,2.15891784093076,1.51875,79.85936372956755,71.22956853887244,10.806240856011184,1
45,10,999.8409671470795,149.68188584101887,900.0381678847009,4.656973600960826,2.1605003097679125,1.51875,79.84732846119626,71.38261820063698,10.601118939969172,1
45,11,999.8101131405812,149.64200519473914,900.0455728462605,4.672641059614495,2.1748517110898096,1.51875,79.83428055905262,71.30578199086685,10.682752457294736,1
45,12,999.7751723754739,149.600998237017,900.0539586298863,4.688300344750948,2.1526512672635874,1.51875,79.82013790037908,71.28283855368724,10.695671006415655,1
45,13,999.7356832532582,149.5588566371245,900.063436019218,4.703950533173184,2.2093672009723853,1.51875,79.80481224855997,70.69314260835911,11.417443865191569,1
45,14,999.6911379725303,149.5155598424774,900.0741268865927,4.719590609278394,2.179846581390134,1.51875,79.78820889544933,71.15055372448323,10.82572887716338,1
45,15,999.6409785951558,149.4710758594245,900.0861651371625,4.735219457190312,2.1897940107815015,1.51875,79.77022630089975,70.9517755774632,11.054814725199154,1
45,16,999.5845928892147,149.4253616648737,900.0996977065885,4.750835852445096,2.171799947207565,1.51875,79.75075573352886,71.11027424013021,10.834356883424512,1
45,17,999.5213099583734,149.37836335099334,900.1148856099904,4.76643845325008,2.1891677321309198,1.51875,79.72968091766968,70.85441178757347,11.131700300244496,1
45,18,999.4503956734121,149.33001607080485,900.1319050383811,4.7820257913468245,2.165615814401447,1.51875,79.70687769248644,71.3809783011894,10.44564739246069,1
45,19,999.3710479289318,149.28024383164734,900.1509484970563,4.7975962625245305,2.1842700286933483,1.51875,79.68221369040769,70.34401129498933,11.719305931560127,1
45,20,999.282391756954,149.2289591706996,900.1722259783311,4.813148116847241,2.2064668747462943,1.51875,79.65554804333789,70.8563540242503,11.04655511791878,1
45,21,999.1834743393472,149.17606273890874,900.1959661585566,4.828679448678694,2.183451460037846,1.51875,79.62673112655871,71.12086029763651,10.682180102813675,1
45,22,999.0732599729208,149.12144281504047,900.222417606499,4.8441881866125085,2.1524429847340256,1.51875,79.59560435181997,70.8872787088572,10.94071175648239,1
45,23,998.9506250547098,149.06497476908666,900.2518499868696,4.859672083442753,2.2084681354259277,1.51875,79.56200002283539,71.3347830026223,10.340636255815294,1
45,24,998.8143531705608,149.00652049330623,900.2845552390654,4.875128706341122,2.1763094686415814,1.51875,79.52574126822434,71.1850378178587,10.488054958499692,1
45,25,998.663130387622,148.94592781933633,900.3208487069708,4.89055542744191,2.1990671526384427,1.51875,79.48664206884683,71.21417246857244,10.407370829817223,1
45,26,998.4955408707314,148.88302994083017,900.3610701910245,4.905949415074796,2.159196145029592,1.51875,79.44450739842388,71.42096337228415,10.09955790385946,1
45,27,998.310062963856,148.8176448627732,900.4055848886745,4.921307625927712,2.1728398003861327,1.51875,79.39913349825993,70.95605905317451,10.633711065965787,1
45,28,998.1050659004139,148.74957490086192,900.4547841839006,4.936626798467494,2.175091037531624,1.51875,79.35030830871337,70.97600122913926,10.553591105145758,1
45,29,997.8788073301188,148.67860625697983,900.5090862407715,4.951903447993571,2.1648313657000284,1.51875,79.29781208169447,70.81147900831529,10.701850215786994,1
45,30,997.6294318743361,148.60450869974926,900.5689363501593,4.967133863748672,2.185771797152965,1.51875,79.24141819978756,71.24128842737454,10.09589423581829,1
45,31,997.354970946026,148.52703538224884,900.6348069729538,4.982314108558719,2.2041952231593887,1.51875,79.18089422844675,71.21092681796964,10.065518314914152,1
45,32,997.0533440930981,148.44592283210525,900.7071974176565,4.997440021519529,2.1994896984044927,1.51875,79.11600322792941,71.38834901559477,9.76749822671355,1
45,33,996.722362144093,148.3608911521126,900.7866330854176,5.0125072242881865,2.1763138355229037,1.51875,79.0465053510089,70.7394558788041,10.509066068534025,1
45,34,996.3597324508473,148.2716444720793,900.8736642117966,5.027511131568361,2.178137794702672,1.51875,78.97215975082749,70.73811799621222,10.426512052595832,1
45,35,995.9630665322575,148.1778716944915,900.9688640322582,5.042446966397848,2.1533922393489435,1.51875,78.89272682027632,70.781324142501,10.281559536221526,1
45,36,995.5298904241706,148.07924757750988,901.0728262981991,5.057309780848341,2.192037754068284,1.51875,78.80797077977883,70.61763394962676,10.392777214171849,1
45,37,995.0576580302883,147.97543419844516,901.1861620727308,5.072094482727243,1.7469698408377907,1.51875,78.7176626240748,70.30386222595439,10.68858006912817,1
45,38,994.543767745138,147.86608283882128,901.3094957411669,5.086795868823609,1.7562225185069649,1.51875,78.62158343035064,70.38802242199523,10.472392756690487,1
45,39,993.9855825799626,147.75083632805362,901.443460180809,5.1014086651599255,1.784502886256664,1.51875,78.51952801968311,70.29879357057087,10.469668700824956,1
45,40,993.3804539632952,147.6293318762742,901.5886910488091,5.115927574593257,1.7608959201146046,1.51875,78.41130895119085,70.5402063420066,10.038223713474572,1
45,41,992.7257493079192,147.5012044175964,901.7458201660994,5.130347331949172,1.7855208374967337,1.51875,78.29676081356155,69.84987477053491,10.78829565266457,1
45,42,992.0188833334719,147.36609047287396,901.9154679999667,5.1446627666669436,1.7937094865564276,1.51875,78.17574476193644,70.09819073396405,10.332557819014648,1
45,43,991.2573530087551,147.22363252564324,902.0982352778988,5.1588688726841765,1.8188549937048313,1.51875,78.0481532298616,69.85654216523528,10.495586026873683,1
45,44,990.4387758308897,147.07348388647625,902.2946938005865,5.1729608849951125,1.7571659848164078,1.51875,77.91391472673955,69.9883176546437,10.172248564191117,1
45,45,989.5609309925637,146.91531399967417,902.5053765617847,5.186934361985127,1.8023611709619811,1.51875,77.77299861174691,70.55787575413727,9.277156579275655,1
45,46,988.6218028085214,146.74881412260746,902.7307673259548,5.200785272283709,1.8504888971666313,1.51875,77.62541971656097,69.35187411668923,10.658294190332889,1
45,47,987.6196255851265,146.57370328287158,902.9712898595697,5.214510084503586,1.779411900866434,1.51875,77.4712426727067,69.29990478210934,10.547575601851213,1
45,48,986.5529289315002,146.3897343928889,903.22729705644,5.228105857863,1.7771689778316386,1.51875,77.31058578630005,70.32150960115759,9.040257700881341,1
45,49,985.420582338606,146.1967003770544,903.4990602387345,5.241570331343879,1.7657224270210066,1.51875,77.14362429491057,69.46388771954265,9.955115079905017,1
45,50,984.2218377065317,145.99444014464396,903.7867589504324,5.254902008746397,1.770499426978041,1.51875,76.97059283965407,69.06887667935095,10.265889697334227,1
45,51,982.9563683936927,145.78284422428155,904.0904715855138,5.268100236787386,1.8179724536261135,1.51875,76.79178699175392,68.83589665536107,10.360340145811657,1
45,52,981.6243033081485,145.56185986463547,904.4101672060444,5.281165273282964,1.7804663788128345,1.51875,76.60756368765817,69.1781702120509,9.697989490826451,1
45,53,980.2262545726071,145.3314954028857,904.7456989025743,5.294098342478548,1.7814556558046362,1.51875,76.41834045088731,68.93631986301192,9.790870285496393,1
45,54,978.7633373801043,145.09182370878037,905.096799028775,5.3069016747602085,1.8144035119176023,1.51875,76.22459331201854,68.29674339612545,10.400645738365762,1
45,55,977.2371808216843,144.84298452868632,905.4630766027957,5.319578528310036,1.7908456884556414,1.51875,76.02685337978491,68.9232896999881,9.343492942305044,1
45,56,975.6499287103017,144.58518558118865,905.8440171095276,5.332133190753937,1.7878564488272783,1.51875,75.82570206462314,68.3896842662574,9.806724627525803,1
45,57,974.0042297400943,144.31870229298187,906.2389848623774,5.344570959480189,1.8062172750922665,1.51875,75.62176500885798,68.85751222261528,8.944849125711837,1
45,58,972.3032166943483,144.04387610965725,906.6472279933564,5.356898100055363,1.764794878435131,1.51875,75.415704832168,67.97124478580925,9.87123313761483,1
45,59,970.5504748301998,143.76111136835706,907.067886040752,5.369121782993733,1.754294600925773,1.51875,75.20821285372743,68.23822048296144,9.26759472974307,1
45,60,968.75,143.47087077527908,907.5,5.38125,1.7830522943670122,1.51875,75.0,67.92967970800294,9.42709372266275,1
45,61,966.9061474919403,143.17366958733265,907.9425246019343,5.393291461650547,1.8237429995798995,1.51875,74.79178714627257,67.7730512272955,9.384367170221934,1
45,62,965.023572958915,142.8700686503304,908.3943424898604,5.405255479251164,1.7858666513722024,1.51875,74.584295167832,67.66041264898055,9.28329818398243,1
45,63,963.1071671293696,142.56066649251395,908.8542798889513,5.417151834258739,1.821379014282469,1.51875,74.37823499114202,66.98509075735454,9.939929651016802,1
45,64,961.1619862358457,142.24609070895943,909.321123303397,5.428990639138358,1.7759184542731603,1.51875,74.17429793537686,67.56246736691622,8.913910549205443,1
45,65,959.1931802410397,141.92698889720506,909.7936367421505,5.440782193815412,1.7776688890226904,1.51875,73.97314662021509,66.81900093809872,9.671273981146705,1
45,66,957.2059209798725,141.60401941591584,910.2705789648306,5.452536841959745,1.785648594257363,1.51875,73.77540668798146,66.55958858599479,9.780790680700074,1
45,67,955.2053322698489,141.27784223621603,910.7507202552363,5.464264831206364,1.7955213503910834,1.51875,73.58165954911269,66.75824176868193,9.273258883046003,1
45,68,953.196423879088,140.94911014015918,911.2328582690188,5.475976181091509,1.7704872144132928,1.51875,73.39243631234183,67.00384512885324,8.70469969998021,1
45,69,951.1840309967687,140.61846049426734,911.7158325607755,5.487680561993537,1.7620521695572129,1.51875,73.20821300824608,66.0481991406697,9.78034235963373,1
45,70,949.172760544189,140.28650779047757,912.1985374693946,5.499387187755045,1.763907001790599,1.51875,73.02940716034593,66.95449045423534,8.318452719700003,1
45,71,947.1669453188907,139.953837104961,912.6799331234662,5.511104723971115,1.7620429019298396,1.51875,72.85637570508945,66.27717111353012,9.030375897630242,1
45,72,945.1706066027496,139.62099858010308,913.15905441534,5.522841213205499,1.7989837192575424,1.51875,72.68941421369995,65.74474603389876,9.553892069324595,1
45,73,943.1874255096262,139.28850298933898,913.6350178776897,5.534604017685919,1.7633475636087053,1.51875,72.5287573272933,65.88311394758801,9.16277022328696,1
45,74,941.2207230181758,138.95681840110862,914.1070264756378,5.546399779369685,1.7866230979272664,1.51875,72.37458028343903,66.0844551270567,8.691069615531374,1
45,75,939.2734483457273,138.6263679190473,914.5743723970255,5.5582343966914545,1.7667320250909408,1.51875,72.22700138825309,65.38538945526788,9.472374321908253,1
45,76,937.3481750799785,138.2975284421942,915.0364379808051,5.570113016826624,1.838884580692531,1.51875,72.08608527326045,64.85484682009864,10.031392918272616,1
45,77,935.4471043021517,137.97063036242383,915.4926949674835,5.582040041937637,1.7421628907095363,1.51875,71.9518467701384,64.73891095052983,10.024670864462234,1
45,78,933.5720738092664,137.6459580968489,915.942702285776,5.594019147618533,1.8041487637321316,1.51875,71.82425523806356,64.91286147803164,9.622645911362255,1
45,79,931.724572471733,137.32375134046703,916.3861026067841,5.6060533116101325,1.7733437190273564,1.51875,71.70323918643845,64.57355932517896,9.943316288293929,1
45,80,929.9057587400763,137.00420691830092,916.8226179023817,5.618144850813486,1.8004850196706896,1.51875,71.58869104880915,64.32057547533577,10.152602969815415,1
45,81,928.1164823339237,136.68748111588818,917.2520442398583,5.630295464667848,1.7704866145193574,1.51875,71.48047198031689,64.27779650917388,10.076424052049298,1
45,82,926.3573081990883,136.37369237123121,917.6742460322188,5.642506283064844,1.7286711976152227,1.51875,71.37841656964936,64.22989600798935,10.01496097168904,1
45,83,924.6285418960199,136.06292421916208,918.0891499449552,5.654777917125373,1.7809330713630394,1.51875,71.2823373759252,64.03655442706828,10.164906505021671,1
45,84,922.9302556769353,135.7552283894781,918.4967386375355,5.6671105113538705,2.1767511530751187,1.51875,71.19202922022117,64.36981335817852,9.582836641640343,1
45,85,921.2623146121367,135.45062797220072,918.8970444930872,5.67950379589094,2.1794561400599637,1.51875,71.10727317972368,63.98796994136233,10.012060538965267,1
45,86,919.6244022321705,135.14912057607137,919.2901434642791,5.691957137797674,2.1598868622022,1.51875,71.02784024917251,64.16468241076196,9.662630616859444,1
45,87,918.0160452564819,134.85068141923057,919.6761491384443,5.704469590512963,2.1525949008231824,1.51875,70.9534946489911,63.94520041116957,9.877306639358284,1
45,88,916.4366370773137,134.55526630339318,920.0552071014447,5.717039940821294,2.2148264660515915,1.51875,70.88399677207059,63.91479540873453,9.831840303454836,1
45,89,914.8854597571083,134.26281443433905,920.427489658294,5.72966675284755,2.1455853188258494,1.51875,70.81910577155325,63.794694100389826,9.918808765847205,1
45,90,913.3617043769916,133.9732510619246,920.793190949522,5.742348408753983,2.1984864609038643,1.51875,70.75858180021244,63.416579593176166,10.376129679600545,1
45,91,911.8644896422711,133.6864899219379,921.1525224858549,5.755083145951209,2.176137588020125,1.51875,70.70218791830553,63.24842071689973,10.542484498525596,1
45,92,910.3928787081636,133.40243546991292,921.5057091100407,5.767869090749661,2.172873020447616,1.51875,70.64969169128665,63.186126305478815,10.564186774403614,1
45,93,908.9458942356069,133.12098490350294,921.8529853834543,5.780704288471214,2.190830023952078,1.51875,70.60086650174007,63.776464927959985,9.666172544230584,1
45,94,907.5225317237662,132.84202997525784,922.1945923862961,5.793586730114199,2.1832609625814494,1.51875,70.55549260157612,62.69130573859039,11.1461015620633,1
45,95,906.1217711937032,132.5654586017556,922.5307749135112,5.80651437572074,2.2327053196233315,1.51875,70.51335793115317,63.251128500603876,10.299083242695495,1
45,96,904.7425873177566,132.2911562781318,922.8617790437384,5.819485174635513,2.1978460623605263,1.51875,70.47425873177566,62.91401609673756,10.72766535056766,1
45,97,903.3839581026007,132.01900730925982,923.1878500553759,5.832497082871868,2.186771237072769,1.51875,70.43799997716461,62.70828699160915,10.973782600388093,1
45,98,902.0448722418378,131.7488958702989,923.5092306619589,5.845548077817009,2.200190571757301,1.51875,70.40439564818003,62.56662005870506,11.13250886868109,1
45,99,900.7243352573634,131.48070691016872,923.8261595382328,5.8586361705147265,2.191904141990389,1.51875,70.37326887344129,62.88392765504597,10.642309698394268,1
45,100,899.4213745485637,131.21432691185143,924.1388701083447,5.871759415763794,2.207035351294787,1.51875,70.34445195666211,62.80622845903184,10.716159253432563,1
45,101,898.1350434655025,130.94964452336697,924.4475895682795,5.884915920264338,2.161644678016053,1.51875,70.31778630959231,62.82504877804199,10.655536706689823,1
45,102,896.8644245173316,130.6865510729133,924.7525381158405,5.898103849034663,2.195401832736057,1.51875,70.29312230751356,62.36617894598052,11.276982870180078,1
45,103,895.6086318208356,130.42494098108423,925.0539283629994,5.9113214303083375,2.190534188737891,1.51875,70.27031908233032,62.11866239439027,11.60042645941223,1
45,104,894.3668128867707,130.16471208234557,925.351964907175,5.924566959106874,2.172784216309553,1.51875,70.24924426647114,61.93822924269127,11.830753640927897,1
45,105,893.1381498339091,129.90576586711734,925.6468440398618,5.937838799667818,2.2078791993500424,1.51875,70.22977369910026,61.999132461341226,11.719589576100946,1
45,106,891.9218601127469,129.64800765492168,925.9387535729408,5.951135386892161,2.1877510112818217,1.51875,70.21179110455067,61.875808676801164,11.872624664049088,1
45,107,890.7171968129254,129.39134670814775,926.2278727648979,5.964455226959184,2.1687581549714157,1.51875,70.19518775144003,61.09860492382861,12.958983541467639,1
45,108,889.5234486207354,129.1356962950802,926.5143723310235,5.97779689724147,2.197491055863301,1.51875,70.17986209962092,61.86551709105306,11.847194850234356,1
45,109,888.3399394857568,128.8809737099629,926.7984145234184,5.99115904563818,2.1818875358412826,1.51875,70.16571944094738,61.2290850822377,12.736467936070833,1
45,110,887.1660280487929,128.62710025703024,927.0801532682897,6.004540389430919,2.21853303118605,1.51875,70.15267153880374,61.385937079668736,12.496650899867499,1
45,111,886.0011068768752,128.37400120465256,927.35973434955,6.0179397137537505,2.1870816836113,1.51875,70.14063627043245,61.15578963071143,12.809759245809055,1
45,112,884.8446015452478,128.12160571500857,927.6372956291406,6.031355869757162,2.155122280852711,1.51875,70.12953727530696,61.422422864884346,12.415759106239591,1
45,113,883.6959696008983,127.86984675402518,927.9129672957845,6.0447877725351296,2.1521004823027474,1.51875,70.11930361211171,61.216901130734,12.696079428604016,1
45,114,882.554699437383,127.61866098570994,928.1868721350281,6.058234398874766,2.1867555179111715,1.51875,70.10986942630593,60.745722975693944,13.356388376182693,1
45,115,881.4203091063773,127.36798865444558,928.4591258144694,6.071694784879421,2.1561883131977755,1.51875,70.10117362974975,60.73242911342822,13.36460437282265,1
45,116,880.2923450875288,127.11777345831597,928.7298371789931,6.085168023508391,2.169565443192492,1.51875,70.09315959345066,60.42228773085246,13.797169251165883,1
45,117,879.1703810347962,126.86796241608646,928.999108551649,6.098653262069592,2.159613829449817,1.51875,70.08577485413711,60.80351363865007,13.24414438565506,1
45,118,878.0540165144536,126.61850573006552,929.2670360365312,6.112149699695573,2.221909119974967,1.51875,70.07897083507419,61.040882955488925,12.897004296561022,1
45,119,876.9428757473265,126.36935664672347,929.5337098206417,6.125656584827986,2.185327048851317,1.51875,70.07270258129694,60.95631876034206,13.009893275313928,1
46,0,750.0,112.5,1000.0,4.0,2.0941079800389404,1.875,60.10039276386427,48.96571542973982,18.52679628546329,1
46,1,750.0113597783277,112.48623346000902,999.9972736532013,4.011689386223322,2.1043473243805866,1.875,60.1090538719454,48.8226968476146,18.776467598999194,1
46,2,750.0246783859607,112.46849717009702,999.9940771873694,4.0233826901052545,2.108066002124706,1.875,60.11845625261128,48.71538312860054,18.967674545893615,1
46,3,750.0402069628768,112.44897371800765,999.9903503289096,4.035080413925754,2.0515203133875923,1.875,60.12866228120568,47.942736620988846,20.266417375504737,1
46,4,750.0582247459066,112.42827229126466,999.9860260609825,4.04678311615848,2.104354779967193,1.875,60.139739390176,48.857266310096854,18.76042895177921,1
46,5,750.0790418982419,112.40672582544197,999.981029944422,4.058491417129817,2.073234502358967,1.875,60.151760444624635,48.130278872216785,19.985253105725405,1
46,6,750.1030025871618,112.3845590685023,999.9752793790811,4.070206005174324,2.092590973046206,1.875,60.164804139458894,48.04604082535098,20.142612425060424,1
46,7,750.1304883257471,112.36194372849846,999.9686828018207,4.081927643318161,2.083960013427859,1.875,60.178955418167554,48.37024448599783,19.6226585358854,1
46,8,750.1619215941337,112.33902268474148,999.9611388174079,4.0936571765216,2.082848836250304,1.875,60.19430591296044,49.043531448535845,18.52463334413782,1
46,9,750.1977697552957,112.31592260300359,999.9525352587291,4.105395539510591,2.074658141141121,1.875,60.210954405648685,48.4903119949414,19.465963505152004,1
46,10,750.2385492793809,112.29276135384184,999.9427481729485,4.117143765225428,2.0610948462749508,1.875,60.22900730820562,48.748553954312,19.06133583631141,1
46,11,750.2848302891283,112.26965281272929,999.9316407306092,4.1289029939115895,2.0837462598281973,1.875,60.24857916142108,48.84146353906624,18.933418482438082,1
46,12,750.3372414367892,112.24671022942627,999.9190620551706,4.140674482873578,2.0381958280454873,1.875,60.26979314943137,48.43795113951396,19.631462780338147,1
46,13,750.3964751201125,112.22404876938472,999.904845971173,4.152459616906892,2.0899805210234668,1.875,60.29278162716005,48.774637434354815,19.103686846016515,1
46,14,750.4632930412046,112.20178755689548,999.8888096701108,4.164259919415742,2.0744979946057094,1.875,60.31768665682601,48.7297628266909,19.211485838414085,1
46,15,750.5385321072662,112.18005141114863,999.8707522942561,4.176077064214533,2.0767892600197633,1.875,60.34466054865038,48.5292168835564,19.57993227183417,1
46,16,750.6231106661778,112.15897239116458,999.8504534401173,4.187912887999023,2.105777001455435,1.875,60.37386639970671,48.25157849229308,20.078700653620096,1
46,17,750.7180350624399,112.1386912222434,999.8276715850144,4.199769403458213,2.102149663724953,1.875,60.405478623495476,48.635069972928655,19.485664080126288,1
46,18,750.8244064898819,112.11935865023251,999.8021424424284,4.211648812979764,2.0806644876908567,1.875,60.43968346127034,48.3247843230694,20.044610501582376,1
46,19,750.9434281066021,112.10113675297309,999.7735772544155,4.223553522879871,2.0453213929543193,1.875,60.476679464388454,48.48165955815854,19.834124512892863,1
46,20,751.0764123645691,112.08420022671456,999.7416610325034,4.235486158062471,2.08069793686365,1.875,60.51667793499317,48.73557675314753,19.46752793420165,1
46,21,751.2247884909792,112.06873765683413,999.706050762165,4.247449576981959,2.0980979296313156,1.875,60.55990331016194,48.889723678384144,19.270472695453503,1
46,22,751.3901100406189,112.05495277554529,999.6663735902515,4.259446886747904,2.1094725559907235,1.875,60.60659347227005,49.53663015077501,18.265278886793055,1
46,23,751.5740624179354,112.04306570363221,999.6222250196955,4.2714814581692035,2.097611169687751,1.875,60.65699996574692,48.33589292406753,20.312753760715392,1
46,24,751.7784702441587,112.03331416811086,999.5731671414019,4.283556940488317,2.103861830094141,1.875,60.7113880976635,49.095868920676125,19.132356450658065,1
46,25,752.005304418567,112.02595468277717,999.518726939544,4.295677275503801,2.0968359167979833,1.875,60.77003689672974,47.987907088209575,21.033605476069773,1
46,26,752.256688693903,112.02126367366155,999.4583947134632,4.307846710721139,2.0984451743903945,1.875,60.83323890236418,48.456049131581494,20.346096959669964,1
46,27,752.5349055542159,112.01953852635147,999.3916226669882,4.320069811108432,2.060899452708746,1.875,60.901299752610115,48.69148938278188,20.04852182043117,1
46,28,752.842401149379,112.0210985269173,999.317823724149,4.332351468965425,2.0568216706580196,1.875,60.97453753692996,48.9618360205294,19.701176920161018,1
46,29,753.1817890048219,112.02628566278418,999.2363706388427,4.344696911342977,2.101955553658985,1.875,61.05328187745829,48.690024289799446,20.249947599006184,1
46,30,753.5558521884958,112.03546524438981,999.146595474761,4.357111704376992,2.0763364056661837,1.875,61.13787270031865,48.667887479628845,20.39649838949142,1
46,31,753.9675435809611,112.04902630296645,999.0477895405694,4.369601753828589,2.0671196653582924,1.875,61.22865865732988,48.72299905577133,20.424519948325628,1
46,32,754.4199838603529,112.067381714453,998.9392038735153,4.382173301054039,2.0304487887604643,1.875,61.325995158105876,48.77676987674635,20.46314168894626,1
46,33,754.9164567838603,112.09096799461362,998.8200503718735,4.39483291356772,2.089622369142114,1.875,61.430241973486645,49.087678998112324,20.091997978294444,1
46,34,755.460401323729,112.12024470621161,998.689503682305,4.407587469314125,2.0933342018302037,1.875,61.54176037375878,49.17045565020274,20.102292570803883,1
46,35,756.0554002016139,112.15569341592905,998.5467039516127,4.420444133736561,2.098278592491383,1.875,61.66090976958552,49.236100308734954,20.150220791875427,1
46,36,756.7051643637441,112.19781613706886,998.3907605527014,4.433410328727488,2.1397664715901863,1.875,61.788043830331766,49.13232876800813,20.482465988202954,1
46,37,757.4135129545675,112.24713319442061,998.2207568909038,4.446493692575801,2.091018453205683,1.875,61.923506063887785,49.37577419457892,20.263277496534357,1
46,38,758.184348382293,112.30418045055386,998.0357563882496,4.45970203009792,2.0779733402549283,1.875,62.06762485447403,49.03043832418418,21.004809771370024,1
46,39,759.0216261300561,112.3695058387821,997.8348097287866,4.473043252260112,2.095757862675907,1.875,62.220707970475345,49.16405259100964,20.98442111211798,1
46,40,759.9293190550572,112.44366515766765,997.6169634267862,4.486525304776781,2.088696239126353,1.875,62.38303657321373,49.47375281004769,20.693580294084427,1
46,41,760.9113760381214,112.52721709569882,997.3812697508508,4.500156085409576,2.0534168735199443,1.875,62.554858779657685,49.85830714408158,20.2966674104377,1
46,42,761.9716749997921,112.62071747304653,997.1267980000499,4.513943349999584,2.0970559706700267,1.875,62.73638285709534,49.241604772059446,21.510290313955625,1
46,43,763.1139704868674,112.72471271028944,996.8526470831519,4.527894607640402,2.1198990284773114,1.875,62.927770155207604,49.49563601699132,21.345320365057784,1
46,44,764.3418362536655,112.83973256162984,996.5579592991203,4.542017005840664,2.0899359410622607,1.875,63.12912790989067,49.46720326684993,21.641237722373603,1
46,45,765.6586035111545,112.96628218202329,996.2419351573229,4.556317207022309,2.1166918435876867,1.875,63.34050208237963,49.647871771951415,21.61749569433441,1
46,46,767.067295787218,113.10483363303743,995.9038490110677,4.570801258241103,2.0761696509931196,1.875,63.56187042515854,50.02243553640559,21.301190160373068,1
46,47,768.5705616223102,113.25581696992802,995.5430652106455,4.585474456577954,2.1109970778254428,1.875,63.79313599093996,50.344289390826525,21.0819649970233,1
46,48,770.1706066027497,113.41961109069656,995.15905441534,4.6003412132055,2.100009951151328,1.875,64.03412132054993,50.31631477209862,21.422651338933836,1
46,49,771.869126492091,113.59653456466863,994.7514096418981,4.615404919650849,2.0821529064583695,1.875,64.28456355763416,50.39222590082542,21.610689857688143,1
46,50,773.6672434402026,113.78683669092875,994.3198615743514,4.630667820213739,2.1021884224290126,1.875,64.54411074051889,50.39351042092384,21.92392172925503,1
46,51,775.5654474094608,113.9906890630602,993.8642926217294,4.6461308948189215,2.0561954750949947,1.875,64.8123195123691,50.22256058749133,22.510780411266396,1
46,52,777.5635450377773,114.20817793331426,993.3847491909335,4.661793756742221,2.0864236701767385,1.875,65.08865446851274,50.67169214209651,22.149731691550905,1
46,53,779.6606181410895,114.43929767400817,992.8814516461385,4.6776545696155125,2.1353527124848246,1.875,65.37248932366903,50.96568414382393,22.038024448655825,1
46,54,781.8549939298435,114.68394562452622,992.3548014568375,4.6937099878596875,2.0711377030949083,1.875,65.66311003197218,50.6764543426134,22.82355447687689,1
46,55,784.1442287674734,114.94191858740695,991.8053850958064,4.709955124201613,2.1151352443573486,1.875,65.95971993032262,50.869722351086935,22.877594985509635,1
46,56,786.5251069345475,115.21291119626476,991.2339743357086,4.7263835472024285,2.1077120602607624,1.875,66.26144690306528,51.234536935705584,22.67820983345376,1
46,57,788.9936553898585,115.49651632250425,990.641522706434,4.742987310779717,2.0840101915210067,1.875,66.56735248671302,51.212793087225826,23.06620111195198,1
46,58,791.5451749584774,115.79222761898555,990.0291580099654,4.759757016583622,2.026409479891686,1.875,66.876442751748,51.67291577803282,22.73375548719328,1
46,59,794.1742877547003,116.09944422024255,989.3981709388719,4.7766819088427335,2.066295375050134,1.875,67.18768071940886,51.31502063197916,23.624360771906332,1
46,60,796.875,116.41747753483256,988.75,4.79375,2.0922934643480526,1.875,67.5,52.2734688105927,22.557823984307106,1
46,61,799.6407787620896,116.74555998091222,988.0862130970985,4.810948224190845,2.053401808548481,1.875,67.81231928059114,52.44296165830567,22.66455090363559,1
46,62,802.4646405616274,117.08285543650683,987.4084862652094,4.828262614456588,2.0692738518477682,1.875,68.123557248252,52.56243707834696,22.842495017102657,1
46,63,805.3392493059458,117.42847110631504,986.718580166573,4.845678498611892,2.098916954388372,1.875,68.43264751328698,52.54672690426006,23.213950046200516,1
46,64,808.2570206462315,117.78147045176449,986.0183150449044,4.863180707959129,2.0879354290015653,1.875,68.73855309693472,52.70189520997581,23.32993227882482,1
46,65,811.2102296384406,118.14088679383877,985.3095448867742,4.880753792610214,2.0926087154488853,1.875,69.04028006967738,53.124727936809386,23.052560210945806,1
46,66,814.1911185301913,118.50573718098127,984.5941315527541,4.898382237060383,2.0688602662307214,1.875,69.33688996802782,52.848214576480125,23.78052346903769,1
46,67,817.1920015952265,118.87503611765676,983.8739196171456,4.916050669857119,2.107505053974145,1.875,69.62751067633097,53.575779875243406,23.05371920548088,1
46,68,820.205364181368,119.24780877189131,983.1507125964716,4.9337440616960695,2.104734695969987,1.875,69.91134553148726,53.54062077901657,23.4164063472323,1
46,69,823.223953504847,119.62310331991416,982.4262511588367,4.951447907009694,2.0708492015544397,1.875,70.1876804876309,53.641200428867215,23.574621562938887,1
46,70,826.2408591837165,120.00000213941628,981.7021937959081,4.969148385034099,2.083722818750931,1.875,70.45588925948111,54.25511328053594,22.994211199690547,1
46,71,829.2495820216641,120.37763162574525,980.9801003148007,4.986832497376661,2.0764614729661868,1.875,70.71543644236584,54.879060585267005,22.39451052530196,1
46,72,832.2440900958755,120.75517047312118,980.2614183769899,5.004488180191751,2.0744950144527214,1.875,70.96587867945007,54.711971452271285,22.903834250537518,1
46,73,835.2188617355607,121.13185633134907,979.5474731834654,5.0221043901377875,2.0696771085303975,1.875,71.20686400906004,54.65965675564217,23.238219353842744,1
46,74,838.1689154727363,121.50699081364446,978.8394602865433,5.039671164278806,2.0856112185033773,1.875,71.43812957484147,54.851096877193214,23.218738783286604,1
46,75,841.0898274814092,121.87994288991277,978.1384414044618,5.057179654962818,2.0891262792715257,1.875,71.65949791762037,55.46040787217622,22.60564267986722,1
46,76,843.9777373800322,122.25015074982085,977.4453430287923,5.074622141426731,2.1092054588909392,1.875,71.87087209010933,55.24283665528164,23.135986737408732,1
46,77,846.8293435467724,122.61712225986432,976.7609575487746,5.091992020426878,2.0906948164219816,1.875,72.0722298447924,55.75333997535591,22.6424101274225,1
46,78,849.6418892861003,122.98043416781951,976.085946571336,5.1092837785722,2.0503743451211505,1.875,72.26361714290465,55.61824692020039,23.034233381630024,1
46,79,852.4131412924003,123.33973022667998,975.420846089824,5.1264929492514675,2.0968369160280425,1.875,72.44514122034231,55.80257597492346,22.972645183754135,1
46,80,855.1413618898856,123.6947184192131,974.7660731464275,5.143616057113104,2.0858695606965734,1.875,72.61696342678627,55.77414407707831,23.19405625751508,1
46,81,857.8252764991144,124.04516746486044,974.1219336402125,5.160650552998229,2.0852789229517894,1.875,72.77929202952465,56.00247535497376,23.051634890519377,1
46,82,860.4640377013676,124.39090278432458,973.4886309516718,5.177594742069402,2.07524639945621,1.875,72.93237514552597,56.68407120375012,22.27858877399058,1
46,83,863.0571871559702,124.73180208541633,972.8662750825672,5.194447707645273,2.0897984815608983,1.875,73.07649393611221,56.952878241344315,22.064024731214,1
46,84,865.604616484597,125.06779071813662,972.2548920436967,5.211209232969194,2.0626199593911565,1.875,73.21195616966824,56.84004208021103,22.362350285403394,1
46,85,868.106528081795,125.39883692896969,971.6544332603693,5.227879722830257,2.0550557982650153,1.875,73.33909023041448,57.45610627565841,21.6569143479356,1
46,86,870.5633966517443,125.7249471252231,971.0647848035813,5.244460126636822,2.09058503427558,1.875,73.45823962624122,57.81513577466736,21.295233769780854,1
46,87,872.9759321152773,126.0461612410009,970.4857762923334,5.260951864230554,2.077335137249603,1.875,73.56975802651336,57.271906716638085,22.15292227004714,1
46,88,875.3450443840294,126.36254827784533,969.917189347833,5.277356755434726,2.0810179844251007,1.875,73.67400484189412,57.98379271872106,21.29680903982967,1
46,89,877.6718103643377,126.6742020758231,969.358765512559,5.2936769540620086,2.064042990463661,1.875,73.77134134267013,57.82816842133577,21.6116077478893,1
46,90,879.9574434345127,126.98123735525223,968.810213575717,5.309914886869025,2.096356432025487,1.875,73.86212729968135,58.384362437884555,20.95494054618647,1
46,91,882.2032655365933,127.28378605559021,968.2712162712176,5.326073197739853,2.109995358784736,1.875,73.94671812254171,59.05799864723293,20.134388453366867,1
46,92,884.4106819377546,127.58199398631334,967.741436334939,5.3421546972088425,2.057281797589639,1.875,74.02546246307004,58.546995326446336,20.90965273515938,1
46,93,886.5811586465895,127.87601779489103,967.2205219248185,5.3581623172931785,2.0898106596507424,1.875,74.09870024738989,58.97849136562321,20.405498114387342,1
46,94,888.7162024143508,128.16602224909207,966.7081114205558,5.374099071495368,2.10765559399465,1.875,74.16676109763583,59.27041560918103,20.084934636480494,1
46,95,890.8173432094452,128.45217782469894,966.2038376297331,5.3899680197522235,2.110106572641568,1.875,74.22996310327025,59.23783406964123,20.19686984455544,1
46,96,892.8861190233649,128.7346585850699,965.7073314343924,5.40577223804673,2.074767895371985,1.875,74.2886119023365,59.93939673956383,19.315497753056494,1
46,97,894.9240628460989,129.01364033567012,965.2182249169363,5.421514792358865,2.0904044738955805,1.875,74.34300003425308,59.45535067114606,20.025623604438387,1
46,98,896.9326916372432,129.28929903450086,964.7361540070616,5.43719871660782,2.065893584006835,1.875,74.39340652772995,59.71496661236296,19.730834492564394,1
46,99,898.9134971139549,129.56180943808957,964.2607606926508,5.45282699422791,2.107427770837732,1.875,74.44009668983806,59.70699913175507,19.79188396203981,1
46,100,900.8679381771545,129.8313439621933,963.791694837483,5.468402543020975,2.0846703793423513,1.875,74.48332206500683,60.06852987377749,19.353046818519367,1
46,101,902.7974348017465,130.09807173644762,963.3286156475808,5.483928202936826,2.0967814657015835,1.875,74.52332053561155,60.07854296039181,19.382895812213828,1
46,102,904.7033632240025,130.3621578327266,962.8711928262394,5.499406726448004,2.07946578634012,1.875,74.56031653872965,60.14070941974558,19.33951971823234,1
46,103,906.5870522687463,130.62376264784646,962.4191074555009,5.51484077120416,2.0652060424950034,1.875,74.59452137650452,60.20114979000326,19.29548084885873,1
46,104,908.4497806698439,130.8830414223436,961.9720526392374,5.530232894673021,2.0713966351395463,1.875,74.62613360029329,60.122648383424526,19.434860841848252,1
46,105,910.2927752491364,131.14014387830733,961.5297339402073,5.545585550498273,2.1071968637054974,1.875,74.65533945134962,60.86852396025771,18.46728658983101,1
46,106,912.1172098308795,131.39521396057913,961.0918696405889,5.560901086328426,2.090182512643519,1.875,74.68231334317399,61.28377403626819,17.94071274324074,1
46,107,913.924204780612,131.64838966699392,960.6581908526531,5.576181742894557,2.10169491796311,1.875,74.70721837283995,60.808843416111614,18.603791252628316,1
46,108,915.714827068897,131.89980295469383,960.2284415034648,5.591429654137794,2.1108057915366696,1.875,74.73020685056862,61.48762649601666,17.720518800425612,1
46,109,917.4900907713649,132.14957971085937,959.8023782148724,5.6066468482093965,2.064979537038797,1.875,74.75142083857892,61.57195298425297,17.631059993877845,1
46,110,919.2509579268108,132.39783977745986,959.3797700975654,5.6218352491869545,2.077992978868351,1.875,74.77099269179439,61.751479775461895,17.412518474910254,1
46,111,920.9983396846872,132.6446970208057,958.9603984756751,5.636996679369374,2.0805790349689564,1.875,74.78904559435132,61.43425455548405,17.856613803179663,1
46,112,922.7330976821283,132.89025943778339,958.5440565562892,5.652132862030923,2.078732487876546,1.875,74.80569408703957,61.44008761297126,17.86709773525644,1
46,113,924.4560455986528,133.1346292916641,958.1305490563233,5.667245424530639,2.0577308447502776,1.875,74.82104458183245,61.103371965127394,18.333976347659668,1
46,114,926.1679508439256,133.3779032712995,957.7196917974578,5.682335901687851,2.06624451031035,1.875,74.8351958605411,62.78643637307856,16.1003914654222,1
46,115,927.869536340434,133.62017266835082,957.3113112782959,5.697405739347534,2.096903188084886,1.875,74.84823955537536,62.71769913279303,16.206848009575065,1
46,116,929.5614823687067,133.86152356794923,956.9052442315104,5.712456298070746,2.0809739584886073,1.875,74.860260609824,62.141190027580855,16.99041718347158,1
46,117,931.2444284478058,134.10203704885257,956.5013371725266,5.7274888568956115,2.1216687834607524,1.875,74.87133771879432,62.56235972897168,16.440173723158715,1
46,118,932.9189752283196,134.34178938976024,956.0994459452033,5.742504617123306,2.0682324603364792,1.875,74.88154374738872,62.73158367889376,16.225573700086347,1
46,119,934.5856863790101,134.58085227897288,955.6994352690376,5.757504706091353,2.1123556626825986,1.875,74.8909461280546,62.282953469594226,16.83513603487156,1
47,0,750.0,112.5,1000.0,4.0,2.022586748740164,1.875,59.93307149075715,48.05576949312155,19.817609380268973,1
47,1,749.9924268144482,112.48518694647498,1000.0018175645324,4.011651520295563,2.0219588244494227,1.875,59.92729741870306,48.53108131051356,19.016736277235815,1
47,2,749.9835477426928,112.46588562371312,1000.0039485417537,4.023300428818719,2.0337532008638366,1.875,59.92102916492581,47.93376302615137,20.00510723168799,1
47,3,749.9731953580822,112.44435947447292,1000.0064331140603,4.034946390716164,2.0538518234618226,1.875,59.91422514586288,47.789288935111784,20.237157672042983,1
47,4,749.9611835027289,112.4211945514622,1000.009315959345,4.046589033672125,2.0730472751209503,1.875,59.906840406549335,49.0515028832777,18.120363967793022,1
47,5,749.947305401172,112.3966790578748,1000.0126467037187,4.058227944135678,2.020217359670534,1.875,59.89882637025024,48.72802911758844,18.64944261781056,1
47,6,749.9313316085588,112.37098051912857,1000.0164804139459,4.069862663217117,2.0534477932291786,1.875,59.890130573694066,48.28769052394671,19.372874860359,1
47,7,749.9130077828352,112.34420321201536,1000.0208781321195,4.081492682232337,2.037398384768472,1.875,59.8806963878883,48.619856924483756,18.80545842429816,1
47,8,749.8920522705776,112.31641283059601,1000.0259074550614,4.093117437874488,2.0456668172289993,1.875,59.87046272469304,47.65032250529598,20.41096671590776,1
47,9,749.8681534964696,112.28764885580478,1000.0316431608474,4.1047363069929395,2.087926121241139,1.875,59.85936372956755,48.59058533822635,18.825422940095475,1
47,10,749.8409671470795,112.25793138375552,1000.0381678847009,4.116348600960825,2.0454256175647276,1.875,59.847328461196255,48.209104062045405,19.446522841360963,1
47,11,749.8101131405812,112.22726512753492,1000.0455728462605,4.127953559614496,2.04268662310774,1.875,59.834280559052615,48.800924364067896,18.43985770681324,1
47,12,749.7751723754739,112.19564183868901,1000.0539586298863,4.139550344750948,2.0516982018719925,1.875,59.82013790037909,48.53741733439324,18.861074149938307,1
47,13,749.7356832532582,112.16304177878324,1000.063436019218,4.151138033173183,2.021482420788131,1.875,59.80481224855996,48.292835917590715,19.24924750724628,1
47,14,749.6911379725302,112.12943458463165,1000.0741268865927,4.1627156092783935,2.0474868633159353,1.875,59.78820889544932,48.62421895056161,18.6725612811215,1
47,15,749.6409785951558,112.09477972605946,1000.0861651371627,4.174281957190312,2.0381495089834956,1.875,59.77022630089974,48.68244705036701,18.550673030270634,1
47,16,749.5845928892147,112.05902667726534,1000.0996977065885,4.185835852445096,2.0235787690141596,1.875,59.75075573352886,48.40913970493139,18.981544064777705,1
47,17,749.5213099583734,112.02211487891185,1000.1148856099904,4.19737595325008,2.0445135356030995,1.875,59.72968091766968,47.945710033818784,19.728836154496978,1
47,18,749.450395673412,111.98397354231153,1000.1319050383811,4.208900791346824,2.0455116700475506,1.875,59.70687769248644,48.22116485138339,19.23683382048366,1
47,19,749.371047928932,111.94452133159798,1000.1509484970563,4.220408762524531,2.0747413277309272,1.875,59.6822136904077,48.290412242032154,19.087431152384465,1
47,20,749.282391756954,111.9036659503925,1000.1722259783311,4.231898116847241,2.0534832438729227,1.875,59.65554804333789,48.020644168771184,19.503473283179478,1
47,21,749.1834743393472,111.86130365388681,1000.1959661585566,4.243366948678695,2.051197211049333,1.875,59.6267311265587,48.25633323846219,19.069296057774253,1
47,22,749.0732599729207,111.8173187041398,1000.222417606499,4.254813186612508,2.030940303501709,1.875,59.595604351819965,49.20669736460448,17.432337670216484,1
47,23,748.9506250547098,111.77158278494642,1000.2518499868696,4.266234583442753,2.039396852606071,1.875,59.56200002283539,48.29068468225434,18.923668339309895,1
47,24,748.8143531705608,111.72395439240954,1000.2845552390654,4.277628706341122,2.064505702236071,1.875,59.52574126822433,48.13379984503152,19.137840504766615,1
47,25,748.663130387622,111.67427821802725,1000.3208487069708,4.28899292744191,2.0545312787292858,1.875,59.486642068846834,48.49831633647419,18.471921342702974,1
47,26,748.4955408707314,111.6223845425072,1000.3610701910245,4.300324415074796,2.0513598417103025,1.875,59.44450739842388,49.01925331713615,17.537792030831344,1
47,27,748.310062963856,111.56808866049415,1000.4055848886745,4.311620125927712,2.0303804521904953,1.875,59.39913349825992,48.761201546242816,17.909237602479067,1
47,28,748.1050659004139,111.51119035883856,1000.4547841839006,4.322876798467495,2.0559086412295797,1.875,59.35030830871336,48.578097435505725,18.150218895537126,1
47,29,747.8788073301188,111.45147347384051,1000.5090862407715,4.3340909479935705,2.053290520614737,1.875,59.297812081694474,48.85000743587599,17.619207655460485,1
47,30,747.6294318743362,111.38870555596996,1000.5689363501593,4.345258863748672,2.040064274715626,1.875,59.24141819978757,48.40676707026247,18.288980005485335,1
47,31,747.354970946026,111.32263767376664,1000.6348069729538,4.356376608558719,2.0725752919924822,1.875,59.180894228446746,48.09577220096745,18.730913366548894,1
47,32,747.0533440930981,111.25300439181515,1000.7071974176565,4.3674400215195295,2.0664745667270026,1.875,59.11600322792942,48.23077333985901,18.413338679377546,1
47,33,746.722362144093,111.17952396069232,1000.7866330854176,4.378444724288186,2.021768160634381,1.875,59.0465053510089,47.74078832038149,19.147139976225937,1
47,34,746.3597324508473,111.1018987593759,1000.8736642117966,4.3893861315683615,2.044649436513561,1.875,58.97215975082748,48.465178878212114,17.816849369278753,1
47,35,745.9630665322574,111.01981603252857,1000.9688640322582,4.4002594663978485,2.0048864418817183,1.875,58.892726820276316,48.16708439378879,18.21216813277997,1
47,36,745.5298904241706,110.93294896602836,1001.0728262981991,4.411059780848341,2.0643133758787666,1.875,58.80797077977883,47.73927536177829,18.821760504966306,1
47,37,745.0576580302883,110.84095814376869,1001.1861620727308,4.421781982727243,2.0337865006684686,1.875,58.717662624074805,48.23525590928624,17.85222068851678,1
47,38,744.543767745138,110.74349342673398,1001.3094957411669,4.432420868823609,2.0634365921279083,1.875,58.62158343035064,48.53075085318154,17.21351076972904,1
47,39,743.9855825799626,110.64019629129112,1001.443460180809,4.442971165159925,2.034739017155067,1.875,58.51952801968311,47.7409028940444,18.418851775450584,1
47,40,743.3804539632952,110.53070265715432,1001.5886910488091,4.453427574593257,2.0795195424747073,1.875,58.41130895119085,47.75049577666968,18.251282784005856,1
47,41,742.725749307919,110.41464622625267,1001.7458201660994,4.463784831949171,2.0566115433330814,1.875,58.29676081356154,48.56553952703379,16.692559158902668,1
47,42,742.0188833334719,110.29166234150091,1001.9154679999667,4.474037766666943,2.061520007053192,1.875,58.175744761936436,48.09765499091827,17.32352514309729,1
47,43,741.2573530087551,110.16139235911498,1002.0982352778988,4.484181372684176,2.072027155276377,1.875,58.0481532298616,47.97269130114881,17.357075751946045,1
47,44,740.4387758308897,110.02348850966023,1002.2946938005865,4.494210884995113,2.0622272412131277,1.875,57.91391472673955,47.644604644241824,17.732025422478063,1
47,45,739.5609309925637,109.87761920172588,1002.5053765617847,4.504121861985127,2.0696650825178966,1.875,57.772998611746914,47.81304796544957,17.239802131842605,1
47,46,738.6218028085214,109.72347469850205,1002.7307673259548,4.5139102722837094,2.016904451369218,1.875,57.62541971656098,47.65088892393583,17.309254911610758,1
47,47,737.6196255851265,109.56077307240098,1002.9712898595697,4.523572584503587,2.0030728715373773,1.875,57.471242672706694,47.70774103706862,16.988499259082136,1
47,48,736.5529289315002,109.38926631733001,1003.22729705644,4.533105857863,2.041794802309541,1.875,57.310585786300045,48.0181520844768,16.214166326048225,1
47,49,735.420582338606,109.20874647369328,1003.4990602387346,4.542507831343879,2.0562584584748715,1.875,57.14362429491056,47.65249274725523,16.609257226445553,1
47,50,734.2218377065317,109.01905159932234,1003.7867589504324,4.551777008746397,2.0254813681801282,1.875,56.970592839654074,47.468362641447655,16.679184338051055,1
47,51,732.9563683936927,108.82007140211682,1004.0904715855137,4.560912736787386,2.0336526727290134,1.875,56.79178699175393,47.50423321048005,16.353691745291297,1
47,52,731.6243033081485,108.6117523390502,1004.4101672060444,4.569915273282963,2.024098788661059,1.875,56.60756368765817,47.105122867025145,16.786521449791326,1
47,53,730.2262545726071,108.39410198307051,1004.7456989025743,4.578785842478547,2.0233081845427368,1.875,56.418340450887314,47.00728611885543,16.68084218149644,1
47,54,728.7633373801043,108.16719246570294,1005.096799028775,4.587526674760209,2.08691557130108,1.875,56.22459331201855,47.13014437848289,16.175215146628076,1
47,55,727.2371808216844,107.93116281974893,1005.4630766027957,4.5961410283100355,2.0458132631428816,1.875,56.02685337978492,46.031037730034,17.841115548633528,1
47,56,725.6499287103017,107.6862200736278,1005.8440171095276,4.604633190753937,2.0357520908181974,1.875,55.825702064623144,46.78847043738754,16.188299104190786,1
47,57,724.0042297400943,107.43263898609554,1006.2389848623774,4.613008459480189,2.0362486796690207,1.875,55.621765008857984,46.954891586472364,15.581802233362044,1
47,58,722.3032166943483,107.17076035593819,1006.6472279933564,4.6212731000553635,2.0478965964300806,1.875,55.415704832168,46.73599290214991,15.662909921123374,1
47,59,720.5504748301998,106.90098789360393,1007.067886040752,4.629434282993733,2.050563850340611,1.875,55.20821285372743,46.20444763447831,16.30874240233846,1
47,60,718.75,106.62378369775116,1007.5,4.6375,2.0370393031096605,1.875,55.0,45.842114263249115,16.650701339547062,1
47,61,716.9061474919403,106.33966243600918,1007.9425246019343,4.645478961650547,2.0683980968503097,1.875,54.79178714627257,45.90874991930947,16.21235168557082,1
47,62,715.023572958915,106.04918438233015,1008.3943424898604,4.6533804792511635,2.0569117700134005,1.875,54.584295167831996,45.73386033905668,16.214251373151583,1
47,63,713.1071671293695,105.75294750972661,1008.8542798889513,4.661214334258739,2.0248052550892224,1.875,54.378234991142016,45.89373486805449,15.602750115868266,1
47,64,711.1619862358457,105.4515788739368,1009.321123303397,4.668990639138358,2.031531755255451,1.875,54.174297935376856,45.471768242341774,16.06394549573325,1
47,65,709.1931802410396,105.14572554835547,1009.7936367421505,4.6767196938154125,2.021492063472497,1.875,53.97314662021508,45.293710342703314,16.081026994007008,1
47,66,707.2059209798724,104.83604538204305,1010.2705789648306,4.684411841959745,2.0469479765468264,1.875,53.77540668798145,45.23233119011282,15.88658463791398,1
47,67,705.2053322698489,104.5231978504404,1010.7507202552363,4.692077331206365,2.0628303655102607,1.875,53.581659549112686,45.23068170855898,15.585515474561287,1
47,68,703.196423879088,104.20783525325582,1011.2328582690188,4.699726181091509,2.1082121094033153,1.875,53.39243631234183,45.205885076169544,15.332792061185524,1
47,69,701.1840309967686,103.89059448745454,1011.7158325607755,4.707368061993537,2.011756082477716,1.875,53.20821300824607,44.7927466452843,15.81610410719405,1
47,70,699.172760544189,103.57208958768506,1012.1985374693946,4.715012187755045,2.0439408702260766,1.875,53.029407160345926,44.55365500300791,15.983116936815337,1
47,71,697.1669453188906,103.2529051846069,1012.6799331234663,4.722667223971115,2.047918049865793,1.875,52.85637570508944,44.40382172089952,15.991550444833164,1
47,72,695.1706066027496,102.93359098640576,1013.15905441534,4.730341213205499,2.0531222291599325,1.875,52.68941421369995,43.8851292773885,16.709779502582165,1
47,73,693.1874255096262,102.61465734318813,1013.6350178776897,4.738041517685919,2.069349002616907,1.875,52.528757327293306,43.855039674330975,16.51232219128773,1
47,74,691.2207230181758,102.29657191051889,1014.1070264756378,4.745774779369685,2.041194722140738,1.875,52.37458028343902,43.945314399767796,16.094192713438478,1
47,75,689.2734483457273,101.97975738921578,1014.5743723970255,4.7535468966914545,2.052584234602017,1.875,52.227001388253086,43.97990956559116,15.790858374872862,1
47,76,687.3481750799785,101.66459028518175,1015.0364379808051,4.761363016826624,2.0514988464946615,1.875,52.08608527326045,44.22971584724916,15.083432330908025,1
47,77,685.4471043021517,101.35140060647939,1015.4926949674835,4.769227541937637,2.0618381419344076,1.875,51.9518467701384,43.77971967493402,15.730195562367705,1
47,78,683.5720738092664,101.04047239539415,1015.942702285776,4.777144147618533,2.0556559885138417,1.875,51.824255238063564,44.218061574858474,14.676899124289855,1
47,79,681.7245724717332,100.73204498075808,1016.386102606784,4.785115811610133,2.062550599074722,1.875,51.70323918643846,43.415771878245536,16.028913156308956,1
47,80,679.9057587400763,100.42631482978263,1016.8226179023817,4.793144850813486,2.072023119928871,1.875,51.58869104880915,43.49922051360556,15.680705152123315,1
47,81,678.1164823339237,100.12343787825564,1017.2520442398583,4.8012329646678475,2.0272103361557274,1.875,51.48047198031689,43.164389589953224,16.153858095052527,1
47,82,676.3573081990883,99.82353222221217,1017.6742460322188,4.809381283064843,2.017020685911409,1.875,51.37841656964936,42.39982525944633,17.47541459949727,1
47,83,674.6285418960199,99.52668106203328,1018.0891499449552,4.817590417125373,2.0274850273567573,1.875,51.282337375925195,43.00761771197039,16.13561332685944,1
47,84,672.9302556769353,99.23293580032768,1018.4967386375355,4.82586051135387,2.0489760106707124,1.875,51.19202922022117,42.443967714721325,17.088717987456352,1
47,85,671.2623146121367,98.94231920694841,1018.8970444930872,4.83419129589094,1.9988905946358946,1.875,51.10727317972368,43.15025380258454,15.569250484480968,1
47,86,669.6244022321705,98.6548285772569,1019.2901434642791,4.842582137797674,2.0483716955642732,1.875,51.02784024917251,43.09919762304332,15.537876162136355,1
47,87,668.0160452564819,98.37043882258094,1019.6761491384443,4.851032090512963,2.0764376551177826,1.875,50.9534946489911,42.761406354255456,16.077578880839035,1
47,88,666.4366370773137,98.08910544417817,1020.0552071014447,4.859539940821294,2.0476487048149044,1.875,50.88399677207058,42.28685849272363,16.89556407657384,1
47,89,664.8854597571083,97.81076735352443,1020.427489658294,4.86810425284755,2.0608377636460693,1.875,50.819105771553254,42.259018423408946,16.84423056679589,1
47,90,663.3617043769916,97.53534951213135,1020.793190949522,4.876723408753983,2.0346734479298587,1.875,50.75858180021243,41.548961459803365,18.1439670175547,1
47,91,661.8644896422711,97.262765373216,1021.1525224858549,4.885395645951209,2.0448037270127366,1.875,50.702187918305526,42.40967814313035,16.35532925824932,1
47,92,660.3928787081636,96.99291911533706,1021.5057091100407,4.894119090749661,2.0716521647789694,1.875,50.64969169128664,42.01426013739533,17.049326986084846,1
47,93,658.9458942356069,96.7257076645979,1021.8529853834543,4.902891788471214,2.028691626168934,1.875,50.60086650174007,42.13266051278792,16.735298374111725,1
47,94,657.5225317237662,96.4610225072602,1022.1945923862961,4.911711730114199,2.046158524228134,1.875,50.55549260157612,41.665771502589415,17.58408560875057,1
47,95,656.1217711937032,96.19875129871869,1022.5307749135112,4.92057687572074,2.0173475347917527,1.875,50.513357931153166,42.284875711967686,16.289715346978976,1
47,96,654.7425873177566,95.93877927787985,1022.8617790437384,4.929485174635513,2.0612338021622794,1.875,50.47425873177566,41.84563615649487,17.095095187299332,1
47,97,653.3839581026007,95.68099049819762,1023.1878500553759,4.938434582871868,2.0292096479089063,1.875,50.43799997716461,41.49448097542888,17.73170824732312,1
47,98,652.0448722418379,95.42526888808231,1023.5092306619589,4.9474230778170085,2.0448359558618785,1.875,50.404395648180035,41.62353386616528,17.420825444083675,1
47,99,650.7243352573634,95.17149915424177,1023.8261595382328,4.956448670514726,2.0736602023039645,1.875,50.3732688734413,40.88891062691033,18.828157192576956,1
47,100,649.4213745485637,94.91956754185472,1024.1388701083447,4.965509415763794,2.0249722812214066,1.875,50.34445195666211,41.382448062303425,17.801373430529,1
47,101,648.1350434655023,94.66936246542272,1024.4475895682795,4.974603420264338,2.0363052459922195,1.875,50.3177863095923,41.351979634763886,17.818364702421782,1
47,102,646.8644245173316,94.42077502379144,1024.7525381158405,4.983728849034663,2.0390046462934284,1.875,50.29312230751356,40.64592494104439,19.1819416330569,1
47,103,645.6086318208356,94.17369941225392,1025.0539283629994,4.992883930308338,2.011278843405396,1.875,50.27031908233032,41.05558746970607,18.330362290982883,1
47,104,644.3668128867707,93.92803324391647,1025.351964907175,5.002066959106875,2.056638844052017,1.875,50.24924426647114,41.150704633558036,18.10681885017744,1
47,105,643.1381498339091,93.68367779167474,1025.646844039862,5.011276299667818,2.0530233053072777,1.875,50.22977369910026,39.64349111129191,21.075712288144306,1
47,106,641.921860112747,93.4405381612593,1025.9387535729406,5.020510386892161,2.0565345153380066,1.875,50.21179110455068,40.25118269949328,19.837190002478668,1
47,107,640.7171968129254,93.19852340490158,1026.227872764898,5.029767726959184,2.009111473217875,1.875,50.19518775144004,39.9697856770051,20.371279663440614,1
47,108,639.5234486207354,92.95754658426753,1026.5143723310234,5.03904689724147,2.004862073728231,1.875,50.17986209962092,40.5630867060475,19.164611043532677,1
47,109,638.3399394857568,92.71752479042914,1026.7984145234184,5.04834654563818,2.0318421483627875,1.875,50.165719440947385,39.962568123748675,20.338891639358142,1
47,110,637.1660280487929,92.47837912780744,1027.0801532682897,5.05766538943092,2.0469274842951166,1.875,50.152671538803745,40.016626039512154,20.210380002288026,1
47,111,636.0011068768752,92.24003466823206,1027.3597343495499,5.06700221375375,2.066087251658643,1.875,50.14063627043245,40.71750979495263,18.793392298925742,1
47,112,634.8446015452478,92.00242038053122,1027.6372956291405,5.076355869757162,2.0421137884654823,1.875,50.12953727530696,40.59578871298825,19.0182257417622,1
47,113,633.6959696008981,91.76546904039162,1027.9129672957845,5.08572527253513,2.073977648394117,1.875,50.1193036121117,40.153413226881575,19.884335309921973,1
47,114,632.554699437383,91.52911712461389,1028.1868721350281,5.095109398874766,2.0811349025131647,1.875,50.109869426305934,39.867747207032785,20.43933128649581,1
47,115,631.4203091063773,91.29330469333235,1028.4591258144694,5.104507284879421,2.0073607299992373,1.875,50.10117362974976,39.44992342717602,21.25948242507656,1
47,116,630.2923450875288,91.05797526326894,1028.729837178993,5.113918023508391,2.033112140087204,1.875,50.093159593450665,40.018627904496725,20.111591623921274,1
47,117,629.1703810347962,90.823075674644,1028.999108551649,5.123340762069592,2.023369375826543,1.875,50.08577485413712,39.56976067584572,20.996009763084995,1
47,118,628.0540165144536,90.58855595397014,1029.2670360365312,5.132774699695574,2.0214763034102305,1.875,50.07897083507419,39.49750375597399,21.129561775437242,1
47,119,626.9428757473265,90.35436917460592,1029.5337098206417,5.142219084827986,2.0733200219599506,1.875,50.07270258129694,39.76491325075387,20.58564606894858,1
48,0,875.0,131.25,950.0,4.25,1.8648759316081744,1.6921875,69.89960723613572,59.11966774413742,15.42203156532965,1
48,1,874.9886402216723,131.23257856908293,950.0027263467987,4.263675197110011,1.848873519910505,1.6921875,69.8909461280546,58.72427237033016,15.97728228956121,1
48,2,874.9753216140393,131.20985168814747,950.0059228126306,4.277346476561412,1.84632714185107,1.6921875,69.88154374738872,59.28668466900405,15.161169187508921,1
48,3,874.9597930371232,131.18447082108042,950.0096496710904,4.291013336074246,1.8319073915015143,1.6921875,69.87133771879432,59.536562139907296,14.79115173160214,1
48,4,874.9417752540934,131.1571166113989,950.0139739390175,4.304675217174854,1.8347608521798664,1.6921875,69.860260609824,59.27905885067164,15.146238600868303,1
48,5,874.9209581017581,131.128119331845,950.018970055578,4.318331499536849,1.8397397356267808,1.6921875,69.84823955537537,59.114793118699104,15.366810251769966,1
48,6,874.8969974128382,131.09766679906684,950.0247206209189,4.331981494825676,1.8004529141289123,1.6921875,69.8351958605411,59.017101671312766,15.490891170165494,1
48,7,874.8695116742529,131.06587167848684,950.0313171981793,4.345624440015173,1.8191800574564625,1.6921875,69.82104458183245,58.664643439978725,15.978565214357507,1
48,8,874.8380784058663,131.03280032180928,950.0388611825921,4.359259490145066,1.8687616231709274,1.6921875,69.80569408703956,58.891576226064494,15.634996548227756,1
48,9,874.8022302447043,130.99848716547908,950.0474647412709,4.372885710489409,1.8138135228620977,1.6921875,69.78904559435132,58.801134431501275,15.744464004734004,1
48,10,874.7614507206191,130.96294261836994,950.0572518270515,4.386502068107905,1.8078705549031695,1.6921875,69.77099269179439,59.331014570536354,14.963207084318666,1
48,11,874.7151697108717,130.92615762409815,950.0683592693908,4.4001074227550765,1.8199659445982774,1.6921875,69.75142083857892,59.06560409630078,15.319855300163157,1
48,12,874.6627585632108,130.88810635970555,950.0809379448294,4.413700517126421,1.8610016937658143,1.6921875,69.73020685056862,58.785393994323364,15.695942046608177,1
48,13,874.6035248798875,130.84874780983358,950.095154028827,4.4272799664264415,1.8445200081270634,1.6921875,69.70721837283995,58.60847874306793,15.9219373385532,1
48,14,874.5367069587954,130.80802661910175,950.1111903298892,4.440844247250924,1.8827949508638815,1.6921875,69.68231334317399,59.2236806615361,15.00902048146828,1
48,15,874.4614678927338,130.76587345572415,950.1292477057439,4.454391685785468,1.8300274307063917,1.6921875,69.65533945134962,58.662669547862876,15.781517956946448,1
48,16,874.3768893338222,130.72220502828966,950.1495465598827,4.467920445334311,1.8315996284248153,1.6921875,69.62613360029329,58.78700077047591,15.567621336037702,1
48,17,874.2819649375601,130.6769238462863,950.1723284149856,4.481428513208454,1.8729384505615978,1.6921875,69.59452137650452,58.54679580236947,15.874418496776693,1
48,18,874.1755935101181,130.629917784974,950.1978575575716,4.494913687020237,1.8365755879474117,1.6921875,69.56031653872965,58.871336431404295,15.366491469851159,1
48,19,874.0565718933979,130.58105949734764,950.2264227455845,4.508373560453462,1.8315313534747104,1.6921875,69.52332053561155,58.83067573400934,15.379939737091775,1
48,20,873.9235876354309,130.53020570528165,950.2583389674966,4.521805508604195,1.831558143279198,1.6921875,69.48332206500683,59.11454156945494,14.922689628816425,1
48,21,873.7752115090208,130.4771963958083,950.293949237835,4.535206673018042,1.8460592484114564,1.6921875,69.44009668983806,58.97800269163003,15.066358626973312,1
48,22,873.6098899593811,130.42185394530904,950.3336264097485,4.548573946585429,1.7731997722387023,1.6921875,69.39340652772995,58.87072941502587,15.163799616177032,1
48,23,873.4259375820646,130.36398219327938,950.3777749803045,4.561903958497463,1.8007667722782061,1.6921875,69.34300003425308,58.98199794969877,14.941669785611127,1
48,24,873.2215297558413,130.30336548771763,950.4268328585981,4.575193059511682,1.863369506833018,1.6921875,69.2886119023365,58.543931930663625,15.507136997949514,1
48,25,872.9946955814329,130.2397677257318,950.4812730604561,4.588437307829532,1.8286439450347536,1.6921875,69.22996310327025,58.59604090122165,15.360288703586326,1
48,26,872.743311306097,130.17293141543783,950.5416052865368,4.601632455945527,1.8585881949967438,1.6921875,69.16676109763583,58.808171075673066,14.976254283962454,1
48,27,872.4650944457841,130.10257678846222,950.6083773330118,4.6147739388915685,1.8684461470929343,1.6921875,69.09870024738989,58.889388248329446,14.774969662972905,1
48,28,872.157598850621,130.0284009962345,950.682176275851,4.627856864367908,1.8387285630943242,1.6921875,69.02546246307004,58.73732108488268,14.904849617909791,1
48,29,871.8182109951781,129.95007742762144,950.7636293611573,4.6408760053236895,1.8502394014667545,1.6921875,68.94671812254171,58.1775830183213,15.61950357822689,1
48,30,871.4441478115042,129.86725519017565,950.853404525239,4.653825795623009,1.835586438592018,1.6921875,68.86212729968135,58.63620225767234,14.849853530528861,1
48,31,871.0324564190389,129.77955880216777,950.9522104594306,4.666700329504745,1.848387936024763,1.6921875,68.77134134267013,58.578190329218586,14.821800497770807,1
48,32,870.5800161396471,129.68658814743262,951.0607961264847,4.679493365612627,1.8131048707983544,1.6921875,68.67400484189412,58.57226886558962,14.709694009489308,1
48,33,870.0835432161397,129.5879187496182,951.1799496281265,4.69219833643228,1.8122227489042408,1.6921875,68.56975802651336,57.95205400233166,15.484528937780748,1
48,34,869.539598676271,129.48310242636046,951.310496317695,4.704808364019208,1.8484220091113177,1.6921875,68.45823962624122,58.68879822755952,14.27065821735928,1
48,35,868.9445997983861,129.37166838682992,951.4532960483873,4.717316282930105,1.8432213783614793,1.6921875,68.33909023041447,58.854215090842715,13.879135802938286,1
48,36,868.2948356362559,129.25312483756102,951.6092394472986,4.729714671272512,1.8205789216755293,1.6921875,68.21195616966824,57.96394234450394,15.023779408515594,1
48,37,867.5864870454325,129.12696116097655,951.7792431090962,4.741995890757532,1.432478963945447,1.6921875,68.07649393611221,57.921936325422266,14.91639334455106,1
48,38,866.815651617707,128.99265072801367,951.9642436117504,4.754152136568747,1.4170336451462064,1.6921875,67.93237514552597,57.928294323073175,14.726528847286538,1
48,39,865.9783738699439,128.84965440017416,952.1651902712134,4.766175497739888,1.4216474565575161,1.6921875,67.77929202952465,57.338276559680786,15.404432765830252,1
48,40,865.0706809449428,128.6974247666116,952.3830365732138,4.778058028556552,1.4250560256657325,1.6921875,67.61696342678627,57.47843924893244,14.99405424917009,1
48,41,864.0886239618786,128.5354111480353,952.6187302491492,4.789791831257091,1.4385125209138263,1.6921875,67.44514122034231,57.55495485403636,14.664045752376515,1
48,42,863.0283250002078,128.3630653808783,952.8732019999501,4.801369150000416,1.4561121889644288,1.6921875,67.26361714290465,58.162454237768145,13.530587993507195,1
48,43,861.8860295131326,128.17984837214422,953.1473529168481,4.812782475692932,1.447467186941846,1.6921875,67.0722298447924,57.118031896380245,14.8410124002833,1
48,44,860.6581637463345,127.9852373876743,953.4420407008797,4.8240246608260025,1.4639834794591886,1.6921875,66.87087209010933,57.97146885891473,13.308340317743339,1
48,45,859.3413964888455,127.77873400464054,953.7580648426771,4.835089042977691,1.4342553697077667,1.6921875,66.65949791762037,57.76703413679401,13.340130151919102,1
48,46,857.932704212782,127.55987262364766,954.0961509889323,4.845969575092231,1.4228460567206742,1.6921875,66.43812957484147,56.68910080475418,14.673845926239034,1
48,47,856.4294383776898,127.32822939813086,954.4569347893545,4.856660960088713,1.418673870709176,1.6921875,66.20686400906004,57.64493755747384,12.932082767754338,1
48,48,854.8293933972503,127.08343140043614,954.84094558466,4.8671587867945005,1.4040579610093784,1.6921875,65.96587867945007,56.98722797198752,13.611052997706238,1
48,49,853.130873507909,126.82516580717878,955.2485903581019,4.877459663682485,1.434562437348412,1.6921875,65.71543644236584,56.723090380478865,13.683765259283486,1
48,50,851.3327565597974,126.55318885366187,955.6801384256486,4.887561346452928,1.4250091274848655,1.6921875,65.45588925948111,56.74844363054963,13.302768822547515,1
48,51,849.4345525905392,126.2673342810105,956.1357073782706,4.897462855181079,1.4226363126429133,1.6921875,65.1876804876309,56.14788580422543,13.86733599935456,1
48,52,847.4364549622227,125.96752098299002,956.6152508090665,4.907164576591112,1.438180198340477,1.6921875,64.91134553148726,56.75082274235696,12.5717973064844,1
48,53,845.3393818589105,125.65375955479057,957.1185483538615,4.9166683470511545,1.4512710098546762,1.6921875,64.62751067633097,56.03057676760793,13.302282292410124,1
48,54,843.1450060701565,125.326157455477,957.6451985431625,4.925977512140313,1.4088550011740544,1.6921875,64.33688996802782,55.981014360995474,12.987689661692995,1
48,55,840.8557712325266,124.98492252068603,958.1946149041936,4.9350969591317195,1.4652353896775212,1.6921875,64.04028006967738,56.124472416333745,12.36066994824358,1
48,56,838.4748930654525,124.63036460288083,958.7660256642914,4.944033119464239,1.4479588530174925,1.6921875,63.73855309693472,55.99633724805246,12.146833388432524,1
48,57,836.0063446101415,124.26289517225696,959.358477293566,4.952793939220283,1.4422948907319795,1.6921875,63.43264751328697,55.566768292892455,12.400364053458253,1
48,58,833.4548250415226,123.88302478018825,959.9708419900346,4.961388816749712,1.4471256974145672,1.6921875,63.123557248252,55.17005984441244,12.599887824065558,1
48,59,830.8257122452998,123.49135836565277,960.601829061128,4.969828507823933,1.4055902992542815,1.6921875,62.81231928059115,55.311208640189626,11.942101050102995,1
48,60,828.125,123.08858846909884,961.25,4.978125,1.4586343215965922,1.6921875,62.5,54.58956531370193,12.656695498076909,1
48,61,825.3592212379104,122.6754865026903,961.9137869029015,4.986291359142488,1.4503179891299258,1.6921875,62.18768071940886,55.206096780474226,11.226635015439115,1
48,62,822.5353594383726,122.25289230549495,962.5915137347906,4.994341552210079,1.4338346354464655,1.6921875,61.876442751748,54.2225261054025,12.36967787087159,1
48,63,819.6607506940543,121.8217022818026,963.281419833427,5.002290251388109,1.436339932952143,1.6921875,61.56735248671303,54.080369125704635,12.160638810356792,1
48,64,816.7429793537685,121.38285647588256,963.9816849550956,5.010152625374204,1.4215449572824799,1.6921875,61.26144690306528,54.13620592672756,11.630872818939567,1
48,65,813.7897703615595,120.9373249736836,964.6904551132258,5.017944124056452,1.40180496998101,1.6921875,60.95971993032263,53.32741125678806,12.520248915609105,1
48,66,810.8088814698087,120.48609403919181,965.4058684472459,5.025680262939618,1.4342653770890867,1.6921875,60.66311003197218,53.548184680201366,11.72858652980523,1
48,67,807.8079984047735,120.03015238988495,966.1260803828544,5.033376413476214,1.4407506510224066,1.6921875,60.37248932366903,53.88974464862181,10.73791183313964,1
48,68,804.794635818632,119.5704779929804,966.8492874035284,5.041047604970597,1.4359698402031242,1.6921875,60.08865446851274,53.26929623330466,11.348828319631487,1
48,69,801.776046495153,119.10802572436901,967.5737488411633,5.048708342990306,1.4143689007693152,1.6921875,59.81231951236911,53.06938229322073,11.273492274035537,1
48,70,798.7591408162835,118.64371617873508,968.2978062040919,5.056372448299234,1.4233517421793942,1.6921875,59.54411074051889,52.6345301482308,11.60413768273177,1
48,71,795.7504179783359,118.17842585655626,969.0198996851993,5.064052919290005,1.4317025869802247,1.6921875,59.28456355763416,52.69757258138581,11.110802848105186,1
48,72,792.7559099041245,117.71297888591134,969.7385816230101,5.071761819808249,1.4076800283941078,1.6921875,59.03412132054993,51.45282620733572,12.842225722389369,1
48,73,789.7811382644393,117.24814036863135,970.4525268165346,5.079510193195545,1.4296109055398494,1.6921875,58.79313599093996,52.06709596461987,11.440179049739033,1
48,74,786.8310845272638,116.78461137518863,971.1605397134567,5.087308002387861,1.4369249469977579,1.6921875,58.56187042515854,52.07547659910031,11.076138413898118,1
48,75,783.9101725185909,116.32302555399215,971.8615585955382,5.095164095037182,1.4426270129652012,1.6921875,58.340502082379636,51.3172134017557,12.038444013914567,1
48,76,781.0222626199678,115.86394727076015,972.5546569712077,5.103086191906602,1.3873711563988143,1.6921875,58.12912790989067,51.1498089270724,12.006577827276743,1
48,77,778.1706564532276,115.40787115377464,973.2390424512254,5.1110808962397885,1.4544387395267637,1.6921875,57.927770155207604,50.93897099336241,12.06467837985114,1
48,78,775.3581107138997,114.95522289163645,973.914053428664,5.119153721427799,1.434445964755163,1.6921875,57.73638285709534,50.95221513950257,11.750247213069137,1
48,79,772.5868587075997,114.50636111142818,974.579153910176,5.127309134081866,1.4135737119966114,1.6921875,57.554858779657685,50.78474044556424,11.762896265651671,1
48,80,769.8586381101144,114.06158015615567,975.2339268535725,5.135550609553562,1.466621995281642,1.6921875,57.38303657321373,50.3805879329801,12.20299422687289,1
48,81,767.1747235008856,113.62111357975095,975.8780663597875,5.143880697001771,1.4112982710449617,1.6921875,57.220707970475345,50.16406261375071,12.33232794037731,1
48,82,764.5359622986324,113.1851381842992,976.5113690483282,5.152301091263931,1.3893918773094305,1.6921875,57.06762485447403,50.06715551786131,12.26697160511648,1
48,83,761.9428128440298,112.75377843592106,977.1337249174328,5.160812709021393,1.4429250470345794,1.6921875,56.923506063887785,50.31488635440754,11.609649802777602,1
48,84,759.395383515403,112.32711111134113,977.7451079563033,5.169415767030806,1.8299996636302753,1.6921875,56.788043830331766,50.05139731243999,11.86279023454156,1
48,85,756.8934719182051,111.90517004517032,978.3455667396307,5.178109860503077,1.8166537974338897,1.6921875,56.66090976958552,49.6219268338165,12.422996673356293,1
48,86,754.4366033482557,111.4879508670709,978.9352151964187,5.186894040029845,1.8033758507483637,1.6921875,56.54176037375878,49.47411010696018,12.499876586931869,1
48,87,752.0240678847227,111.07541563722175,979.5142237076666,5.195766885769445,1.8277733764112365,1.6921875,56.430241973486645,49.459707482896995,12.352480242535034,1
48,88,749.6549556159706,110.66749730705224,980.082810652167,5.204726577898608,1.8214076218749549,1.6921875,56.325995158105876,49.21122842997986,12.631408833798702,1
48,89,747.3281896356624,110.264103949472,980.641234487441,5.213770962604658,1.8272119583694544,1.6921875,56.22865865732988,48.91618286880025,13.004891034469642,1
48,90,745.0425565654873,109.8651227184038,981.189786424283,5.222897613130975,1.8354868060008684,1.6921875,56.13787270031865,48.862465883661116,12.959890474467942,1
48,91,742.7967344634067,109.4704235111021,981.7287837287824,5.23210388559348,1.8491030402626405,1.6921875,56.05328187745829,48.65624757410546,13.196433920718448,1
48,92,740.5893180622454,109.07986231842975,982.258563665061,5.241386969457825,1.8268818524991477,1.6921875,55.97453753692996,48.45472626539233,13.434342832357176,1
48,93,738.4188413534105,108.69328425799182,982.7794780751815,5.250743932706821,1.819586277144788,1.6921875,55.901299752610115,48.23241065604755,13.718623950607686,1
48,94,736.2837975856493,108.31052629289263,983.2918885794442,5.260171761837965,1.8745027337430724,1.6921875,55.83323890236418,47.95059055897161,14.118200015544483,1
48,95,734.1826567905548,107.9314196450411,983.7961623702669,5.269667396914443,1.8283064328040215,1.6921875,55.77003689672975,47.91396969264374,14.08653757685908,1
48,96,732.1138809766351,107.55579191656783,984.2926685656076,5.27922776195327,1.8289361272367197,1.6921875,55.7113880976635,47.77670654759905,14.242476845406818,1
48,97,730.0759371539011,107.18346893623422,984.7817750830637,5.288849790974469,1.8394643615060278,1.6921875,55.65699996574692,47.21926385789027,15.160242400865123,1
48,98,728.0673083627568,106.81427634990689,985.2638459929384,5.298530450058847,1.8546229889322479,1.6921875,55.60659347227005,47.78437055727775,14.067078068526346,1
48,99,726.0865028860451,106.4480409754357,985.7392393073492,5.30826675577209,1.809022127760345,1.6921875,55.55990331016194,46.72976347969331,15.893007914672872,1
48,100,724.1320618228455,106.08459194278535,986.208305162517,5.318055790312358,1.8143381165587797,1.6921875,55.51667793499317,47.19641556995481,14.986960089328305,1
48,101,722.2025651982535,105.72376164018986,986.6713843524192,5.32789471372984,1.8854853974554233,1.6921875,55.476679464388454,47.34557952074903,14.65678916283902,1
48,102,720.2966367759975,105.36538648656534,987.1288071737606,5.337780773551994,1.7977277664979785,1.6921875,55.43968346127035,46.763854166942025,15.649132088550214,1
48,103,718.4129477312537,105.00930754955057,987.5808925444991,5.347711312129174,1.832815310756148,1.6921875,55.40547862349548,46.93506213214586,15.288048586151232,1
48,104,716.5502193301561,104.65537102744561,988.0279473607626,5.357683771993646,1.8075845822753993,1.6921875,55.37386639970671,46.66009381778668,15.736254570018945,1
48,105,714.7072247508636,104.30342861206951,988.4702660597927,5.367695699501727,1.819526776729397,1.6921875,55.34466054865038,46.242422389014834,16.446461265462602,1
48,106,712.8827901691205,103.95333774822652,988.9081303594111,5.377744747004908,1.8390714724155868,1.6921875,55.31768665682601,46.686250120621196,15.6033938833191,1
48,107,711.075795219388,103.60496180410618,989.3418091473469,5.38782867377211,1.85070038502084,1.6921875,55.29278162716005,46.502016532141674,15.89857633550546,1
48,108,709.2851729311029,103.2581701655886,989.7715584965352,5.397945345862206,1.8239321688188024,1.6921875,55.26979314943137,46.39028839969306,16.065746303285493,1
48,109,707.5099092286351,102.91283826610997,990.1976217851276,5.408092735123937,1.8400606482436934,1.6921875,55.24857916142108,46.09789495962251,16.562750283700144,1
48,110,705.7490420731895,102.56884756248836,990.6202299024345,5.418268917479712,1.8216456970475718,1.6921875,55.22900730820562,45.76397842203365,17.137785644692734,1
48,111,704.0016603153128,102.22608546592758,991.0396015243249,5.428472070630626,1.8353572982040989,1.6921875,55.210954405648685,46.527138381741565,15.728429470907082,1
48,112,702.2669023178718,101.88444523631946,991.4559434437108,5.43870047130241,1.8399044090834356,1.6921875,55.19430591296044,45.487661242370436,17.586315309222393,1
48,113,700.5439544013473,101.54382584695391,991.8694509436766,5.448952492136028,1.817231770582219,1.6921875,55.178955418167554,45.37852997752368,17.76116522390184,1
48,114,698.8320491560744,101.2041318258248,992.2803082025422,5.459226598312149,1.877425428432589,1.6921875,55.164804139458894,45.32853566620679,17.8306959060085,1
48,115,697.130463659566,100.86527307888527,992.6886887217041,5.469521343985798,1.8520169701738134,1.6921875,55.151760444624635,45.19016743617574,18.062148747637664,1
48,116,695.4385176312933,100.52716469985641,993.0947557684896,5.4798353685959205,1.8391032503072002,1.6921875,55.139739390176004,45.40590884876136,17.65302239195726,1
48,117,693.7555715521942,100.18972677052352,993.4986628274734,5.490167393104389,1.8224415024854093,1.6921875,55.12866228120568,44.83925426067347,18.664352797183774,1
48,118,692.0810247716804,99.85288415485982,993.9005540547967,5.500516216210027,1.8670569533707144,1.6921875,55.11845625261128,45.23990568449374,17.922400661665,1
48,119,690.4143136209899,99.5165662897913,994.3005647309624,5.5108807105753135,1.8496930058554224,1.6921875,55.109053871945406,45.04474016985467,18.262541261326604,1
49,0,750.0,112.5,1000.0,4.0,2.0463600268910205,1.875,59.89960723613573,47.99297390531512,19.877648419099614,1
49,1,749.9886402216723,112.48497764376818,1000.0027263467987,4.011643947110011,2.023493606024311,1.875,59.8909461280546,48.65887659049969,18.75420286989505,1
49,2,749.9753216140393,112.46536331443635,1000.0059228126306,4.023283976561412,2.0162882297889912,1.875,59.88154374738872,48.59566276598183,18.847010740098096,1
49,3,749.9597930371232,112.44343662576597,1000.0096496710904,4.034919586074246,2.032434567790072,1.875,59.87133771879432,47.84532624829731,20.086425205632082,1
49,4,749.9417752540934,112.4197790035017,1000.0139739390175,4.046550217174853,1.995186162042477,1.875,59.860260609824,48.83090018901769,18.425179423619518,1
49,5,749.9209581017581,112.39466970436138,1000.018970055578,4.058175249536849,2.007849219470789,1.875,59.848239555375365,48.38114768812494,19.16028266235024,1
49,6,749.8969974128382,112.36826480925383,1000.0247206209189,4.069793994825677,2.053036564718646,1.875,59.835195860541106,48.04088448404672,19.711327433411572,1
49,7,749.8695116742529,112.34065510871874,1000.0313171981793,4.081405690015172,2.034887041464035,1.875,59.821044581832446,48.561948990662025,18.821295532157574,1
49,8,749.8380784058663,112.3118908597669,1000.0388611825921,4.093009490145066,2.0518238725275157,1.875,59.80569408703956,48.29136428056923,19.252898879014246,1
49,9,749.8022302447043,112.28199410636502,1000.0474647412709,4.1046044604894085,2.0506956414246127,1.875,59.789045594351315,48.395324622419515,19.056535956827922,1
49,10,749.7614507206191,112.25096538973825,1000.0572518270515,4.116189568107905,2.0265492172398556,1.875,59.77099269179438,48.76382265584742,18.415571735113705,1
49,11,749.7151697108717,112.21878759049604,1000.0683592693908,4.127763672755076,2.050105960530335,1.875,59.75142083857892,47.8665042249787,19.890600837271883,1
49,12,749.6627585632108,112.18542816054156,1000.0809379448294,4.139325517126421,2.0563910418145412,1.875,59.73020685056863,48.235628326648964,19.244163263449735,1
49,13,749.6035248798875,112.15084038066294,1000.095154028827,4.1508737164264415,2.0401688250181444,1.875,59.70721837283995,48.40540303182104,18.92872528484757,1
49,14,749.5367069587954,112.1149639901789,1000.1111903298892,4.162406747250924,2.0300985987713847,1.875,59.68231334317399,48.93088083731094,18.014436612136983,1
49,15,749.4614678927338,112.07772538904163,1000.1292477057439,4.173922935785468,2.016091194325738,1.875,59.65533945134962,48.390231126950205,18.88365472060784,1
49,16,749.3768893338222,112.03903753448549,1000.1495465598827,4.185420445334311,2.0535845804542046,1.875,59.62613360029329,48.409357472602274,18.811845495270955,1
49,17,749.2819649375601,111.99879961024554,1000.1723284149856,4.196897263208453,2.042137832661547,1.875,59.594521376504524,48.26774503301075,19.006405424307044,1
49,18,749.1755935101181,111.95689652072733,1000.1978575575716,4.208351187020236,2.029893949915147,1.875,59.56031653872966,48.116950521929084,19.21307118869897,1
49,19,749.0565718933979,111.91319824732297,1000.2264227455845,4.2197798104534625,2.069128417856462,1.875,59.523320535611546,48.253327944125495,18.933743094428767,1
49,20,748.9235876354309,111.86755909512807,1000.2583389674966,4.231180508604195,2.088601262167234,1.875,59.48332206500683,48.5923251803883,18.309328575690877,1
49,21,748.7752115090208,111.81981685329735,1000.293949237835,4.2425504230180415,1.992604954538978,1.875,59.44009668983806,48.56890454394972,18.289324464956476,1
49,22,748.6098899593811,111.7697918898587,1000.3336264097485,4.253886446585429,2.0448943527166548,1.875,59.39340652772995,47.91660751291731,19.323355378604667,1
49,23,748.4259375820646,111.71728620120926,1000.3777749803045,4.265185208497463,2.0720426528276255,1.875,59.34300003425308,48.21100144636963,18.75873916293077,1
49,24,748.2215297558413,111.66208243726928,1000.4268328585981,4.276443059511682,2.0355389016254706,1.875,59.2886119023365,48.41009167627114,18.34841443747251,1
49,25,747.994695581433,111.60394292507728,1000.481273060456,4.287656057829532,2.0688141556222313,1.875,59.22996310327026,48.34149233699462,18.383382659366294,1
49,26,747.743311306097,111.54260871627633,1000.5416052865368,4.298819955945527,2.046793935789013,1.875,59.16676109763582,48.06230078924274,18.76807197552815,1
49,27,747.4650944457841,111.4777986873227,1000.6083773330118,4.309930188891568,2.0684726858117486,1.875,59.098700247389885,48.30515670353755,18.263588706130705,1
49,28,747.157598850621,111.40920872522283,1000.682176275851,4.3209818643679085,2.0414486862827665,1.875,59.02546246307004,48.11915788099678,18.47728781269086,1
49,29,746.8182109951781,111.33651103605177,1000.7636293611573,4.33196975532369,2.0664940607428477,1.875,58.94671812254171,48.14039544941223,18.33235677457852,1
49,30,746.4441478115042,111.259353618286,1000.853404525239,4.342888295623008,2.0665455011938128,1.875,58.86212729968135,48.05016273330101,18.368287152338226,1
49,31,746.0324564190389,111.17735994792667,1000.9522104594306,4.353731579504744,2.060403658506761,1.875,58.77134134267012,48.218591524343786,17.95560485304877,1
49,32,745.5800161396471,111.09012892728758,1001.0607961264847,4.364493365612628,2.0269424490594274,1.875,58.674004841894124,48.070353751002315,18.072144758935295,1
49,33,745.0835432161397,110.99723515390806,1001.1799496281265,4.375167086432279,2.0021454905030835,1.875,58.569758026513355,47.816922542609184,18.35902323352024,1
49,34,744.539598676271,110.89822957000875,1001.310496317695,4.385745864019208,2.0144014207259135,1.875,58.45823962624122,48.60923710317466,16.847928685566277,1
49,35,743.9445997983861,110.79264055584848,1001.4532960483873,4.396222532930105,2.014636936510774,1.875,58.33909023041448,48.742222552277624,16.45014970276932,1
49,36,743.2948356362559,110.67997553182026,1001.6092394472986,4.406589671272512,2.056243139484476,1.875,58.211956169668234,47.796412927386186,17.892446719921676,1
49,37,742.5864870454325,110.5597231336383,1001.7792431090962,4.416839640757532,2.062084750843523,1.875,58.076493936112215,47.71141111266928,17.847294354313423,1
49,38,741.815651617707,110.43135602197002,1001.9642436117504,4.426964636568747,2.017766571222954,1.875,57.93237514552597,47.83648578882543,17.427024753153468,1
49,39,740.9783738699439,110.29433438179292,1002.1651902712134,4.436956747739888,2.059959002757631,1.875,57.779292029524655,48.16864528153147,16.63337574832561,1
49,40,740.0706809449428,110.14811015705165,1002.3830365732138,4.4468080285565526,2.0559121510222864,1.875,57.61696342678627,47.556548576283284,17.460855713589854,1
49,41,739.0886239618786,109.99213205236344,1002.6187302491492,4.45651058125709,2.0736830704727227,1.875,57.445141220342315,48.00651122562714,16.430684639648497,1
49,42,738.0283250002079,109.82585131519178,1002.8732019999501,4.466056650000415,2.051337899386537,1.875,57.26361714290466,47.92533073668552,16.307538489779486,1
49,43,736.8860295131326,109.6487282888801,1003.1473529168481,4.475438725692932,2.0896537550508025,1.875,57.072229844792396,47.34606952074768,17.04184390638836,1
49,44,735.6581637463345,109.4602396992663,1003.4420407008797,4.484649660826002,2.0279639951854462,1.875,56.87087209010933,47.19816874081672,17.008185374696996,1
49,45,734.3413964888455,109.2598866056664,1003.7580648426771,4.493682792977691,2.0189645482317893,1.875,56.65949791762037,47.44387850984513,16.264915409547434,1
49,46,732.932704212782,109.04720291159497,1004.0961509889323,4.502532075092231,2.0137594848042326,1.875,56.43812957484146,47.538939364567426,15.768045959909072,1
49,47,731.4294383776898,108.82176429289557,1004.4569347893545,4.511192210088713,2.0325139161076367,1.875,56.20686400906004,47.47230319487041,15.540025169847041,1
49,48,729.8293933972503,108.5831973626567,1004.84094558466,4.5196587867945,1.9948167828646974,1.875,55.96587867945007,46.80225017751414,16.373598910903358,1
49,49,728.130873507909,108.33118885549821,1005.2485903581019,4.527928413682485,2.0200973405159814,1.875,55.71543644236584,47.2202243343525,15.247501680797404,1
49,50,726.3327565597974,108.06549458100105,1005.6801384256486,4.535998846452928,2.079538044801183,1.875,55.45588925948111,46.02758297664157,17.001451800229887,1
49,51,724.4345525905392,107.78594786992815,1006.1357073782706,4.543869105181078,2.063274779997782,1.875,55.18768048763089,46.900270641226385,15.016775072222774,1
49,52,722.4364549622227,107.49246722019738,1006.6152508090665,4.551539576591112,2.052471239335323,1.875,54.91134553148726,46.602204844595875,15.13191965424842,1
49,53,720.3393818589105,107.18506284488298,1007.1185483538615,4.559012097051154,2.0562786491266176,1.875,54.627510676330964,46.5373416418062,14.809697411363237,1
49,54,718.1450060701565,106.86384183393828,1007.6451985431625,4.566290012140313,2.0241082080215795,1.875,54.33688996802782,46.45168407370182,14.511698956207663,1
49,55,715.8557712325266,106.52901166621733,1008.1946149041936,4.57337820913172,2.050144475549015,1.875,54.04028006967738,45.991242571017764,14.89451477357539,1
49,56,713.4748930654525,106.1808818491004,1008.7660256642914,4.580283119464238,2.0572900478159277,1.875,53.73855309693472,45.39855535585846,15.519580004382325,1
49,57,711.0063446101415,105.81986351881379,1009.358477293566,4.587012689220282,2.0148887051361184,1.875,53.43264751328697,45.53104123269631,14.787974484374535,1
49,58,708.4548250415226,105.44646690332873,1009.9708419900346,4.5935763167497115,2.0768283274587223,1.875,53.123557248252,45.076993776425596,15.146883771777484,1
49,59,705.8257122452998,105.06129662827621,1010.601829061128,4.599984757823933,2.0494606376444358,1.875,52.81231928059115,45.00604436970965,14.781162837039712,1
49,60,703.125,104.66504493033489,1011.25,4.60625,2.0289379802460474,1.875,52.5,45.16027229819261,13.980433717728364,1
49,61,700.3592212379104,104.25848292702858,1011.9137869029015,4.612385109142488,2.0611450588188953,1.875,52.18768071940886,44.60053476298264,14.538193404721515,1
49,62,697.5353594383726,103.84245017149482,1012.5915137347906,4.618404052210078,2.073702553950442,1.875,51.876442751748,44.77067383694557,13.697486831945508,1
49,63,694.6607506940543,103.41784279040894,1013.281419833427,4.624321501388108,2.041123989540841,1.875,51.56735248671303,44.51582397782294,13.674404771326978,1
49,64,691.7429793537685,102.98560055837126,1013.9816849550956,4.630152625374204,2.086684499124231,1.875,51.26144690306528,44.46497445304954,13.258448328366102,1
49,65,688.7897703615595,102.5466932992588,1014.6904551132258,4.635912874056452,2.03198361012593,1.875,50.95971993032263,43.9781947784518,13.70008540356322,1
49,66,685.8088814698087,102.10210702225542,1015.4058684472459,4.641617762939617,2.0485829262545363,1.875,50.66311003197218,43.98366431376194,13.184042025834996,1
49,67,682.8079984047735,101.65283019699713,1016.1260803828544,4.647282663476213,2.050748503248491,1.875,50.37248932366903,44.140231821155446,12.372343686388296,1
49,68,679.794635818632,101.19984054952873,1016.8492874035284,4.652922604970597,2.041423820257083,1.875,50.08865446851274,42.830462771049575,14.490690106331144,1
49,69,676.776046495153,100.74409272096261,1017.5737488411633,4.6585520929903055,2.050248120221051,1.875,49.81231951236911,43.00934950114464,13.657203835961088,1
49,70,673.7591408162835,100.28650707733881,1018.2978062040919,4.6641849482992335,2.0158769290281295,1.875,49.54411074051889,42.68875125476409,13.836880677218911,1
49,71,670.7504179783359,99.82795989637923,1019.0198996851993,4.669834169290005,2.03878978946756,1.875,49.28456355763416,43.0465832337764,12.657067190141516,1
49,72,667.7559099041245,99.36927508906268,1019.7385816230101,4.675511819808249,2.016292582473149,1.875,49.03412132054993,42.57939190576674,13.163750549513868,1
49,73,664.7811382644393,98.91121754555594,1020.4525268165346,4.681228943195545,2.09036716126153,1.875,48.79313599093996,42.270764054281464,13.36739646713748,1
49,74,661.8310845272638,98.45448812989378,1021.1605397134567,4.686995502387861,2.041872739037803,1.875,48.56187042515854,42.29190622164878,12.911290583777568,1
49,75,658.9101725185909,97.9997202890764,1021.8615585955382,4.692820345037182,2.0564011807493787,1.875,48.340502082379636,42.30675472337204,12.481763943463324,1
49,76,656.0222626199678,97.54747819225392,1022.5546569712077,4.698711191906602,2.042615326273133,1.875,48.12912790989067,41.87761185824484,12.989049091747882,1
49,77,653.1706564532276,97.09825627580241,1023.2390424512254,4.704674646239789,2.060319564608587,1.875,47.927770155207604,41.379775960031814,13.662213313849142,1
49,78,650.3581107138997,96.65248004090907,1023.914053428664,4.710716221427799,2.0436779450314657,1.875,47.73638285709534,41.266106588952795,13.554182116211248,1
49,79,647.5868587075997,96.2105079315737,1024.579153910176,4.716840384081866,2.021203552538298,1.875,47.554858779657685,40.94037704164653,13.909160720377542,1
49,80,644.8586381101144,95.77263411189654,1025.2339268535725,4.723050609553562,2.075880839366444,1.875,47.38303657321373,41.22079787558543,13.005157844003381,1
49,81,642.1747235008856,95.3390919609347,1025.8780663597875,4.729349447001772,2.0343588305167963,1.875,47.220707970475345,40.683647053444965,13.843631741221806,1
49,82,639.5359622986324,94.91005810978969,1026.5113690483283,4.735738591263932,2.065385346619657,1.875,47.06762485447403,40.66170802546183,13.61002780322638,1
49,83,636.9428128440298,94.48565685735664,1027.1337249174328,4.742218959021393,2.0619557678809226,1.875,46.923506063887785,40.505087371040105,13.678472116104896,1
49,84,634.395383515403,94.06596481676591,1027.7451079563034,4.748790767030806,2.0502657768857087,1.875,46.788043830331766,40.10804185983535,14.277155921970602,1
49,85,631.8934719182051,93.65101566254417,1028.3455667396308,4.755453610503077,2.022055377625902,1.875,46.66090976958552,40.16860511974736,13.913797827555369,1
49,86,629.4366033482557,93.24080486766366,1028.9352151964185,4.762206540029845,2.0415225084709583,1.875,46.54176037375878,39.31117170068889,15.535700873804178,1
49,87,627.0240678847227,92.83529433889693,1029.5142237076666,4.769048135769445,2.0350443689668776,1.875,46.430241973486645,39.888347238661154,14.089727851431725,1
49,88,624.6549556159706,92.43441687744473,1030.0828106521672,4.775976577898607,2.0076342612057876,1.875,46.325995158105876,39.13738176746543,15.517450550401449,1
49,89,622.3281896356624,92.03808040906469,1030.6412344874411,4.7829897126046585,2.048700216857491,1.875,46.22865865732988,39.73943121876202,14.037239294934519,1
49,90,620.0425565654873,91.64617194350717,1031.189786424283,4.790085113130974,2.065957070209783,1.875,46.13787270031865,39.62365824031694,14.119017801955833,1
49,91,617.7967344634067,91.25856123674116,1031.7287837287824,4.79726013559348,2.0501131858056305,1.875,46.05328187745829,38.94230756042056,15.440754767399845,1
49,92,615.5893180622454,90.8751041411418,1032.258563665061,4.804511969457824,2.0628236823197654,1.875,45.97453753692996,38.59280504471284,16.05613212811025,1
49,93,613.4188413534105,90.49564563853929,1032.7794780751815,4.811837682706821,2.0264098838264135,1.875,45.901299752610115,38.337048973372305,16.47938254473432,1
49,94,611.2837975856493,90.12002255889382,1033.2918885794443,4.819234261837965,2.0677352412504075,1.875,45.83323890236418,38.318948446859395,16.394849317788847,1
49,95,609.1826567905548,89.74806599352263,1033.7961623702668,4.826698646914442,2.0659696170014317,1.875,45.77003689672975,38.46761344317452,15.954593766292078,1
49,96,607.1138809766351,89.37960341644185,1034.2926685656075,4.8342277619532705,2.067992341821998,1.875,45.7113880976635,37.950619021374756,16.977758495777184,1
49,97,605.0759371539011,89.01446053070312,1034.7817750830636,4.841818540974469,2.033447235697466,1.875,45.65699996574692,38.25058831392011,16.22185351070656,1
49,98,603.0673083627568,88.6524628587986,1035.2638459929383,4.8494679500588465,2.0373383506971035,1.875,45.60659347227005,37.23143991946625,18.36390950333992,1
49,99,601.0865028860451,88.29343709747221,1035.7392393073492,4.85717300577209,2.0185123597829104,1.875,45.55990331016194,37.49438582483099,17.703104921936855,1
49,100,599.1320618228455,87.937212257787,1036.208305162517,4.864930790312358,2.025174626223898,1.875,45.51667793499317,37.90413905615698,16.72472426416621,1
49,101,597.2025651982535,87.58362061121775,1036.6713843524192,4.87273846372984,2.0526985226480012,1.875,45.476679464388454,37.63803245365749,17.236630077332705,1
49,102,595.2966367759975,87.23249846200441,1037.1288071737606,4.880593273551995,2.08613092899589,1.875,45.43968346127035,37.838151626208806,16.72883976302468,1
49,103,593.4129477312537,86.88368676513542,1037.5808925444992,4.888492562129174,2.0619939346351273,1.875,45.40547862349548,36.88880430548833,18.756931049285587,1
49,104,591.5502193301561,86.53703160823106,1038.0279473607625,4.896433771993646,2.0471483475557264,1.875,45.37386639970671,37.28777070725299,17.821041789169616,1
49,105,589.7072247508636,86.19238457434821,1038.4702660597927,4.9044144495017274,2.03765300424589,1.875,45.34466054865038,37.57659043812906,17.131168293093612,1
49,106,587.8827901691205,85.84960300139532,1038.908130359411,4.912432247004908,2.0469816270425856,1.875,45.31768665682601,36.57911919670328,19.282907193159822,1
49,107,586.075795219388,85.50855015248311,1039.3418091473468,4.9204849237721096,2.026010001416125,1.875,45.29278162716005,37.492327301167194,17.222290276195526,1
49,108,584.2851729311029,85.16909531018226,1039.7715584965354,4.928570345862206,2.0375550892856684,1.875,45.26979314943137,36.07129793596631,20.319278206334385,1
49,109,582.5099092286351,84.8311138063431,1040.1976217851275,4.936686485123937,2.033970659219776,1.875,45.24857916142108,36.02314514972008,20.388339662091752,1
49,110,580.7490420731895,84.49448699787696,1040.6202299024346,4.944831417479712,2.0643037648005222,1.875,45.22900730820562,35.88916164883466,20.650123041007994,1
49,111,579.0016603153128,84.15910219771735,1041.039601524325,4.953003320630626,2.01791344702437,1.875,45.210954405648685,36.32093483454887,19.663419381363664,1
49,112,577.2669023178718,83.82485256908079,1041.4559434437108,4.96120047130241,2.0681451521714354,1.875,45.19430591296044,36.221279290430275,19.854329967609825,1
49,113,575.5439544013473,83.49163699013714,1041.8694509436766,4.969421242136027,2.0208046400751254,1.875,45.178955418167554,36.14208714734533,20.002384267583757,1
49,114,573.8320491560744,83.15935989527678,1042.280308202542,4.9776640983121485,2.0366015995515836,1.875,45.164804139458894,36.32368885293716,19.57523220785444,1
49,115,572.130463659566,82.82793109832865,1042.6886887217042,4.9859275939857985,2.0630533088593674,1.875,45.151760444624635,35.72860450693116,20.869963529440433,1
49,116,570.4385176312933,82.4972656023329,1043.0947557684897,4.99421036859592,2.061553005039169,1.875,45.139739390176004,35.85537517156309,20.568050112920055,1
49,117,568.7555715521942,82.16728339980229,1043.4986628274735,5.002511143104388,2.073293738165512,1.875,45.12866228120568,35.89070758409669,20.470260429049404,1
49,118,567.0810247716804,81.83790926681212,1043.9005540547967,5.010828716210027,2.056897463328659,1.875,45.11845625261128,35.941632765652905,20.339400434223094,1
49,119,565.4143136209899,81.50907255373252,1044.3005647309624,5.019161960575313,2.0462656424622585,1.875,45.109053871945406,35.19023424008998,21.988533964850504,1
